ID,category_ind
0,42
1,173
2,34
3,71
4,34
5,48
6,34
7,34
8,34
9,49
10,75
11,217
12,44
13,48
14,37
15,34
16,148
17,48
18,29
19,82
20,158
21,34
22,171
23,48
24,34
25,42
26,34
27,26
28,34
29,37
30,221
31,34
32,48
33,72
34,34
35,42
36,219
37,42
38,48
39,34
40,42
41,42
42,48
43,34
44,34
45,34
46,34
47,34
48,48
49,5
50,42
51,48
52,48
53,71
54,48
55,48
56,34
57,42
58,48
59,42
60,34
61,89
62,158
63,72
64,48
65,34
66,48
67,34
68,34
69,48
70,76
71,170
72,34
73,48
74,44
75,20
76,34
77,207
78,34
79,167
80,34
81,44
82,34
83,34
84,71
85,34
86,34
87,34
88,34
89,48
90,34
91,34
92,44
93,48
94,34
95,42
96,48
97,48
98,34
99,48
100,48
101,75
102,37
103,37
104,34
105,48
106,71
107,48
108,72
109,48
110,42
111,34
112,34
113,48
114,207
115,34
116,170
117,34
118,170
119,34
120,170
121,173
122,44
123,204
124,171
125,173
126,34
127,42
128,34
129,42
130,37
131,167
132,34
133,173
134,48
135,75
136,34
137,48
138,158
139,72
140,42
141,48
142,89
143,71
144,71
145,34
146,34
147,48
148,207
149,48
150,48
151,34
152,48
153,44
154,105
155,171
156,57
157,48
158,34
159,82
160,34
161,48
162,173
163,91
164,71
165,34
166,87
167,81
168,34
169,159
170,48
171,221
172,13
173,221
174,34
175,44
176,42
177,34
178,34
179,34
180,48
181,34
182,42
183,34
184,48
185,71
186,167
187,48
188,48
189,72
190,34
191,166
192,34
193,34
194,26
195,37
196,48
197,34
198,82
199,48
200,42
201,34
202,34
203,42
204,37
205,48
206,29
207,34
208,72
209,34
210,173
211,171
212,72
213,37
214,34
215,34
216,34
217,44
218,34
219,34
220,44
221,34
222,42
223,81
224,42
225,22
226,48
227,34
228,48
229,71
230,34
231,48
232,89
233,81
234,76
235,4
236,11
237,48
238,48
239,34
240,48
241,182
242,221
243,26
244,4
245,34
246,48
247,217
248,34
249,120
250,34
251,173
252,48
253,167
254,34
255,72
256,75
257,81
258,48
259,48
260,48
261,81
262,44
263,48
264,26
265,71
266,48
267,87
268,34
269,44
270,48
271,42
272,34
273,71
274,82
275,54
276,170
277,42
278,42
279,34
280,34
281,48
282,34
283,42
284,208
285,48
286,34
287,159
288,34
289,34
290,42
291,48
292,221
293,48
294,13
295,34
296,34
297,48
298,48
299,48
300,48
301,34
302,221
303,34
304,48
305,185
306,48
307,34
308,44
309,42
310,81
311,48
312,173
313,42
314,26
315,173
316,34
317,48
318,71
319,173
320,42
321,173
322,42
323,42
324,219
325,34
326,34
327,89
328,81
329,48
330,81
331,34
332,26
333,76
334,72
335,34
336,42
337,75
338,34
339,34
340,34
341,34
342,34
343,48
344,72
345,42
346,48
347,42
348,34
349,159
350,71
351,26
352,48
353,173
354,72
355,48
356,44
357,37
358,48
359,34
360,42
361,173
362,42
363,173
364,34
365,34
366,34
367,42
368,71
369,34
370,42
371,81
372,48
373,13
374,159
375,34
376,57
377,34
378,71
379,34
380,221
381,208
382,44
383,54
384,13
385,99
386,87
387,48
388,221
389,173
390,71
391,42
392,34
393,34
394,34
395,48
396,34
397,34
398,34
399,72
400,34
401,48
402,34
403,173
404,48
405,48
406,44
407,37
408,34
409,161
410,71
411,81
412,42
413,34
414,48
415,42
416,34
417,48
418,182
419,81
420,48
421,71
422,221
423,71
424,34
425,221
426,57
427,207
428,81
429,34
430,34
431,207
432,13
433,170
434,48
435,221
436,221
437,173
438,48
439,182
440,221
441,82
442,48
443,159
444,34
445,44
446,34
447,4
448,34
449,171
450,48
451,34
452,71
453,48
454,48
455,81
456,48
457,76
458,89
459,44
460,34
461,34
462,71
463,109
464,44
465,34
466,81
467,4
468,37
469,48
470,34
471,29
472,34
473,34
474,167
475,48
476,34
477,42
478,48
479,34
480,48
481,42
482,72
483,48
484,48
485,164
486,42
487,57
488,103
489,48
490,42
491,72
492,212
493,48
494,42
495,34
496,71
497,173
498,34
499,170
500,170
501,34
502,34
503,42
504,34
505,167
506,13
507,71
508,48
509,34
510,48
511,34
512,24
513,71
514,48
515,170
516,82
517,167
518,48
519,34
520,34
521,34
522,209
523,69
524,34
525,57
526,72
527,26
528,48
529,42
530,207
531,5
532,34
533,82
534,34
535,42
536,48
537,48
538,37
539,44
540,82
541,76
542,44
543,71
544,34
545,221
546,34
547,34
548,167
549,75
550,34
551,29
552,81
553,221
554,34
555,82
556,155
557,34
558,167
559,27
560,34
561,72
562,29
563,34
564,34
565,34
566,58
567,75
568,48
569,42
570,34
571,34
572,48
573,34
574,48
575,76
576,48
577,34
578,71
579,44
580,207
581,34
582,48
583,34
584,34
585,34
586,34
587,34
588,34
589,221
590,34
591,220
592,91
593,34
594,48
595,155
596,54
597,34
598,37
599,34
600,44
601,221
602,34
603,13
604,34
605,72
606,34
607,34
608,42
609,48
610,44
611,13
612,42
613,48
614,48
615,34
616,34
617,173
618,34
619,19
620,37
621,48
622,48
623,37
624,34
625,82
626,48
627,48
628,42
629,34
630,173
631,34
632,34
633,28
634,34
635,37
636,81
637,71
638,34
639,42
640,46
641,173
642,75
643,42
644,109
645,81
646,20
647,167
648,34
649,170
650,42
651,34
652,44
653,42
654,221
655,34
656,34
657,48
658,48
659,48
660,34
661,89
662,48
663,207
664,34
665,48
666,221
667,26
668,72
669,73
670,71
671,34
672,34
673,34
674,87
675,34
676,42
677,173
678,42
679,109
680,48
681,108
682,34
683,75
684,82
685,48
686,37
687,48
688,34
689,34
690,72
691,34
692,42
693,48
694,105
695,170
696,34
697,13
698,42
699,42
700,42
701,34
702,34
703,34
704,183
705,72
706,34
707,37
708,34
709,167
710,48
711,72
712,48
713,217
714,44
715,72
716,48
717,82
718,48
719,34
720,34
721,48
722,72
723,3
724,34
725,71
726,42
727,34
728,113
729,167
730,81
731,48
732,34
733,48
734,34
735,48
736,81
737,34
738,81
739,48
740,72
741,48
742,34
743,34
744,72
745,221
746,48
747,34
748,42
749,76
750,48
751,37
752,48
753,159
754,44
755,221
756,48
757,34
758,109
759,71
760,170
761,183
762,42
763,48
764,42
765,48
766,44
767,34
768,48
769,57
770,37
771,34
772,37
773,71
774,42
775,72
776,207
777,34
778,44
779,71
780,72
781,34
782,42
783,34
784,37
785,173
786,34
787,34
788,34
789,34
790,173
791,171
792,167
793,34
794,71
795,34
796,71
797,42
798,48
799,48
800,13
801,81
802,221
803,42
804,48
805,48
806,82
807,81
808,37
809,48
810,13
811,81
812,48
813,48
814,173
815,81
816,167
817,44
818,173
819,34
820,34
821,103
822,42
823,48
824,48
825,34
826,34
827,34
828,105
829,44
830,34
831,34
832,44
833,82
834,48
835,75
836,34
837,34
838,42
839,72
840,207
841,81
842,205
843,42
844,48
845,42
846,57
847,34
848,34
849,34
850,34
851,48
852,34
853,48
854,34
855,34
856,34
857,42
858,82
859,13
860,34
861,48
862,34
863,34
864,75
865,81
866,48
867,37
868,34
869,72
870,48
871,34
872,48
873,48
874,37
875,167
876,42
877,34
878,42
879,34
880,81
881,42
882,42
883,34
884,105
885,48
886,34
887,37
888,170
889,37
890,48
891,75
892,34
893,44
894,207
895,48
896,34
897,173
898,42
899,34
900,221
901,37
902,34
903,48
904,34
905,213
906,167
907,34
908,34
909,34
910,48
911,42
912,34
913,34
914,34
915,87
916,48
917,48
918,44
919,173
920,48
921,221
922,37
923,48
924,48
925,48
926,167
927,48
928,48
929,171
930,75
931,42
932,48
933,87
934,221
935,71
936,167
937,34
938,48
939,173
940,72
941,34
942,34
943,81
944,34
945,34
946,37
947,71
948,44
949,34
950,18
951,34
952,34
953,33
954,34
955,81
956,34
957,48
958,37
959,71
960,89
961,173
962,48
963,42
964,152
965,42
966,48
967,72
968,34
969,34
970,170
971,146
972,167
973,54
974,42
975,22
976,57
977,34
978,48
979,81
980,171
981,48
982,221
983,82
984,81
985,37
986,34
987,48
988,72
989,42
990,13
991,89
992,34
993,71
994,34
995,48
996,173
997,81
998,34
999,75
1000,48
1001,48
1002,34
1003,48
1004,34
1005,48
1006,71
1007,34
1008,34
1009,37
1010,71
1011,48
1012,44
1013,48
1014,87
1015,42
1016,82
1017,34
1018,42
1019,34
1020,42
1021,42
1022,173
1023,48
1024,48
1025,48
1026,170
1027,34
1028,42
1029,37
1030,48
1031,34
1032,37
1033,34
1034,82
1035,37
1036,34
1037,34
1038,34
1039,42
1040,48
1041,217
1042,76
1043,42
1044,71
1045,34
1046,34
1047,81
1048,34
1049,81
1050,34
1051,48
1052,42
1053,48
1054,167
1055,48
1056,173
1057,71
1058,48
1059,42
1060,42
1061,55
1062,34
1063,44
1064,34
1065,173
1066,34
1067,42
1068,114
1069,34
1070,76
1071,34
1072,72
1073,34
1074,75
1075,34
1076,71
1077,81
1078,44
1079,207
1080,34
1081,34
1082,34
1083,34
1084,48
1085,81
1086,72
1087,42
1088,87
1089,34
1090,42
1091,48
1092,42
1093,81
1094,48
1095,44
1096,221
1097,4
1098,221
1099,81
1100,48
1101,48
1102,48
1103,34
1104,22
1105,34
1106,173
1107,42
1108,100
1109,42
1110,48
1111,37
1112,167
1113,34
1114,173
1115,81
1116,75
1117,54
1118,34
1119,48
1120,48
1121,221
1122,42
1123,48
1124,173
1125,182
1126,37
1127,87
1128,71
1129,34
1130,34
1131,34
1132,34
1133,37
1134,72
1135,87
1136,42
1137,34
1138,221
1139,81
1140,34
1141,71
1142,124
1143,48
1144,72
1145,42
1146,34
1147,34
1148,48
1149,34
1150,48
1151,34
1152,34
1153,34
1154,37
1155,71
1156,34
1157,48
1158,48
1159,34
1160,173
1161,48
1162,221
1163,71
1164,221
1165,34
1166,48
1167,34
1168,48
1169,34
1170,34
1171,34
1172,42
1173,71
1174,42
1175,34
1176,42
1177,37
1178,159
1179,34
1180,34
1181,34
1182,48
1183,207
1184,34
1185,82
1186,34
1187,152
1188,34
1189,34
1190,48
1191,34
1192,34
1193,48
1194,71
1195,48
1196,34
1197,71
1198,34
1199,44
1200,34
1201,71
1202,34
1203,42
1204,48
1205,34
1206,89
1207,44
1208,48
1209,34
1210,81
1211,72
1212,173
1213,44
1214,34
1215,37
1216,13
1217,44
1218,34
1219,37
1220,34
1221,48
1222,34
1223,71
1224,34
1225,34
1226,81
1227,34
1228,188
1229,42
1230,76
1231,34
1232,34
1233,81
1234,34
1235,81
1236,76
1237,48
1238,82
1239,36
1240,71
1241,82
1242,210
1243,34
1244,72
1245,44
1246,34
1247,34
1248,109
1249,34
1250,221
1251,82
1252,34
1253,34
1254,42
1255,34
1256,4
1257,71
1258,48
1259,173
1260,217
1261,197
1262,34
1263,34
1264,44
1265,34
1266,34
1267,82
1268,42
1269,167
1270,205
1271,48
1272,81
1273,42
1274,34
1275,42
1276,219
1277,34
1278,34
1279,34
1280,34
1281,34
1282,71
1283,48
1284,44
1285,48
1286,81
1287,34
1288,34
1289,170
1290,82
1291,71
1292,42
1293,34
1294,38
1295,34
1296,89
1297,27
1298,34
1299,42
1300,34
1301,82
1302,75
1303,42
1304,42
1305,34
1306,48
1307,34
1308,34
1309,48
1310,34
1311,48
1312,34
1313,34
1314,72
1315,34
1316,48
1317,87
1318,207
1319,48
1320,71
1321,72
1322,49
1323,36
1324,27
1325,170
1326,71
1327,34
1328,34
1329,34
1330,81
1331,44
1332,37
1333,48
1334,34
1335,34
1336,81
1337,48
1338,167
1339,81
1340,34
1341,42
1342,217
1343,34
1344,81
1345,34
1346,34
1347,48
1348,221
1349,103
1350,42
1351,13
1352,34
1353,58
1354,34
1355,34
1356,34
1357,71
1358,48
1359,48
1360,42
1361,42
1362,173
1363,34
1364,34
1365,81
1366,75
1367,167
1368,167
1369,48
1370,34
1371,173
1372,34
1373,208
1374,44
1375,82
1376,48
1377,155
1378,34
1379,44
1380,213
1381,27
1382,48
1383,152
1384,221
1385,48
1386,13
1387,34
1388,81
1389,44
1390,34
1391,57
1392,75
1393,26
1394,207
1395,87
1396,37
1397,42
1398,48
1399,37
1400,34
1401,13
1402,18
1403,34
1404,207
1405,75
1406,170
1407,48
1408,81
1409,48
1410,71
1411,173
1412,34
1413,37
1414,34
1415,34
1416,48
1417,71
1418,48
1419,34
1420,173
1421,209
1422,34
1423,71
1424,37
1425,48
1426,34
1427,37
1428,103
1429,48
1430,34
1431,147
1432,37
1433,82
1434,48
1435,48
1436,221
1437,34
1438,48
1439,48
1440,42
1441,167
1442,170
1443,34
1444,217
1445,11
1446,34
1447,34
1448,71
1449,34
1450,89
1451,4
1452,44
1453,81
1454,167
1455,42
1456,48
1457,1
1458,34
1459,48
1460,76
1461,170
1462,34
1463,34
1464,34
1465,87
1466,44
1467,173
1468,221
1469,173
1470,48
1471,34
1472,48
1473,105
1474,48
1475,34
1476,48
1477,34
1478,34
1479,71
1480,42
1481,34
1482,42
1483,167
1484,37
1485,37
1486,48
1487,48
1488,71
1489,48
1490,34
1491,212
1492,173
1493,44
1494,34
1495,173
1496,109
1497,48
1498,34
1499,34
1500,158
1501,57
1502,42
1503,42
1504,44
1505,34
1506,71
1507,34
1508,48
1509,48
1510,75
1511,204
1512,34
1513,173
1514,18
1515,34
1516,34
1517,34
1518,34
1519,48
1520,19
1521,34
1522,48
1523,34
1524,16
1525,221
1526,34
1527,34
1528,131
1529,48
1530,37
1531,75
1532,34
1533,34
1534,48
1535,71
1536,167
1537,34
1538,48
1539,213
1540,109
1541,173
1542,173
1543,42
1544,173
1545,44
1546,42
1547,44
1548,44
1549,48
1550,34
1551,48
1552,57
1553,76
1554,81
1555,42
1556,34
1557,34
1558,34
1559,34
1560,75
1561,42
1562,34
1563,48
1564,34
1565,34
1566,34
1567,71
1568,34
1569,71
1570,48
1571,44
1572,48
1573,42
1574,103
1575,89
1576,18
1577,173
1578,34
1579,29
1580,48
1581,34
1582,42
1583,173
1584,34
1585,34
1586,42
1587,48
1588,48
1589,34
1590,34
1591,82
1592,34
1593,34
1594,71
1595,72
1596,42
1597,48
1598,221
1599,42
1600,48
1601,75
1602,71
1603,48
1604,42
1605,48
1606,72
1607,37
1608,34
1609,48
1610,71
1611,48
1612,159
1613,162
1614,105
1615,29
1616,48
1617,34
1618,48
1619,109
1620,48
1621,48
1622,207
1623,48
1624,48
1625,42
1626,34
1627,81
1628,173
1629,48
1630,34
1631,221
1632,48
1633,173
1634,42
1635,48
1636,34
1637,71
1638,71
1639,34
1640,48
1641,48
1642,167
1643,34
1644,173
1645,34
1646,71
1647,71
1648,44
1649,81
1650,44
1651,34
1652,209
1653,76
1654,34
1655,34
1656,173
1657,42
1658,26
1659,221
1660,34
1661,207
1662,48
1663,34
1664,42
1665,34
1666,48
1667,173
1668,48
1669,131
1670,48
1671,212
1672,34
1673,48
1674,157
1675,34
1676,34
1677,34
1678,44
1679,34
1680,75
1681,34
1682,171
1683,72
1684,48
1685,34
1686,37
1687,71
1688,48
1689,48
1690,57
1691,34
1692,81
1693,34
1694,81
1695,48
1696,34
1697,34
1698,37
1699,34
1700,71
1701,34
1702,48
1703,54
1704,42
1705,34
1706,34
1707,48
1708,207
1709,34
1710,48
1711,82
1712,72
1713,34
1714,48
1715,167
1716,48
1717,34
1718,57
1719,48
1720,42
1721,89
1722,42
1723,48
1724,37
1725,167
1726,170
1727,48
1728,48
1729,48
1730,34
1731,48
1732,71
1733,34
1734,71
1735,48
1736,34
1737,37
1738,71
1739,42
1740,34
1741,34
1742,13
1743,72
1744,48
1745,76
1746,173
1747,81
1748,42
1749,48
1750,34
1751,71
1752,37
1753,34
1754,170
1755,75
1756,34
1757,34
1758,48
1759,158
1760,34
1761,81
1762,158
1763,34
1764,34
1765,4
1766,34
1767,57
1768,42
1769,34
1770,48
1771,48
1772,48
1773,34
1774,3
1775,167
1776,48
1777,75
1778,34
1779,153
1780,48
1781,34
1782,58
1783,48
1784,4
1785,120
1786,71
1787,34
1788,152
1789,127
1790,34
1791,173
1792,34
1793,170
1794,170
1795,34
1796,29
1797,34
1798,44
1799,34
1800,34
1801,34
1802,34
1803,34
1804,71
1805,221
1806,34
1807,71
1808,71
1809,48
1810,34
1811,75
1812,48
1813,34
1814,34
1815,34
1816,48
1817,48
1818,171
1819,37
1820,173
1821,38
1822,120
1823,27
1824,42
1825,57
1826,42
1827,48
1828,81
1829,34
1830,170
1831,37
1832,173
1833,72
1834,34
1835,207
1836,48
1837,72
1838,34
1839,42
1840,82
1841,34
1842,48
1843,72
1844,48
1845,76
1846,173
1847,173
1848,48
1849,44
1850,34
1851,34
1852,109
1853,72
1854,221
1855,34
1856,34
1857,48
1858,170
1859,56
1860,44
1861,82
1862,42
1863,81
1864,42
1865,34
1866,48
1867,48
1868,48
1869,159
1870,48
1871,42
1872,34
1873,82
1874,81
1875,207
1876,44
1877,34
1878,42
1879,170
1880,159
1881,34
1882,71
1883,19
1884,48
1885,109
1886,34
1887,48
1888,34
1889,72
1890,34
1891,14
1892,72
1893,48
1894,207
1895,34
1896,34
1897,127
1898,34
1899,48
1900,34
1901,72
1902,27
1903,34
1904,71
1905,34
1906,48
1907,71
1908,42
1909,37
1910,221
1911,13
1912,42
1913,34
1914,75
1915,34
1916,44
1917,48
1918,48
1919,34
1920,44
1921,34
1922,48
1923,33
1924,42
1925,44
1926,34
1927,173
1928,48
1929,48
1930,71
1931,42
1932,19
1933,34
1934,42
1935,42
1936,48
1937,34
1938,16
1939,171
1940,159
1941,57
1942,159
1943,82
1944,34
1945,42
1946,48
1947,48
1948,34
1949,159
1950,46
1951,42
1952,81
1953,34
1954,48
1955,171
1956,48
1957,29
1958,42
1959,221
1960,48
1961,48
1962,48
1963,81
1964,34
1965,48
1966,34
1967,4
1968,37
1969,48
1970,48
1971,34
1972,48
1973,48
1974,34
1975,34
1976,75
1977,48
1978,37
1979,37
1980,34
1981,42
1982,26
1983,48
1984,167
1985,42
1986,42
1987,221
1988,37
1989,221
1990,71
1991,72
1992,42
1993,81
1994,104
1995,81
1996,42
1997,158
1998,42
1999,221
2000,196
2001,13
2002,34
2003,34
2004,42
2005,34
2006,48
2007,34
2008,48
2009,72
2010,48
2011,48
2012,13
2013,34
2014,42
2015,7
2016,34
2017,27
2018,105
2019,34
2020,71
2021,37
2022,44
2023,81
2024,48
2025,34
2026,34
2027,48
2028,72
2029,27
2030,48
2031,34
2032,48
2033,34
2034,214
2035,34
2036,4
2037,42
2038,146
2039,48
2040,37
2041,34
2042,34
2043,34
2044,37
2045,214
2046,34
2047,34
2048,42
2049,48
2050,173
2051,34
2052,34
2053,34
2054,89
2055,34
2056,57
2057,71
2058,37
2059,42
2060,48
2061,48
2062,34
2063,37
2064,221
2065,34
2066,42
2067,34
2068,34
2069,34
2070,48
2071,42
2072,34
2073,127
2074,34
2075,13
2076,170
2077,170
2078,44
2079,48
2080,75
2081,48
2082,173
2083,72
2084,42
2085,48
2086,75
2087,44
2088,42
2089,101
2090,48
2091,34
2092,72
2093,221
2094,48
2095,81
2096,75
2097,34
2098,57
2099,34
2100,173
2101,34
2102,207
2103,71
2104,221
2105,207
2106,34
2107,44
2108,72
2109,42
2110,81
2111,167
2112,72
2113,42
2114,34
2115,48
2116,42
2117,27
2118,34
2119,34
2120,48
2121,34
2122,170
2123,71
2124,48
2125,42
2126,4
2127,7
2128,42
2129,14
2130,37
2131,34
2132,34
2133,34
2134,71
2135,173
2136,34
2137,42
2138,42
2139,34
2140,72
2141,89
2142,34
2143,37
2144,34
2145,207
2146,75
2147,42
2148,170
2149,27
2150,34
2151,48
2152,26
2153,48
2154,34
2155,34
2156,34
2157,44
2158,34
2159,34
2160,34
2161,48
2162,48
2163,34
2164,34
2165,34
2166,42
2167,34
2168,34
2169,34
2170,42
2171,42
2172,170
2173,81
2174,48
2175,37
2176,37
2177,34
2178,44
2179,48
2180,48
2181,34
2182,34
2183,221
2184,72
2185,48
2186,167
2187,44
2188,34
2189,34
2190,42
2191,173
2192,37
2193,33
2194,48
2195,48
2196,48
2197,42
2198,26
2199,217
2200,48
2201,34
2202,81
2203,48
2204,37
2205,48
2206,34
2207,209
2208,34
2209,34
2210,48
2211,44
2212,34
2213,34
2214,44
2215,48
2216,42
2217,173
2218,34
2219,173
2220,13
2221,34
2222,48
2223,48
2224,42
2225,82
2226,87
2227,42
2228,213
2229,34
2230,71
2231,171
2232,34
2233,37
2234,48
2235,34
2236,42
2237,221
2238,34
2239,37
2240,81
2241,106
2242,48
2243,173
2244,34
2245,143
2246,81
2247,48
2248,34
2249,29
2250,221
2251,48
2252,34
2253,109
2254,37
2255,48
2256,48
2257,48
2258,48
2259,212
2260,34
2261,214
2262,34
2263,42
2264,48
2265,152
2266,34
2267,57
2268,34
2269,42
2270,204
2271,34
2272,71
2273,34
2274,167
2275,42
2276,48
2277,48
2278,167
2279,48
2280,48
2281,37
2282,34
2283,76
2284,76
2285,34
2286,207
2287,48
2288,173
2289,37
2290,173
2291,81
2292,44
2293,42
2294,173
2295,54
2296,34
2297,44
2298,71
2299,72
2300,34
2301,34
2302,34
2303,109
2304,71
2305,34
2306,127
2307,34
2308,34
2309,48
2310,48
2311,72
2312,34
2313,34
2314,34
2315,42
2316,34
2317,71
2318,34
2319,82
2320,71
2321,87
2322,37
2323,34
2324,34
2325,48
2326,155
2327,71
2328,42
2329,170
2330,42
2331,37
2332,34
2333,42
2334,149
2335,57
2336,34
2337,42
2338,48
2339,127
2340,48
2341,34
2342,34
2343,221
2344,37
2345,34
2346,48
2347,76
2348,82
2349,34
2350,177
2351,34
2352,42
2353,72
2354,44
2355,89
2356,167
2357,34
2358,42
2359,34
2360,4
2361,34
2362,119
2363,34
2364,48
2365,48
2366,173
2367,71
2368,48
2369,42
2370,81
2371,34
2372,82
2373,75
2374,34
2375,42
2376,34
2377,48
2378,18
2379,34
2380,34
2381,173
2382,171
2383,48
2384,170
2385,4
2386,177
2387,34
2388,48
2389,173
2390,44
2391,34
2392,34
2393,42
2394,34
2395,34
2396,48
2397,42
2398,42
2399,109
2400,39
2401,75
2402,71
2403,42
2404,37
2405,48
2406,34
2407,48
2408,34
2409,109
2410,172
2411,48
2412,57
2413,34
2414,48
2415,42
2416,48
2417,87
2418,72
2419,72
2420,34
2421,48
2422,42
2423,34
2424,72
2425,34
2426,221
2427,34
2428,34
2429,34
2430,34
2431,170
2432,81
2433,34
2434,105
2435,34
2436,170
2437,34
2438,42
2439,34
2440,34
2441,34
2442,173
2443,13
2444,37
2445,207
2446,48
2447,34
2448,71
2449,37
2450,167
2451,42
2452,34
2453,42
2454,48
2455,34
2456,34
2457,42
2458,89
2459,71
2460,71
2461,48
2462,34
2463,75
2464,173
2465,173
2466,13
2467,75
2468,34
2469,44
2470,212
2471,48
2472,37
2473,221
2474,207
2475,81
2476,173
2477,34
2478,221
2479,44
2480,34
2481,48
2482,34
2483,170
2484,34
2485,155
2486,44
2487,218
2488,34
2489,75
2490,48
2491,167
2492,34
2493,29
2494,221
2495,34
2496,34
2497,221
2498,34
2499,48
2500,48
2501,48
2502,72
2503,170
2504,48
2505,34
2506,152
2507,44
2508,42
2509,48
2510,89
2511,42
2512,48
2513,173
2514,72
2515,34
2516,34
2517,34
2518,42
2519,34
2520,42
2521,71
2522,75
2523,57
2524,155
2525,48
2526,37
2527,48
2528,71
2529,34
2530,170
2531,173
2532,81
2533,48
2534,27
2535,48
2536,37
2537,155
2538,81
2539,22
2540,105
2541,42
2542,48
2543,89
2544,71
2545,48
2546,171
2547,81
2548,34
2549,42
2550,48
2551,81
2552,42
2553,42
2554,72
2555,34
2556,34
2557,48
2558,34
2559,71
2560,217
2561,48
2562,123
2563,33
2564,34
2565,44
2566,34
2567,48
2568,54
2569,34
2570,34
2571,34
2572,34
2573,72
2574,44
2575,44
2576,48
2577,37
2578,173
2579,217
2580,34
2581,34
2582,173
2583,67
2584,48
2585,72
2586,48
2587,48
2588,11
2589,34
2590,42
2591,34
2592,34
2593,34
2594,34
2595,34
2596,48
2597,48
2598,81
2599,71
2600,37
2601,34
2602,217
2603,57
2604,207
2605,42
2606,48
2607,221
2608,37
2609,57
2610,71
2611,37
2612,81
2613,34
2614,34
2615,34
2616,48
2617,48
2618,34
2619,34
2620,34
2621,42
2622,34
2623,127
2624,42
2625,48
2626,34
2627,34
2628,82
2629,71
2630,34
2631,44
2632,37
2633,42
2634,34
2635,48
2636,75
2637,34
2638,208
2639,171
2640,27
2641,72
2642,106
2643,173
2644,71
2645,34
2646,34
2647,34
2648,34
2649,48
2650,34
2651,34
2652,42
2653,34
2654,34
2655,173
2656,48
2657,170
2658,81
2659,37
2660,217
2661,48
2662,42
2663,48
2664,209
2665,34
2666,183
2667,48
2668,48
2669,48
2670,72
2671,42
2672,48
2673,42
2674,34
2675,48
2676,81
2677,48
2678,34
2679,48
2680,173
2681,146
2682,34
2683,48
2684,182
2685,173
2686,71
2687,34
2688,16
2689,34
2690,34
2691,165
2692,34
2693,34
2694,48
2695,162
2696,34
2697,173
2698,71
2699,34
2700,42
2701,34
2702,48
2703,76
2704,37
2705,29
2706,72
2707,34
2708,207
2709,48
2710,34
2711,37
2712,82
2713,48
2714,42
2715,75
2716,48
2717,71
2718,44
2719,48
2720,71
2721,48
2722,34
2723,34
2724,42
2725,34
2726,71
2727,44
2728,42
2729,48
2730,34
2731,34
2732,34
2733,34
2734,72
2735,42
2736,106
2737,34
2738,37
2739,48
2740,44
2741,48
2742,42
2743,34
2744,221
2745,72
2746,34
2747,76
2748,34
2749,34
2750,34
2751,76
2752,44
2753,42
2754,44
2755,48
2756,48
2757,34
2758,34
2759,48
2760,48
2761,167
2762,34
2763,48
2764,48
2765,29
2766,82
2767,48
2768,34
2769,42
2770,34
2771,105
2772,42
2773,29
2774,71
2775,34
2776,76
2777,34
2778,72
2779,42
2780,221
2781,42
2782,48
2783,44
2784,42
2785,42
2786,42
2787,170
2788,221
2789,34
2790,34
2791,34
2792,34
2793,48
2794,75
2795,48
2796,48
2797,42
2798,34
2799,34
2800,127
2801,42
2802,13
2803,170
2804,48
2805,37
2806,48
2807,48
2808,42
2809,16
2810,34
2811,13
2812,48
2813,173
2814,48
2815,207
2816,82
2817,34
2818,72
2819,82
2820,48
2821,42
2822,42
2823,34
2824,34
2825,89
2826,71
2827,42
2828,143
2829,34
2830,149
2831,57
2832,34
2833,29
2834,76
2835,34
2836,34
2837,48
2838,42
2839,71
2840,48
2841,34
2842,34
2843,34
2844,48
2845,173
2846,34
2847,72
2848,71
2849,44
2850,42
2851,81
2852,34
2853,42
2854,34
2855,167
2856,48
2857,34
2858,34
2859,34
2860,48
2861,34
2862,48
2863,71
2864,34
2865,34
2866,173
2867,44
2868,48
2869,34
2870,154
2871,48
2872,34
2873,26
2874,34
2875,42
2876,207
2877,221
2878,34
2879,48
2880,34
2881,89
2882,34
2883,72
2884,26
2885,48
2886,173
2887,75
2888,71
2889,48
2890,13
2891,48
2892,48
2893,207
2894,167
2895,48
2896,37
2897,217
2898,76
2899,34
2900,34
2901,44
2902,42
2903,171
2904,48
2905,72
2906,48
2907,34
2908,34
2909,34
2910,71
2911,81
2912,72
2913,173
2914,34
2915,34
2916,173
2917,167
2918,34
2919,170
2920,48
2921,48
2922,34
2923,212
2924,48
2925,34
2926,106
2927,48
2928,48
2929,76
2930,34
2931,34
2932,44
2933,48
2934,37
2935,42
2936,82
2937,34
2938,33
2939,34
2940,34
2941,167
2942,34
2943,173
2944,48
2945,34
2946,34
2947,34
2948,34
2949,48
2950,34
2951,48
2952,13
2953,220
2954,75
2955,34
2956,109
2957,37
2958,37
2959,34
2960,44
2961,170
2962,48
2963,48
2964,34
2965,42
2966,72
2967,34
2968,34
2969,81
2970,44
2971,48
2972,170
2973,48
2974,71
2975,48
2976,34
2977,34
2978,56
2979,34
2980,204
2981,48
2982,48
2983,42
2984,173
2985,71
2986,34
2987,48
2988,34
2989,42
2990,11
2991,48
2992,71
2993,42
2994,48
2995,120
2996,155
2997,34
2998,48
2999,48
3000,34
3001,34
3002,34
3003,82
3004,34
3005,126
3006,48
3007,48
3008,170
3009,81
3010,48
3011,72
3012,57
3013,76
3014,48
3015,48
3016,48
3017,34
3018,48
3019,173
3020,221
3021,37
3022,171
3023,34
3024,105
3025,34
3026,34
3027,48
3028,76
3029,71
3030,34
3031,72
3032,26
3033,34
3034,34
3035,34
3036,75
3037,34
3038,34
3039,34
3040,34
3041,71
3042,48
3043,3
3044,48
3045,34
3046,44
3047,48
3048,173
3049,182
3050,48
3051,48
3052,34
3053,82
3054,167
3055,42
3056,34
3057,34
3058,48
3059,34
3060,71
3061,34
3062,29
3063,71
3064,42
3065,34
3066,48
3067,106
3068,34
3069,48
3070,48
3071,221
3072,173
3073,71
3074,34
3075,127
3076,34
3077,48
3078,34
3079,48
3080,207
3081,81
3082,103
3083,127
3084,42
3085,42
3086,34
3087,48
3088,103
3089,34
3090,44
3091,42
3092,166
3093,48
3094,72
3095,71
3096,48
3097,48
3098,34
3099,48
3100,221
3101,48
3102,54
3103,34
3104,71
3105,71
3106,26
3107,207
3108,46
3109,87
3110,34
3111,34
3112,34
3113,44
3114,44
3115,76
3116,34
3117,42
3118,34
3119,75
3120,82
3121,34
3122,127
3123,34
3124,34
3125,82
3126,4
3127,34
3128,34
3129,42
3130,34
3131,48
3132,87
3133,221
3134,48
3135,34
3136,48
3137,81
3138,82
3139,37
3140,72
3141,89
3142,42
3143,34
3144,44
3145,48
3146,81
3147,48
3148,34
3149,34
3150,71
3151,207
3152,4
3153,170
3154,34
3155,89
3156,42
3157,48
3158,217
3159,34
3160,44
3161,11
3162,71
3163,34
3164,173
3165,173
3166,34
3167,34
3168,34
3169,34
3170,81
3171,42
3172,42
3173,71
3174,34
3175,42
3176,37
3177,173
3178,48
3179,48
3180,198
3181,48
3182,72
3183,48
3184,71
3185,48
3186,48
3187,48
3188,173
3189,34
3190,72
3191,37
3192,37
3193,146
3194,34
3195,81
3196,34
3197,82
3198,42
3199,44
3200,48
3201,221
3202,173
3203,149
3204,109
3205,82
3206,42
3207,48
3208,34
3209,34
3210,48
3211,19
3212,48
3213,173
3214,34
3215,48
3216,22
3217,34
3218,48
3219,48
3220,173
3221,48
3222,72
3223,42
3224,72
3225,89
3226,81
3227,48
3228,34
3229,48
3230,34
3231,149
3232,42
3233,42
3234,48
3235,48
3236,34
3237,217
3238,48
3239,71
3240,48
3241,48
3242,34
3243,71
3244,72
3245,48
3246,34
3247,42
3248,34
3249,34
3250,48
3251,48
3252,48
3253,34
3254,167
3255,48
3256,72
3257,173
3258,173
3259,26
3260,81
3261,89
3262,34
3263,37
3264,57
3265,127
3266,48
3267,209
3268,48
3269,48
3270,48
3271,34
3272,219
3273,34
3274,4
3275,48
3276,173
3277,48
3278,48
3279,87
3280,8
3281,48
3282,37
3283,34
3284,75
3285,48
3286,34
3287,48
3288,48
3289,48
3290,48
3291,34
3292,48
3293,48
3294,170
3295,34
3296,71
3297,34
3298,34
3299,44
3300,42
3301,34
3302,18
3303,47
3304,76
3305,34
3306,48
3307,37
3308,48
3309,34
3310,48
3311,34
3312,76
3313,81
3314,207
3315,34
3316,34
3317,48
3318,167
3319,34
3320,72
3321,81
3322,34
3323,81
3324,34
3325,72
3326,152
3327,34
3328,34
3329,42
3330,34
3331,170
3332,48
3333,82
3334,34
3335,48
3336,48
3337,42
3338,34
3339,48
3340,34
3341,72
3342,170
3343,29
3344,48
3345,34
3346,48
3347,44
3348,48
3349,37
3350,34
3351,27
3352,175
3353,81
3354,34
3355,34
3356,173
3357,34
3358,34
3359,42
3360,221
3361,72
3362,221
3363,48
3364,44
3365,48
3366,221
3367,34
3368,89
3369,48
3370,34
3371,72
3372,34
3373,34
3374,34
3375,34
3376,34
3377,34
3378,75
3379,48
3380,71
3381,109
3382,34
3383,127
3384,48
3385,48
3386,34
3387,48
3388,34
3389,34
3390,34
3391,81
3392,71
3393,48
3394,207
3395,48
3396,173
3397,109
3398,48
3399,34
3400,33
3401,48
3402,72
3403,34
3404,170
3405,34
3406,34
3407,48
3408,72
3409,34
3410,82
3411,42
3412,87
3413,34
3414,34
3415,82
3416,48
3417,48
3418,175
3419,71
3420,57
3421,42
3422,34
3423,42
3424,48
3425,34
3426,44
3427,76
3428,42
3429,37
3430,67
3431,34
3432,48
3433,83
3434,4
3435,34
3436,34
3437,34
3438,18
3439,221
3440,48
3441,34
3442,48
3443,185
3444,34
3445,37
3446,48
3447,106
3448,37
3449,48
3450,48
3451,34
3452,18
3453,42
3454,207
3455,89
3456,42
3457,77
3458,48
3459,34
3460,109
3461,48
3462,44
3463,34
3464,71
3465,48
3466,57
3467,5
3468,71
3469,44
3470,34
3471,48
3472,131
3473,48
3474,42
3475,71
3476,34
3477,207
3478,71
3479,34
3480,75
3481,48
3482,34
3483,89
3484,42
3485,48
3486,48
3487,34
3488,34
3489,48
3490,34
3491,207
3492,89
3493,48
3494,219
3495,34
3496,170
3497,42
3498,218
3499,4
3500,221
3501,71
3502,42
3503,42
3504,42
3505,37
3506,48
3507,48
3508,34
3509,34
3510,48
3511,44
3512,48
3513,155
3514,48
3515,48
3516,48
3517,29
3518,72
3519,81
3520,48
3521,48
3522,34
3523,42
3524,48
3525,29
3526,48
3527,167
3528,34
3529,173
3530,34
3531,37
3532,221
3533,34
3534,48
3535,81
3536,44
3537,34
3538,48
3539,48
3540,34
3541,34
3542,48
3543,34
3544,37
3545,42
3546,34
3547,72
3548,173
3549,48
3550,171
3551,18
3552,173
3553,82
3554,71
3555,42
3556,81
3557,34
3558,42
3559,48
3560,34
3561,71
3562,48
3563,43
3564,48
3565,221
3566,34
3567,72
3568,34
3569,76
3570,75
3571,48
3572,173
3573,48
3574,167
3575,42
3576,72
3577,42
3578,48
3579,89
3580,42
3581,89
3582,173
3583,34
3584,44
3585,167
3586,48
3587,167
3588,34
3589,48
3590,42
3591,34
3592,34
3593,3
3594,27
3595,48
3596,81
3597,82
3598,34
3599,82
3600,37
3601,34
3602,42
3603,71
3604,76
3605,89
3606,82
3607,37
3608,34
3609,103
3610,37
3611,48
3612,34
3613,34
3614,48
3615,48
3616,34
3617,34
3618,48
3619,48
3620,37
3621,34
3622,42
3623,48
3624,34
3625,48
3626,26
3627,34
3628,42
3629,82
3630,11
3631,67
3632,48
3633,42
3634,34
3635,75
3636,57
3637,37
3638,56
3639,166
3640,155
3641,48
3642,48
3643,34
3644,48
3645,42
3646,34
3647,82
3648,71
3649,34
3650,34
3651,37
3652,34
3653,34
3654,48
3655,48
3656,196
3657,48
3658,42
3659,48
3660,76
3661,34
3662,34
3663,48
3664,207
3665,173
3666,42
3667,75
3668,44
3669,175
3670,48
3671,34
3672,42
3673,48
3674,34
3675,34
3676,48
3677,127
3678,167
3679,34
3680,89
3681,48
3682,48
3683,4
3684,37
3685,48
3686,81
3687,207
3688,34
3689,3
3690,34
3691,34
3692,48
3693,34
3694,42
3695,173
3696,72
3697,34
3698,48
3699,48
3700,217
3701,34
3702,160
3703,48
3704,103
3705,37
3706,48
3707,34
3708,34
3709,81
3710,34
3711,48
3712,82
3713,34
3714,71
3715,71
3716,75
3717,29
3718,48
3719,42
3720,44
3721,48
3722,34
3723,34
3724,34
3725,48
3726,219
3727,167
3728,167
3729,48
3730,34
3731,48
3732,75
3733,42
3734,75
3735,34
3736,34
3737,71
3738,72
3739,48
3740,34
3741,71
3742,48
3743,34
3744,170
3745,44
3746,34
3747,34
3748,34
3749,15
3750,75
3751,48
3752,82
3753,212
3754,48
3755,48
3756,42
3757,34
3758,48
3759,34
3760,44
3761,34
3762,34
3763,34
3764,48
3765,71
3766,44
3767,34
3768,13
3769,48
3770,82
3771,34
3772,48
3773,221
3774,44
3775,37
3776,48
3777,34
3778,34
3779,71
3780,71
3781,75
3782,109
3783,48
3784,173
3785,42
3786,34
3787,37
3788,81
3789,207
3790,48
3791,72
3792,26
3793,48
3794,48
3795,81
3796,48
3797,48
3798,34
3799,71
3800,72
3801,42
3802,48
3803,13
3804,34
3805,82
3806,34
3807,48
3808,48
3809,48
3810,48
3811,48
3812,4
3813,34
3814,48
3815,48
3816,34
3817,48
3818,48
3819,82
3820,48
3821,48
3822,34
3823,48
3824,71
3825,34
3826,42
3827,42
3828,34
3829,34
3830,170
3831,48
3832,205
3833,34
3834,34
3835,42
3836,171
3837,34
3838,34
3839,48
3840,154
3841,42
3842,44
3843,42
3844,71
3845,48
3846,34
3847,34
3848,48
3849,34
3850,82
3851,42
3852,48
3853,57
3854,34
3855,37
3856,34
3857,34
3858,57
3859,207
3860,34
3861,44
3862,72
3863,42
3864,167
3865,34
3866,173
3867,34
3868,34
3869,48
3870,82
3871,167
3872,34
3873,71
3874,72
3875,42
3876,87
3877,34
3878,34
3879,81
3880,34
3881,72
3882,71
3883,48
3884,48
3885,75
3886,170
3887,196
3888,34
3889,48
3890,173
3891,48
3892,207
3893,34
3894,217
3895,34
3896,173
3897,42
3898,71
3899,34
3900,75
3901,37
3902,171
3903,48
3904,170
3905,34
3906,34
3907,34
3908,44
3909,75
3910,34
3911,75
3912,72
3913,72
3914,214
3915,13
3916,27
3917,76
3918,48
3919,34
3920,34
3921,34
3922,167
3923,48
3924,42
3925,72
3926,81
3927,44
3928,71
3929,48
3930,34
3931,71
3932,82
3933,34
3934,34
3935,34
3936,207
3937,48
3938,173
3939,48
3940,34
3941,42
3942,207
3943,34
3944,34
3945,75
3946,34
3947,34
3948,82
3949,57
3950,34
3951,34
3952,48
3953,34
3954,34
3955,48
3956,48
3957,34
3958,217
3959,207
3960,34
3961,44
3962,48
3963,34
3964,217
3965,161
3966,173
3967,81
3968,82
3969,44
3970,34
3971,170
3972,42
3973,48
3974,37
3975,72
3976,75
3977,71
3978,48
3979,48
3980,48
3981,71
3982,34
3983,89
3984,34
3985,221
3986,34
3987,34
3988,71
3989,48
3990,7
3991,48
3992,171
3993,57
3994,221
3995,34
3996,37
3997,188
3998,47
3999,75
4000,34
4001,34
4002,34
4003,48
4004,72
4005,22
4006,75
4007,71
4008,221
4009,34
4010,207
4011,221
4012,173
4013,48
4014,42
4015,71
4016,167
4017,34
4018,42
4019,217
4020,48
4021,146
4022,159
4023,71
4024,48
4025,34
4026,42
4027,48
4028,221
4029,81
4030,71
4031,72
4032,44
4033,34
4034,71
4035,34
4036,48
4037,37
4038,34
4039,34
4040,167
4041,221
4042,48
4043,48
4044,166
4045,34
4046,71
4047,42
4048,48
4049,71
4050,34
4051,48
4052,71
4053,48
4054,13
4055,71
4056,34
4057,37
4058,170
4059,48
4060,71
4061,48
4062,173
4063,48
4064,171
4065,37
4066,34
4067,48
4068,37
4069,44
4070,48
4071,34
4072,48
4073,34
4074,133
4075,34
4076,71
4077,48
4078,75
4079,82
4080,71
4081,34
4082,34
4083,42
4084,173
4085,48
4086,34
4087,204
4088,42
4089,34
4090,44
4091,48
4092,44
4093,81
4094,71
4095,34
4096,221
4097,71
4098,34
4099,34
4100,34
4101,34
4102,34
4103,48
4104,57
4105,167
4106,48
4107,71
4108,42
4109,34
4110,34
4111,48
4112,87
4113,170
4114,75
4115,82
4116,37
4117,75
4118,72
4119,37
4120,71
4121,57
4122,34
4123,34
4124,26
4125,44
4126,42
4127,34
4128,48
4129,48
4130,89
4131,34
4132,72
4133,34
4134,72
4135,34
4136,48
4137,173
4138,34
4139,57
4140,37
4141,34
4142,48
4143,34
4144,37
4145,37
4146,34
4147,207
4148,34
4149,48
4150,34
4151,34
4152,62
4153,34
4154,34
4155,170
4156,34
4157,34
4158,48
4159,42
4160,34
4161,48
4162,26
4163,34
4164,48
4165,44
4166,37
4167,48
4168,48
4169,75
4170,48
4171,25
4172,37
4173,173
4174,42
4175,221
4176,152
4177,81
4178,71
4179,42
4180,72
4181,28
4182,173
4183,48
4184,48
4185,173
4186,34
4187,34
4188,34
4189,48
4190,37
4191,209
4192,207
4193,34
4194,37
4195,34
4196,48
4197,173
4198,207
4199,71
4200,44
4201,72
4202,48
4203,105
4204,48
4205,182
4206,48
4207,42
4208,42
4209,87
4210,34
4211,71
4212,167
4213,34
4214,34
4215,34
4216,34
4217,48
4218,42
4219,42
4220,42
4221,221
4222,207
4223,72
4224,37
4225,34
4226,34
4227,57
4228,48
4229,72
4230,71
4231,34
4232,34
4233,48
4234,205
4235,48
4236,34
4237,71
4238,71
4239,44
4240,42
4241,48
4242,34
4243,48
4244,34
4245,5
4246,9
4247,72
4248,34
4249,76
4250,34
4251,34
4252,42
4253,34
4254,217
4255,48
4256,87
4257,71
4258,72
4259,72
4260,34
4261,34
4262,48
4263,34
4264,71
4265,48
4266,48
4267,4
4268,34
4269,37
4270,42
4271,48
4272,171
4273,34
4274,72
4275,48
4276,159
4277,42
4278,42
4279,48
4280,26
4281,42
4282,34
4283,34
4284,42
4285,167
4286,34
4287,71
4288,34
4289,42
4290,34
4291,48
4292,221
4293,170
4294,34
4295,34
4296,34
4297,48
4298,37
4299,106
4300,109
4301,42
4302,34
4303,155
4304,221
4305,48
4306,48
4307,216
4308,182
4309,34
4310,71
4311,72
4312,48
4313,48
4314,34
4315,48
4316,48
4317,34
4318,48
4319,81
4320,48
4321,42
4322,204
4323,42
4324,48
4325,48
4326,48
4327,71
4328,44
4329,34
4330,42
4331,34
4332,34
4333,42
4334,48
4335,29
4336,34
4337,34
4338,42
4339,80
4340,29
4341,48
4342,48
4343,170
4344,54
4345,44
4346,159
4347,213
4348,34
4349,42
4350,48
4351,173
4352,81
4353,82
4354,218
4355,48
4356,48
4357,216
4358,81
4359,34
4360,76
4361,71
4362,34
4363,48
4364,48
4365,48
4366,37
4367,48
4368,48
4369,81
4370,42
4371,37
4372,37
4373,34
4374,81
4375,42
4376,173
4377,48
4378,38
4379,34
4380,170
4381,13
4382,42
4383,34
4384,26
4385,34
4386,34
4387,48
4388,149
4389,48
4390,44
4391,221
4392,48
4393,29
4394,34
4395,42
4396,217
4397,20
4398,34
4399,44
4400,34
4401,48
4402,48
4403,34
4404,34
4405,48
4406,42
4407,34
4408,34
4409,34
4410,207
4411,34
4412,217
4413,34
4414,48
4415,48
4416,34
4417,34
4418,120
4419,75
4420,48
4421,48
4422,44
4423,81
4424,173
4425,173
4426,54
4427,48
4428,34
4429,34
4430,173
4431,34
4432,48
4433,57
4434,207
4435,48
4436,42
4437,34
4438,34
4439,72
4440,75
4441,44
4442,13
4443,48
4444,82
4445,72
4446,44
4447,37
4448,37
4449,103
4450,48
4451,182
4452,48
4453,7
4454,42
4455,81
4456,29
4457,48
4458,81
4459,118
4460,48
4461,173
4462,158
4463,173
4464,81
4465,48
4466,42
4467,27
4468,34
4469,44
4470,48
4471,48
4472,76
4473,27
4474,34
4475,150
4476,75
4477,42
4478,34
4479,42
4480,48
4481,48
4482,34
4483,221
4484,22
4485,34
4486,69
4487,34
4488,37
4489,221
4490,48
4491,170
4492,89
4493,34
4494,48
4495,34
4496,42
4497,13
4498,48
4499,131
4500,34
4501,81
4502,81
4503,34
4504,34
4505,48
4506,34
4507,72
4508,34
4509,34
4510,75
4511,48
4512,221
4513,4
4514,71
4515,42
4516,34
4517,42
4518,71
4519,34
4520,81
4521,27
4522,34
4523,72
4524,72
4525,34
4526,34
4527,173
4528,44
4529,48
4530,42
4531,34
4532,48
4533,42
4534,34
4535,173
4536,34
4537,27
4538,48
4539,34
4540,44
4541,48
4542,48
4543,81
4544,48
4545,171
4546,34
4547,81
4548,34
4549,34
4550,42
4551,48
4552,81
4553,34
4554,27
4555,34
4556,42
4557,34
4558,34
4559,42
4560,89
4561,81
4562,42
4563,42
4564,37
4565,44
4566,48
4567,42
4568,173
4569,34
4570,203
4571,221
4572,34
4573,71
4574,48
4575,48
4576,34
4577,207
4578,221
4579,221
4580,34
4581,34
4582,71
4583,48
4584,82
4585,48
4586,173
4587,48
4588,48
4589,159
4590,170
4591,34
4592,48
4593,34
4594,171
4595,207
4596,34
4597,75
4598,167
4599,26
4600,29
4601,34
4602,34
4603,19
4604,173
4605,48
4606,71
4607,48
4608,34
4609,44
4610,48
4611,34
4612,71
4613,37
4614,42
4615,34
4616,13
4617,170
4618,170
4619,42
4620,34
4621,71
4622,37
4623,34
4624,48
4625,34
4626,48
4627,13
4628,48
4629,36
4630,48
4631,37
4632,42
4633,37
4634,106
4635,48
4636,34
4637,34
4638,48
4639,42
4640,48
4641,171
4642,48
4643,167
4644,34
4645,48
4646,42
4647,48
4648,34
4649,196
4650,48
4651,71
4652,87
4653,34
4654,34
4655,48
4656,34
4657,34
4658,171
4659,34
4660,71
4661,42
4662,48
4663,34
4664,48
4665,81
4666,106
4667,76
4668,48
4669,34
4670,42
4671,34
4672,48
4673,48
4674,44
4675,34
4676,37
4677,34
4678,34
4679,34
4680,48
4681,42
4682,75
4683,81
4684,48
4685,37
4686,34
4687,48
4688,34
4689,214
4690,48
4691,14
4692,170
4693,207
4694,44
4695,48
4696,54
4697,42
4698,44
4699,29
4700,171
4701,48
4702,34
4703,29
4704,34
4705,13
4706,48
4707,87
4708,48
4709,13
4710,13
4711,173
4712,34
4713,167
4714,159
4715,71
4716,217
4717,117
4718,48
4719,48
4720,48
4721,48
4722,48
4723,48
4724,34
4725,71
4726,81
4727,48
4728,37
4729,167
4730,207
4731,42
4732,34
4733,14
4734,29
4735,34
4736,34
4737,48
4738,34
4739,42
4740,27
4741,71
4742,87
4743,48
4744,155
4745,48
4746,34
4747,34
4748,34
4749,44
4750,34
4751,34
4752,173
4753,42
4754,72
4755,48
4756,34
4757,44
4758,13
4759,26
4760,48
4761,44
4762,34
4763,48
4764,22
4765,34
4766,48
4767,48
4768,71
4769,34
4770,48
4771,87
4772,48
4773,37
4774,39
4775,4
4776,34
4777,19
4778,167
4779,76
4780,37
4781,48
4782,34
4783,34
4784,42
4785,34
4786,44
4787,42
4788,34
4789,34
4790,71
4791,42
4792,34
4793,42
4794,89
4795,34
4796,34
4797,71
4798,48
4799,42
4800,221
4801,34
4802,34
4803,173
4804,42
4805,34
4806,34
4807,34
4808,42
4809,81
4810,167
4811,34
4812,4
4813,34
4814,218
4815,42
4816,34
4817,170
4818,42
4819,37
4820,44
4821,42
4822,2
4823,34
4824,81
4825,34
4826,81
4827,48
4828,42
4829,34
4830,34
4831,42
4832,81
4833,76
4834,81
4835,173
4836,48
4837,42
4838,34
4839,48
4840,48
4841,72
4842,48
4843,42
4844,37
4845,167
4846,4
4847,170
4848,72
4849,57
4850,48
4851,34
4852,34
4853,34
4854,34
4855,71
4856,81
4857,48
4858,75
4859,44
4860,173
4861,173
4862,42
4863,72
4864,34
4865,75
4866,48
4867,48
4868,42
4869,34
4870,34
4871,81
4872,209
4873,48
4874,34
4875,44
4876,49
4877,37
4878,48
4879,34
4880,34
4881,48
4882,71
4883,48
4884,57
4885,173
4886,37
4887,82
4888,48
4889,34
4890,75
4891,48
4892,48
4893,29
4894,48
4895,48
4896,34
4897,34
4898,208
4899,34
4900,82
4901,27
4902,48
4903,42
4904,34
4905,72
4906,48
4907,34
4908,48
4909,34
4910,44
4911,34
4912,34
4913,48
4914,72
4915,82
4916,221
4917,34
4918,11
4919,34
4920,34
4921,34
4922,44
4923,76
4924,48
4925,82
4926,48
4927,34
4928,34
4929,131
4930,81
4931,34
4932,72
4933,42
4934,48
4935,167
4936,48
4937,48
4938,34
4939,34
4940,171
4941,34
4942,48
4943,167
4944,48
4945,37
4946,48
4947,109
4948,34
4949,48
4950,34
4951,34
4952,48
4953,34
4954,34
4955,44
4956,37
4957,71
4958,173
4959,34
4960,72
4961,48
4962,48
4963,34
4964,37
4965,34
4966,146
4967,173
4968,42
4969,185
4970,42
4971,34
4972,217
4973,42
4974,48
4975,34
4976,48
4977,159
4978,72
4979,171
4980,42
4981,34
4982,34
4983,72
4984,221
4985,48
4986,42
4987,34
4988,34
4989,48
4990,48
4991,34
4992,42
4993,170
4994,34
4995,44
4996,75
4997,221
4998,37
4999,34
5000,34
5001,48
5002,185
5003,217
5004,173
5005,170
5006,37
5007,34
5008,4
5009,42
5010,42
5011,48
5012,48
5013,34
5014,173
5015,48
5016,34
5017,34
5018,34
5019,42
5020,72
5021,48
5022,42
5023,173
5024,48
5025,34
5026,34
5027,173
5028,29
5029,44
5030,34
5031,34
5032,44
5033,34
5034,37
5035,34
5036,34
5037,34
5038,170
5039,44
5040,44
5041,42
5042,42
5043,72
5044,81
5045,34
5046,34
5047,72
5048,34
5049,71
5050,171
5051,48
5052,34
5053,48
5054,48
5055,44
5056,34
5057,27
5058,42
5059,26
5060,159
5061,170
5062,75
5063,34
5064,42
5065,34
5066,34
5067,76
5068,82
5069,71
5070,48
5071,34
5072,71
5073,34
5074,34
5075,34
5076,34
5077,34
5078,75
5079,42
5080,34
5081,48
5082,37
5083,34
5084,48
5085,72
5086,44
5087,84
5088,48
5089,48
5090,42
5091,48
5092,34
5093,34
5094,48
5095,42
5096,34
5097,34
5098,213
5099,48
5100,44
5101,48
5102,48
5103,42
5104,44
5105,81
5106,34
5107,81
5108,75
5109,34
5110,34
5111,34
5112,67
5113,34
5114,173
5115,60
5116,173
5117,71
5118,71
5119,44
5120,36
5121,54
5122,4
5123,37
5124,72
5125,48
5126,170
5127,119
5128,159
5129,48
5130,34
5131,42
5132,48
5133,34
5134,42
5135,48
5136,207
5137,34
5138,34
5139,71
5140,48
5141,71
5142,72
5143,42
5144,34
5145,42
5146,173
5147,71
5148,48
5149,71
5150,34
5151,34
5152,82
5153,48
5154,48
5155,81
5156,89
5157,42
5158,173
5159,42
5160,34
5161,37
5162,48
5163,34
5164,34
5165,34
5166,72
5167,57
5168,34
5169,48
5170,37
5171,48
5172,34
5173,87
5174,42
5175,44
5176,34
5177,34
5178,48
5179,48
5180,48
5181,220
5182,34
5183,173
5184,171
5185,127
5186,34
5187,37
5188,167
5189,173
5190,214
5191,42
5192,34
5193,48
5194,57
5195,13
5196,170
5197,72
5198,221
5199,75
5200,54
5201,48
5202,87
5203,48
5204,4
5205,34
5206,182
5207,54
5208,167
5209,34
5210,48
5211,89
5212,48
5213,34
5214,71
5215,34
5216,75
5217,57
5218,37
5219,34
5220,34
5221,34
5222,34
5223,173
5224,48
5225,34
5226,48
5227,81
5228,221
5229,37
5230,54
5231,171
5232,167
5233,48
5234,58
5235,57
5236,34
5237,48
5238,34
5239,71
5240,109
5241,72
5242,34
5243,42
5244,34
5245,42
5246,37
5247,34
5248,48
5249,72
5250,37
5251,82
5252,48
5253,48
5254,171
5255,42
5256,48
5257,170
5258,42
5259,37
5260,173
5261,34
5262,34
5263,34
5264,170
5265,42
5266,42
5267,34
5268,221
5269,48
5270,34
5271,81
5272,48
5273,76
5274,37
5275,34
5276,34
5277,71
5278,48
5279,169
5280,71
5281,221
5282,48
5283,87
5284,34
5285,81
5286,34
5287,34
5288,207
5289,48
5290,48
5291,48
5292,44
5293,71
5294,34
5295,48
5296,72
5297,44
5298,34
5299,42
5300,48
5301,57
5302,42
5303,34
5304,34
5305,48
5306,42
5307,42
5308,42
5309,69
5310,81
5311,167
5312,34
5313,34
5314,34
5315,34
5316,29
5317,158
5318,217
5319,34
5320,34
5321,82
5322,81
5323,207
5324,34
5325,48
5326,26
5327,48
5328,34
5329,34
5330,170
5331,44
5332,48
5333,173
5334,34
5335,42
5336,48
5337,48
5338,42
5339,72
5340,71
5341,34
5342,173
5343,44
5344,34
5345,54
5346,72
5347,48
5348,221
5349,48
5350,34
5351,48
5352,48
5353,48
5354,188
5355,71
5356,202
5357,34
5358,34
5359,37
5360,42
5361,48
5362,34
5363,42
5364,173
5365,48
5366,82
5367,170
5368,7
5369,19
5370,48
5371,48
5372,34
5373,75
5374,42
5375,34
5376,34
5377,34
5378,71
5379,48
5380,167
5381,48
5382,34
5383,34
5384,44
5385,34
5386,89
5387,81
5388,34
5389,37
5390,34
5391,48
5392,44
5393,48
5394,48
5395,44
5396,48
5397,37
5398,34
5399,170
5400,217
5401,48
5402,48
5403,48
5404,48
5405,34
5406,71
5407,34
5408,173
5409,48
5410,57
5411,34
5412,123
5413,167
5414,34
5415,173
5416,71
5417,37
5418,48
5419,81
5420,82
5421,207
5422,65
5423,34
5424,71
5425,34
5426,158
5427,82
5428,34
5429,48
5430,37
5431,37
5432,54
5433,170
5434,48
5435,34
5436,34
5437,42
5438,37
5439,164
5440,81
5441,158
5442,42
5443,48
5444,42
5445,81
5446,171
5447,120
5448,44
5449,44
5450,42
5451,71
5452,173
5453,34
5454,217
5455,48
5456,44
5457,42
5458,34
5459,48
5460,42
5461,71
5462,105
5463,34
5464,72
5465,34
5466,34
5467,37
5468,155
5469,34
5470,37
5471,221
5472,173
5473,71
5474,42
5475,48
5476,48
5477,7
5478,44
5479,82
5480,37
5481,34
5482,34
5483,37
5484,71
5485,75
5486,76
5487,42
5488,34
5489,26
5490,34
5491,106
5492,42
5493,81
5494,34
5495,22
5496,76
5497,221
5498,167
5499,37
5500,217
5501,76
5502,44
5503,42
5504,221
5505,42
5506,48
5507,44
5508,34
5509,82
5510,34
5511,48
5512,221
5513,34
5514,48
5515,75
5516,37
5517,76
5518,72
5519,89
5520,34
5521,42
5522,207
5523,34
5524,34
5525,44
5526,34
5527,173
5528,4
5529,48
5530,78
5531,34
5532,34
5533,207
5534,48
5535,16
5536,75
5537,109
5538,34
5539,48
5540,48
5541,34
5542,34
5543,48
5544,81
5545,44
5546,34
5547,221
5548,34
5549,207
5550,34
5551,173
5552,34
5553,48
5554,126
5555,34
5556,71
5557,42
5558,167
5559,71
5560,34
5561,34
5562,34
5563,48
5564,37
5565,37
5566,34
5567,48
5568,48
5569,217
5570,48
5571,48
5572,209
5573,34
5574,34
5575,34
5576,72
5577,221
5578,48
5579,34
5580,221
5581,34
5582,48
5583,48
5584,26
5585,81
5586,75
5587,48
5588,131
5589,48
5590,173
5591,71
5592,34
5593,34
5594,221
5595,71
5596,34
5597,152
5598,48
5599,48
5600,203
5601,34
5602,37
5603,34
5604,82
5605,29
5606,42
5607,44
5608,71
5609,48
5610,34
5611,37
5612,48
5613,48
5614,219
5615,34
5616,48
5617,82
5618,34
5619,71
5620,48
5621,81
5622,42
5623,34
5624,48
5625,173
5626,34
5627,42
5628,200
5629,34
5630,34
5631,34
5632,171
5633,76
5634,72
5635,48
5636,34
5637,37
5638,34
5639,71
5640,34
5641,48
5642,34
5643,37
5644,48
5645,48
5646,217
5647,59
5648,34
5649,209
5650,48
5651,170
5652,42
5653,48
5654,167
5655,42
5656,72
5657,13
5658,207
5659,48
5660,152
5661,170
5662,48
5663,48
5664,170
5665,71
5666,221
5667,42
5668,21
5669,42
5670,72
5671,37
5672,34
5673,75
5674,48
5675,48
5676,217
5677,48
5678,89
5679,48
5680,34
5681,34
5682,72
5683,34
5684,48
5685,71
5686,48
5687,34
5688,7
5689,34
5690,173
5691,27
5692,34
5693,48
5694,173
5695,42
5696,42
5697,87
5698,48
5699,81
5700,42
5701,13
5702,34
5703,34
5704,48
5705,34
5706,167
5707,48
5708,34
5709,48
5710,221
5711,34
5712,42
5713,75
5714,34
5715,34
5716,87
5717,42
5718,34
5719,81
5720,82
5721,167
5722,42
5723,81
5724,34
5725,44
5726,82
5727,42
5728,34
5729,153
5730,204
5731,34
5732,42
5733,87
5734,173
5735,44
5736,48
5737,34
5738,48
5739,76
5740,82
5741,177
5742,34
5743,34
5744,48
5745,48
5746,34
5747,48
5748,48
5749,81
5750,217
5751,48
5752,72
5753,34
5754,152
5755,48
5756,44
5757,34
5758,119
5759,48
5760,48
5761,173
5762,29
5763,34
5764,34
5765,34
5766,34
5767,37
5768,221
5769,87
5770,171
5771,48
5772,34
5773,34
5774,26
5775,34
5776,173
5777,34
5778,42
5779,37
5780,48
5781,37
5782,57
5783,48
5784,34
5785,34
5786,48
5787,34
5788,48
5789,207
5790,34
5791,42
5792,48
5793,48
5794,48
5795,217
5796,48
5797,48
5798,34
5799,207
5800,173
5801,48
5802,48
5803,71
5804,81
5805,34
5806,48
5807,28
5808,48
5809,42
5810,48
5811,34
5812,71
5813,34
5814,44
5815,221
5816,34
5817,71
5818,217
5819,48
5820,109
5821,71
5822,89
5823,34
5824,34
5825,173
5826,75
5827,42
5828,48
5829,58
5830,71
5831,34
5832,76
5833,48
5834,34
5835,37
5836,71
5837,44
5838,48
5839,48
5840,171
5841,48
5842,48
5843,159
5844,34
5845,75
5846,29
5847,42
5848,167
5849,34
5850,34
5851,167
5852,34
5853,42
5854,48
5855,34
5856,75
5857,76
5858,211
5859,34
5860,42
5861,87
5862,42
5863,29
5864,26
5865,105
5866,34
5867,48
5868,34
5869,34
5870,207
5871,48
5872,44
5873,34
5874,48
5875,170
5876,160
5877,48
5878,221
5879,34
5880,221
5881,44
5882,72
5883,42
5884,34
5885,34
5886,48
5887,48
5888,34
5889,34
5890,48
5891,34
5892,34
5893,81
5894,34
5895,34
5896,76
5897,34
5898,34
5899,72
5900,34
5901,34
5902,48
5903,42
5904,34
5905,48
5906,71
5907,42
5908,48
5909,37
5910,44
5911,34
5912,48
5913,42
5914,13
5915,170
5916,42
5917,34
5918,48
5919,48
5920,48
5921,37
5922,34
5923,34
5924,34
5925,4
5926,42
5927,42
5928,48
5929,81
5930,34
5931,42
5932,48
5933,48
5934,42
5935,42
5936,71
5937,48
5938,42
5939,221
5940,13
5941,173
5942,173
5943,42
5944,89
5945,48
5946,167
5947,34
5948,170
5949,34
5950,48
5951,48
5952,44
5953,44
5954,82
5955,48
5956,42
5957,81
5958,48
5959,221
5960,48
5961,34
5962,42
5963,13
5964,29
5965,167
5966,42
5967,48
5968,182
5969,34
5970,48
5971,34
5972,34
5973,173
5974,42
5975,81
5976,34
5977,48
5978,34
5979,42
5980,48
5981,42
5982,37
5983,42
5984,72
5985,34
5986,81
5987,34
5988,34
5989,48
5990,27
5991,34
5992,42
5993,34
5994,76
5995,167
5996,48
5997,48
5998,221
5999,42
6000,34
6001,48
6002,37
6003,34
6004,71
6005,34
6006,48
6007,170
6008,34
6009,48
6010,48
6011,34
6012,72
6013,42
6014,76
6015,48
6016,48
6017,76
6018,57
6019,81
6020,34
6021,221
6022,37
6023,48
6024,48
6025,82
6026,34
6027,75
6028,34
6029,34
6030,48
6031,42
6032,48
6033,42
6034,34
6035,34
6036,29
6037,42
6038,48
6039,48
6040,34
6041,44
6042,207
6043,48
6044,34
6045,44
6046,48
6047,34
6048,48
6049,34
6050,48
6051,42
6052,48
6053,48
6054,34
6055,34
6056,71
6057,48
6058,34
6059,48
6060,171
6061,34
6062,71
6063,34
6064,48
6065,44
6066,42
6067,34
6068,48
6069,34
6070,48
6071,34
6072,48
6073,173
6074,87
6075,173
6076,42
6077,67
6078,34
6079,37
6080,76
6081,81
6082,34
6083,167
6084,173
6085,72
6086,48
6087,34
6088,48
6089,42
6090,75
6091,34
6092,34
6093,48
6094,34
6095,34
6096,72
6097,167
6098,48
6099,221
6100,44
6101,34
6102,34
6103,48
6104,34
6105,170
6106,171
6107,103
6108,26
6109,44
6110,221
6111,48
6112,173
6113,34
6114,34
6115,72
6116,44
6117,71
6118,37
6119,173
6120,34
6121,34
6122,48
6123,76
6124,42
6125,170
6126,170
6127,4
6128,26
6129,167
6130,48
6131,34
6132,48
6133,48
6134,34
6135,71
6136,34
6137,34
6138,42
6139,81
6140,109
6141,42
6142,167
6143,34
6144,34
6145,34
6146,34
6147,44
6148,131
6149,48
6150,170
6151,48
6152,42
6153,34
6154,42
6155,37
6156,87
6157,42
6158,173
6159,48
6160,26
6161,48
6162,183
6163,34
6164,34
6165,34
6166,34
6167,34
6168,34
6169,34
6170,34
6171,48
6172,42
6173,221
6174,173
6175,34
6176,48
6177,173
6178,37
6179,75
6180,42
6181,167
6182,34
6183,75
6184,34
6185,173
6186,34
6187,81
6188,89
6189,81
6190,44
6191,42
6192,48
6193,167
6194,173
6195,48
6196,48
6197,71
6198,34
6199,75
6200,14
6201,34
6202,42
6203,71
6204,48
6205,109
6206,48
6207,173
6208,75
6209,81
6210,221
6211,34
6212,167
6213,48
6214,173
6215,170
6216,34
6217,34
6218,81
6219,34
6220,221
6221,120
6222,48
6223,207
6224,170
6225,82
6226,42
6227,34
6228,44
6229,207
6230,34
6231,48
6232,42
6233,34
6234,171
6235,37
6236,4
6237,34
6238,89
6239,48
6240,34
6241,48
6242,81
6243,34
6244,34
6245,34
6246,34
6247,34
6248,42
6249,76
6250,48
6251,71
6252,48
6253,48
6254,71
6255,34
6256,34
6257,44
6258,48
6259,48
6260,34
6261,48
6262,34
6263,76
6264,34
6265,34
6266,37
6267,217
6268,48
6269,34
6270,42
6271,152
6272,207
6273,48
6274,34
6275,221
6276,75
6277,48
6278,34
6279,173
6280,44
6281,34
6282,42
6283,37
6284,72
6285,42
6286,34
6287,173
6288,29
6289,37
6290,34
6291,48
6292,42
6293,171
6294,7
6295,72
6296,217
6297,48
6298,48
6299,34
6300,48
6301,72
6302,207
6303,48
6304,34
6305,34
6306,87
6307,48
6308,48
6309,34
6310,48
6311,48
6312,18
6313,75
6314,217
6315,173
6316,48
6317,34
6318,72
6319,72
6320,44
6321,76
6322,71
6323,220
6324,34
6325,34
6326,34
6327,71
6328,42
6329,167
6330,48
6331,71
6332,71
6333,34
6334,13
6335,42
6336,34
6337,128
6338,213
6339,48
6340,72
6341,109
6342,81
6343,37
6344,82
6345,48
6346,4
6347,34
6348,34
6349,44
6350,42
6351,34
6352,48
6353,81
6354,34
6355,34
6356,48
6357,81
6358,34
6359,145
6360,34
6361,34
6362,48
6363,48
6364,48
6365,48
6366,34
6367,34
6368,48
6369,48
6370,167
6371,75
6372,48
6373,48
6374,34
6375,207
6376,34
6377,167
6378,76
6379,71
6380,173
6381,158
6382,42
6383,48
6384,34
6385,167
6386,34
6387,34
6388,34
6389,182
6390,42
6391,48
6392,42
6393,37
6394,44
6395,173
6396,44
6397,42
6398,44
6399,153
6400,167
6401,72
6402,87
6403,141
6404,48
6405,48
6406,13
6407,34
6408,13
6409,71
6410,34
6411,201
6412,48
6413,173
6414,170
6415,48
6416,48
6417,75
6418,34
6419,34
6420,48
6421,48
6422,221
6423,48
6424,173
6425,37
6426,34
6427,48
6428,72
6429,34
6430,26
6431,72
6432,173
6433,42
6434,34
6435,167
6436,44
6437,37
6438,44
6439,48
6440,89
6441,71
6442,44
6443,34
6444,48
6445,34
6446,34
6447,48
6448,78
6449,34
6450,42
6451,173
6452,75
6453,34
6454,18
6455,34
6456,34
6457,72
6458,48
6459,48
6460,44
6461,100
6462,34
6463,48
6464,34
6465,34
6466,34
6467,71
6468,42
6469,48
6470,81
6471,42
6472,42
6473,152
6474,37
6475,48
6476,71
6477,37
6478,34
6479,222
6480,42
6481,34
6482,37
6483,87
6484,167
6485,42
6486,34
6487,213
6488,42
6489,37
6490,42
6491,37
6492,48
6493,34
6494,173
6495,34
6496,34
6497,37
6498,34
6499,48
6500,34
6501,34
6502,159
6503,55
6504,34
6505,106
6506,48
6507,71
6508,204
6509,171
6510,34
6511,34
6512,153
6513,34
6514,34
6515,29
6516,48
6517,48
6518,34
6519,42
6520,42
6521,37
6522,48
6523,42
6524,75
6525,34
6526,105
6527,34
6528,44
6529,173
6530,48
6531,34
6532,71
6533,82
6534,42
6535,42
6536,48
6537,4
6538,34
6539,48
6540,34
6541,48
6542,34
6543,57
6544,217
6545,71
6546,170
6547,34
6548,48
6549,173
6550,34
6551,221
6552,173
6553,34
6554,34
6555,37
6556,34
6557,71
6558,42
6559,34
6560,48
6561,34
6562,34
6563,34
6564,48
6565,48
6566,44
6567,170
6568,71
6569,34
6570,75
6571,34
6572,173
6573,207
6574,48
6575,34
6576,44
6577,217
6578,48
6579,75
6580,4
6581,167
6582,34
6583,161
6584,173
6585,173
6586,34
6587,34
6588,37
6589,34
6590,48
6591,22
6592,76
6593,217
6594,54
6595,173
6596,48
6597,34
6598,34
6599,34
6600,48
6601,217
6602,171
6603,34
6604,34
6605,72
6606,72
6607,48
6608,34
6609,76
6610,42
6611,167
6612,48
6613,34
6614,48
6615,42
6616,7
6617,71
6618,100
6619,173
6620,44
6621,48
6622,170
6623,167
6624,221
6625,89
6626,75
6627,34
6628,81
6629,34
6630,34
6631,75
6632,34
6633,13
6634,42
6635,34
6636,48
6637,34
6638,34
6639,48
6640,48
6641,173
6642,152
6643,26
6644,34
6645,48
6646,34
6647,37
6648,171
6649,34
6650,76
6651,34
6652,215
6653,13
6654,34
6655,42
6656,48
6657,48
6658,57
6659,57
6660,48
6661,34
6662,37
6663,37
6664,34
6665,24
6666,26
6667,72
6668,42
6669,34
6670,34
6671,127
6672,217
6673,27
6674,109
6675,71
6676,173
6677,71
6678,127
6679,48
6680,109
6681,34
6682,42
6683,48
6684,75
6685,34
6686,34
6687,34
6688,75
6689,44
6690,81
6691,72
6692,34
6693,37
6694,48
6695,34
6696,48
6697,72
6698,71
6699,26
6700,182
6701,221
6702,71
6703,48
6704,9
6705,42
6706,42
6707,34
6708,173
6709,207
6710,89
6711,48
6712,81
6713,28
6714,48
6715,34
6716,44
6717,42
6718,34
6719,48
6720,173
6721,34
6722,48
6723,34
6724,48
6725,81
6726,42
6727,173
6728,34
6729,207
6730,41
6731,34
6732,159
6733,42
6734,48
6735,34
6736,42
6737,34
6738,48
6739,81
6740,48
6741,34
6742,34
6743,75
6744,34
6745,34
6746,42
6747,48
6748,159
6749,71
6750,48
6751,173
6752,34
6753,34
6754,34
6755,34
6756,71
6757,42
6758,34
6759,221
6760,72
6761,34
6762,34
6763,75
6764,167
6765,34
6766,27
6767,82
6768,42
6769,42
6770,44
6771,74
6772,48
6773,44
6774,173
6775,48
6776,34
6777,81
6778,171
6779,173
6780,48
6781,34
6782,34
6783,34
6784,48
6785,171
6786,54
6787,38
6788,34
6789,33
6790,34
6791,217
6792,71
6793,48
6794,72
6795,34
6796,27
6797,167
6798,48
6799,44
6800,71
6801,48
6802,37
6803,18
6804,109
6805,44
6806,34
6807,34
6808,48
6809,34
6810,34
6811,71
6812,75
6813,34
6814,48
6815,37
6816,48
6817,34
6818,34
6819,48
6820,160
6821,48
6822,34
6823,34
6824,34
6825,29
6826,37
6827,75
6828,57
6829,48
6830,42
6831,34
6832,34
6833,75
6834,170
6835,48
6836,48
6837,160
6838,42
6839,171
6840,71
6841,72
6842,48
6843,34
6844,48
6845,217
6846,167
6847,48
6848,37
6849,34
6850,175
6851,82
6852,34
6853,44
6854,34
6855,173
6856,42
6857,4
6858,207
6859,155
6860,42
6861,34
6862,44
6863,34
6864,37
6865,48
6866,34
6867,44
6868,42
6869,29
6870,173
6871,13
6872,48
6873,34
6874,34
6875,42
6876,34
6877,170
6878,34
6879,167
6880,75
6881,34
6882,34
6883,48
6884,6
6885,72
6886,34
6887,34
6888,48
6889,42
6890,105
6891,82
6892,212
6893,34
6894,48
6895,34
6896,34
6897,48
6898,34
6899,38
6900,48
6901,42
6902,48
6903,72
6904,173
6905,34
6906,34
6907,108
6908,221
6909,34
6910,34
6911,42
6912,72
6913,34
6914,26
6915,37
6916,34
6917,87
6918,48
6919,13
6920,127
6921,48
6922,34
6923,34
6924,221
6925,34
6926,34
6927,72
6928,71
6929,34
6930,42
6931,48
6932,75
6933,34
6934,34
6935,42
6936,48
6937,44
6938,159
6939,48
6940,42
6941,34
6942,42
6943,44
6944,42
6945,34
6946,34
6947,71
6948,167
6949,37
6950,34
6951,75
6952,34
6953,44
6954,34
6955,48
6956,34
6957,57
6958,34
6959,48
6960,34
6961,34
6962,39
6963,71
6964,89
6965,173
6966,34
6967,48
6968,44
6969,42
6970,34
6971,75
6972,72
6973,72
6974,48
6975,48
6976,34
6977,34
6978,34
6979,212
6980,34
6981,34
6982,71
6983,48
6984,37
6985,4
6986,214
6987,34
6988,137
6989,42
6990,48
6991,173
6992,48
6993,11
6994,37
6995,34
6996,71
6997,42
6998,159
6999,34
7000,48
7001,76
7002,27
7003,34
7004,221
7005,48
7006,106
7007,34
7008,173
7009,34
7010,34
7011,34
7012,34
7013,72
7014,34
7015,71
7016,217
7017,81
7018,37
7019,87
7020,34
7021,42
7022,48
7023,34
7024,48
7025,48
7026,37
7027,34
7028,48
7029,42
7030,48
7031,200
7032,57
7033,42
7034,42
7035,170
7036,42
7037,173
7038,48
7039,42
7040,34
7041,34
7042,34
7043,106
7044,48
7045,48
7046,16
7047,48
7048,34
7049,81
7050,34
7051,75
7052,170
7053,34
7054,44
7055,34
7056,42
7057,96
7058,170
7059,42
7060,81
7061,42
7062,171
7063,37
7064,42
7065,48
7066,34
7067,76
7068,48
7069,34
7070,34
7071,44
7072,170
7073,42
7074,42
7075,34
7076,82
7077,34
7078,48
7079,173
7080,221
7081,34
7082,48
7083,48
7084,34
7085,34
7086,29
7087,34
7088,34
7089,207
7090,34
7091,81
7092,42
7093,213
7094,48
7095,34
7096,37
7097,13
7098,170
7099,13
7100,48
7101,72
7102,42
7103,34
7104,34
7105,221
7106,2
7107,173
7108,170
7109,82
7110,34
7111,72
7112,34
7113,34
7114,71
7115,34
7116,34
7117,173
7118,42
7119,58
7120,34
7121,34
7122,48
7123,34
7124,167
7125,167
7126,37
7127,48
7128,48
7129,26
7130,82
7131,42
7132,34
7133,221
7134,37
7135,37
7136,166
7137,34
7138,34
7139,48
7140,4
7141,34
7142,34
7143,221
7144,48
7145,48
7146,79
7147,82
7148,48
7149,81
7150,42
7151,72
7152,34
7153,34
7154,48
7155,34
7156,81
7157,152
7158,34
7159,48
7160,42
7161,37
7162,71
7163,34
7164,48
7165,81
7166,42
7167,48
7168,34
7169,34
7170,71
7171,48
7172,42
7173,82
7174,34
7175,173
7176,34
7177,109
7178,48
7179,87
7180,34
7181,34
7182,173
7183,27
7184,8
7185,34
7186,34
7187,34
7188,207
7189,34
7190,7
7191,48
7192,34
7193,34
7194,34
7195,34
7196,48
7197,48
7198,170
7199,42
7200,173
7201,48
7202,34
7203,48
7204,37
7205,48
7206,34
7207,170
7208,173
7209,48
7210,37
7211,42
7212,34
7213,221
7214,167
7215,34
7216,42
7217,37
7218,173
7219,72
7220,106
7221,34
7222,34
7223,34
7224,71
7225,34
7226,48
7227,34
7228,210
7229,34
7230,42
7231,42
7232,9
7233,89
7234,44
7235,48
7236,48
7237,34
7238,4
7239,221
7240,34
7241,72
7242,37
7243,44
7244,48
7245,42
7246,48
7247,34
7248,75
7249,48
7250,37
7251,44
7252,22
7253,34
7254,34
7255,173
7256,37
7257,82
7258,42
7259,42
7260,87
7261,34
7262,57
7263,34
7264,48
7265,34
7266,175
7267,28
7268,37
7269,37
7270,76
7271,48
7272,173
7273,48
7274,42
7275,103
7276,89
7277,72
7278,34
7279,48
7280,48
7281,42
7282,34
7283,173
7284,44
7285,48
7286,34
7287,34
7288,34
7289,109
7290,48
7291,48
7292,48
7293,48
7294,79
7295,34
7296,167
7297,48
7298,207
7299,34
7300,37
7301,48
7302,34
7303,34
7304,71
7305,173
7306,42
7307,173
7308,34
7309,34
7310,81
7311,34
7312,48
7313,48
7314,34
7315,16
7316,48
7317,13
7318,34
7319,106
7320,34
7321,42
7322,48
7323,82
7324,34
7325,34
7326,34
7327,34
7328,34
7329,48
7330,42
7331,34
7332,48
7333,217
7334,81
7335,34
7336,34
7337,34
7338,81
7339,75
7340,170
7341,34
7342,42
7343,167
7344,57
7345,71
7346,71
7347,71
7348,48
7349,42
7350,76
7351,48
7352,48
7353,34
7354,42
7355,44
7356,171
7357,221
7358,44
7359,34
7360,131
7361,48
7362,171
7363,48
7364,44
7365,27
7366,34
7367,44
7368,42
7369,48
7370,42
7371,48
7372,155
7373,48
7374,34
7375,42
7376,48
7377,13
7378,34
7379,33
7380,171
7381,48
7382,48
7383,48
7384,200
7385,42
7386,42
7387,34
7388,48
7389,152
7390,29
7391,173
7392,173
7393,13
7394,173
7395,34
7396,34
7397,71
7398,42
7399,34
7400,48
7401,37
7402,44
7403,58
7404,42
7405,48
7406,34
7407,75
7408,173
7409,48
7410,48
7411,71
7412,48
7413,44
7414,34
7415,167
7416,37
7417,34
7418,34
7419,167
7420,29
7421,48
7422,48
7423,221
7424,4
7425,54
7426,72
7427,48
7428,109
7429,34
7430,212
7431,75
7432,34
7433,75
7434,34
7435,170
7436,48
7437,48
7438,44
7439,34
7440,81
7441,34
7442,37
7443,34
7444,34
7445,42
7446,71
7447,44
7448,34
7449,75
7450,34
7451,48
7452,71
7453,37
7454,81
7455,71
7456,48
7457,48
7458,34
7459,71
7460,75
7461,71
7462,34
7463,48
7464,72
7465,48
7466,48
7467,34
7468,34
7469,42
7470,48
7471,44
7472,48
7473,167
7474,173
7475,34
7476,72
7477,34
7478,71
7479,44
7480,72
7481,37
7482,48
7483,54
7484,34
7485,72
7486,34
7487,152
7488,48
7489,159
7490,81
7491,34
7492,82
7493,42
7494,34
7495,48
7496,214
7497,71
7498,34
7499,71
7500,48
7501,48
7502,34
7503,71
7504,48
7505,89
7506,34
7507,72
7508,173
7509,221
7510,37
7511,167
7512,48
7513,34
7514,48
7515,72
7516,42
7517,34
7518,34
7519,42
7520,34
7521,42
7522,42
7523,206
7524,48
7525,89
7526,48
7527,48
7528,42
7529,34
7530,87
7531,42
7532,48
7533,170
7534,158
7535,81
7536,171
7537,37
7538,34
7539,34
7540,48
7541,72
7542,72
7543,170
7544,34
7545,34
7546,103
7547,75
7548,34
7549,207
7550,48
7551,48
7552,76
7553,173
7554,34
7555,44
7556,34
7557,34
7558,173
7559,72
7560,212
7561,105
7562,34
7563,34
7564,44
7565,87
7566,34
7567,221
7568,81
7569,34
7570,221
7571,48
7572,18
7573,81
7574,75
7575,48
7576,34
7577,34
7578,34
7579,42
7580,34
7581,4
7582,48
7583,42
7584,76
7585,34
7586,14
7587,34
7588,48
7589,26
7590,34
7591,72
7592,34
7593,44
7594,82
7595,159
7596,57
7597,48
7598,48
7599,34
7600,44
7601,42
7602,34
7603,48
7604,34
7605,34
7606,34
7607,34
7608,81
7609,131
7610,42
7611,13
7612,170
7613,131
7614,44
7615,34
7616,48
7617,42
7618,5
7619,106
7620,105
7621,48
7622,71
7623,71
7624,173
7625,214
7626,48
7627,173
7628,48
7629,34
7630,48
7631,34
7632,39
7633,34
7634,34
7635,42
7636,75
7637,72
7638,34
7639,34
7640,81
7641,48
7642,48
7643,167
7644,34
7645,42
7646,48
7647,34
7648,131
7649,44
7650,34
7651,171
7652,34
7653,34
7654,221
7655,42
7656,34
7657,34
7658,34
7659,34
7660,171
7661,34
7662,218
7663,170
7664,221
7665,81
7666,37
7667,72
7668,34
7669,75
7670,34
7671,173
7672,48
7673,34
7674,48
7675,75
7676,71
7677,34
7678,34
7679,34
7680,81
7681,34
7682,48
7683,48
7684,81
7685,34
7686,48
7687,48
7688,217
7689,42
7690,34
7691,48
7692,71
7693,82
7694,48
7695,48
7696,42
7697,42
7698,44
7699,173
7700,34
7701,34
7702,48
7703,34
7704,217
7705,48
7706,48
7707,34
7708,48
7709,34
7710,34
7711,34
7712,152
7713,48
7714,34
7715,34
7716,34
7717,48
7718,37
7719,221
7720,34
7721,71
7722,89
7723,34
7724,48
7725,127
7726,37
7727,207
7728,207
7729,48
7730,167
7731,81
7732,120
7733,72
7734,34
7735,167
7736,76
7737,57
7738,34
7739,71
7740,42
7741,13
7742,29
7743,173
7744,120
7745,71
7746,222
7747,37
7748,48
7749,34
7750,48
7751,200
7752,42
7753,72
7754,82
7755,72
7756,34
7757,76
7758,71
7759,42
7760,48
7761,34
7762,42
7763,34
7764,71
7765,34
7766,48
7767,34
7768,81
7769,42
7770,42
7771,34
7772,81
7773,34
7774,34
7775,167
7776,34
7777,213
7778,48
7779,34
7780,48
7781,81
7782,48
7783,71
7784,71
7785,34
7786,34
7787,48
7788,34
7789,48
7790,34
7791,170
7792,76
7793,42
7794,81
7795,48
7796,42
7797,42
7798,44
7799,3
7800,173
7801,82
7802,48
7803,34
7804,48
7805,34
7806,72
7807,48
7808,34
7809,82
7810,82
7811,44
7812,81
7813,34
7814,13
7815,48
7816,72
7817,48
7818,48
7819,34
7820,167
7821,48
7822,71
7823,42
7824,167
7825,48
7826,34
7827,34
7828,34
7829,34
7830,48
7831,34
7832,48
7833,34
7834,34
7835,34
7836,24
7837,173
7838,75
7839,34
7840,42
7841,81
7842,34
7843,220
7844,37
7845,44
7846,159
7847,34
7848,42
7849,210
7850,48
7851,34
7852,34
7853,207
7854,48
7855,77
7856,89
7857,71
7858,109
7859,34
7860,72
7861,34
7862,173
7863,82
7864,170
7865,34
7866,71
7867,42
7868,34
7869,34
7870,67
7871,42
7872,34
7873,37
7874,71
7875,42
7876,167
7877,29
7878,34
7879,37
7880,34
7881,72
7882,48
7883,42
7884,34
7885,42
7886,48
7887,71
7888,34
7889,201
7890,34
7891,34
7892,34
7893,42
7894,48
7895,42
7896,48
7897,34
7898,48
7899,76
7900,37
7901,34
7902,37
7903,34
7904,34
7905,42
7906,48
7907,173
7908,71
7909,48
7910,34
7911,42
7912,221
7913,34
7914,173
7915,4
7916,34
7917,72
7918,34
7919,34
7920,42
7921,217
7922,103
7923,34
7924,71
7925,48
7926,171
7927,34
7928,173
7929,34
7930,171
7931,217
7932,173
7933,42
7934,200
7935,34
7936,48
7937,42
7938,34
7939,81
7940,71
7941,34
7942,48
7943,48
7944,34
7945,2
7946,173
7947,48
7948,34
7949,221
7950,16
7951,34
7952,42
7953,48
7954,72
7955,170
7956,34
7957,48
7958,207
7959,48
7960,34
7961,34
7962,48
7963,34
7964,182
7965,54
7966,48
7967,34
7968,82
7969,71
7970,34
7971,71
7972,48
7973,72
7974,57
7975,167
7976,71
7977,72
7978,44
7979,173
7980,42
7981,48
7982,34
7983,34
7984,48
7985,42
7986,34
7987,122
7988,34
7989,48
7990,34
7991,34
7992,44
7993,34
7994,48
7995,42
7996,76
7997,34
7998,44
7999,81
8000,34
8001,34
8002,26
8003,87
8004,48
8005,82
8006,42
8007,34
8008,34
8009,42
8010,34
8011,34
8012,34
8013,72
8014,81
8015,42
8016,14
8017,214
8018,34
8019,221
8020,34
8021,87
8022,87
8023,34
8024,42
8025,48
8026,203
8027,48
8028,34
8029,48
8030,34
8031,34
8032,27
8033,34
8034,72
8035,201
8036,71
8037,48
8038,42
8039,42
8040,48
8041,158
8042,82
8043,34
8044,106
8045,34
8046,34
8047,75
8048,42
8049,48
8050,44
8051,34
8052,34
8053,48
8054,34
8055,119
8056,71
8057,48
8058,34
8059,42
8060,42
8061,54
8062,75
8063,48
8064,34
8065,37
8066,48
8067,42
8068,4
8069,34
8070,44
8071,173
8072,13
8073,34
8074,48
8075,27
8076,34
8077,221
8078,149
8079,48
8080,221
8081,34
8082,71
8083,34
8084,34
8085,34
8086,34
8087,42
8088,26
8089,44
8090,34
8091,34
8092,173
8093,72
8094,54
8095,44
8096,89
8097,48
8098,34
8099,44
8100,26
8101,42
8102,167
8103,48
8104,42
8105,71
8106,34
8107,34
8108,56
8109,35
8110,42
8111,34
8112,82
8113,34
8114,221
8115,221
8116,207
8117,34
8118,81
8119,34
8120,48
8121,37
8122,82
8123,34
8124,173
8125,71
8126,42
8127,48
8128,48
8129,76
8130,34
8131,48
8132,42
8133,34
8134,82
8135,48
8136,34
8137,34
8138,34
8139,173
8140,34
8141,42
8142,34
8143,131
8144,48
8145,158
8146,214
8147,34
8148,72
8149,34
8150,170
8151,42
8152,34
8153,48
8154,59
8155,71
8156,34
8157,27
8158,42
8159,205
8160,75
8161,103
8162,42
8163,34
8164,167
8165,34
8166,81
8167,37
8168,34
8169,48
8170,48
8171,42
8172,72
8173,89
8174,87
8175,173
8176,48
8177,34
8178,34
8179,42
8180,34
8181,34
8182,42
8183,27
8184,34
8185,48
8186,81
8187,37
8188,34
8189,217
8190,34
8191,210
8192,48
8193,81
8194,34
8195,71
8196,173
8197,34
8198,4
8199,173
8200,34
8201,34
8202,48
8203,48
8204,42
8205,221
8206,34
8207,34
8208,76
8209,37
8210,34
8211,89
8212,75
8213,34
8214,81
8215,48
8216,34
8217,42
8218,72
8219,34
8220,48
8221,34
8222,37
8223,34
8224,71
8225,48
8226,221
8227,75
8228,185
8229,34
8230,48
8231,34
8232,42
8233,48
8234,170
8235,48
8236,44
8237,34
8238,34
8239,42
8240,44
8241,37
8242,26
8243,48
8244,34
8245,221
8246,221
8247,48
8248,34
8249,48
8250,71
8251,71
8252,48
8253,173
8254,34
8255,212
8256,34
8257,42
8258,48
8259,207
8260,34
8261,34
8262,48
8263,34
8264,26
8265,171
8266,72
8267,72
8268,42
8269,76
8270,173
8271,72
8272,48
8273,48
8274,44
8275,34
8276,82
8277,89
8278,75
8279,34
8280,48
8281,48
8282,44
8283,34
8284,37
8285,34
8286,34
8287,71
8288,48
8289,34
8290,217
8291,42
8292,42
8293,75
8294,82
8295,34
8296,44
8297,34
8298,42
8299,34
8300,48
8301,34
8302,48
8303,48
8304,81
8305,71
8306,48
8307,72
8308,37
8309,71
8310,42
8311,34
8312,48
8313,71
8314,82
8315,48
8316,37
8317,34
8318,42
8319,81
8320,34
8321,71
8322,48
8323,221
8324,37
8325,89
8326,71
8327,221
8328,173
8329,34
8330,173
8331,34
8332,29
8333,72
8334,48
8335,48
8336,34
8337,34
8338,42
8339,173
8340,4
8341,34
8342,48
8343,170
8344,207
8345,48
8346,42
8347,37
8348,48
8349,82
8350,82
8351,42
8352,34
8353,48
8354,26
8355,42
8356,44
8357,42
8358,167
8359,34
8360,48
8361,177
8362,42
8363,27
8364,44
8365,48
8366,34
8367,71
8368,37
8369,72
8370,42
8371,173
8372,81
8373,221
8374,44
8375,42
8376,34
8377,48
8378,72
8379,29
8380,34
8381,71
8382,71
8383,48
8384,34
8385,75
8386,34
8387,44
8388,170
8389,37
8390,34
8391,48
8392,34
8393,34
8394,34
8395,71
8396,167
8397,34
8398,48
8399,42
8400,48
8401,48
8402,221
8403,37
8404,48
8405,75
8406,48
8407,7
8408,34
8409,42
8410,170
8411,34
8412,44
8413,48
8414,34
8415,173
8416,48
8417,105
8418,34
8419,42
8420,42
8421,81
8422,27
8423,48
8424,173
8425,173
8426,42
8427,4
8428,48
8429,81
8430,74
8431,34
8432,42
8433,48
8434,10
8435,48
8436,173
8437,57
8438,48
8439,106
8440,48
8441,173
8442,34
8443,212
8444,34
8445,34
8446,81
8447,81
8448,81
8449,71
8450,34
8451,37
8452,34
8453,72
8454,48
8455,119
8456,103
8457,48
8458,170
8459,34
8460,48
8461,5
8462,72
8463,48
8464,170
8465,67
8466,34
8467,72
8468,48
8469,48
8470,34
8471,34
8472,42
8473,34
8474,34
8475,171
8476,34
8477,72
8478,221
8479,44
8480,37
8481,72
8482,34
8483,207
8484,34
8485,170
8486,71
8487,34
8488,48
8489,152
8490,34
8491,34
8492,173
8493,48
8494,58
8495,89
8496,44
8497,13
8498,37
8499,34
8500,221
8501,48
8502,48
8503,34
8504,160
8505,71
8506,34
8507,37
8508,34
8509,72
8510,34
8511,159
8512,42
8513,44
8514,34
8515,42
8516,48
8517,207
8518,34
8519,37
8520,42
8521,34
8522,34
8523,170
8524,37
8525,20
8526,34
8527,34
8528,48
8529,48
8530,81
8531,34
8532,173
8533,34
8534,37
8535,72
8536,81
8537,173
8538,34
8539,173
8540,48
8541,151
8542,221
8543,48
8544,42
8545,42
8546,106
8547,221
8548,75
8549,34
8550,159
8551,42
8552,42
8553,170
8554,42
8555,34
8556,81
8557,16
8558,34
8559,37
8560,34
8561,170
8562,167
8563,42
8564,173
8565,48
8566,34
8567,173
8568,152
8569,34
8570,207
8571,75
8572,48
8573,119
8574,34
8575,34
8576,34
8577,48
8578,37
8579,48
8580,167
8581,170
8582,48
8583,28
8584,42
8585,48
8586,48
8587,34
8588,34
8589,131
8590,48
8591,48
8592,48
8593,71
8594,37
8595,71
8596,34
8597,34
8598,13
8599,217
8600,76
8601,34
8602,71
8603,42
8604,72
8605,42
8606,34
8607,48
8608,48
8609,48
8610,34
8611,34
8612,109
8613,71
8614,34
8615,171
8616,48
8617,42
8618,173
8619,34
8620,37
8621,7
8622,167
8623,42
8624,48
8625,34
8626,34
8627,42
8628,34
8629,37
8630,48
8631,155
8632,34
8633,81
8634,22
8635,207
8636,34
8637,34
8638,48
8639,173
8640,34
8641,48
8642,26
8643,34
8644,34
8645,42
8646,71
8647,34
8648,34
8649,44
8650,34
8651,48
8652,72
8653,71
8654,75
8655,42
8656,37
8657,87
8658,48
8659,79
8660,48
8661,42
8662,34
8663,37
8664,48
8665,34
8666,42
8667,34
8668,44
8669,37
8670,75
8671,173
8672,48
8673,76
8674,75
8675,75
8676,34
8677,48
8678,34
8679,42
8680,217
8681,170
8682,34
8683,48
8684,81
8685,173
8686,221
8687,48
8688,34
8689,34
8690,173
8691,37
8692,82
8693,34
8694,109
8695,34
8696,173
8697,42
8698,75
8699,13
8700,48
8701,34
8702,175
8703,81
8704,173
8705,34
8706,48
8707,44
8708,34
8709,44
8710,159
8711,106
8712,48
8713,48
8714,167
8715,71
8716,34
8717,34
8718,120
8719,221
8720,173
8721,34
8722,48
8723,207
8724,72
8725,48
8726,37
8727,48
8728,158
8729,42
8730,34
8731,212
8732,42
8733,42
8734,48
8735,34
8736,34
8737,173
8738,207
8739,34
8740,204
8741,72
8742,75
8743,48
8744,48
8745,44
8746,48
8747,34
8748,72
8749,207
8750,167
8751,42
8752,37
8753,81
8754,34
8755,37
8756,81
8757,34
8758,37
8759,76
8760,48
8761,71
8762,34
8763,42
8764,209
8765,13
8766,42
8767,42
8768,42
8769,48
8770,34
8771,48
8772,13
8773,34
8774,48
8775,48
8776,44
8777,170
8778,34
8779,34
8780,48
8781,71
8782,21
8783,48
8784,48
8785,34
8786,34
8787,34
8788,29
8789,34
8790,34
8791,71
8792,48
8793,48
8794,34
8795,34
8796,48
8797,34
8798,42
8799,196
8800,75
8801,173
8802,34
8803,155
8804,34
8805,71
8806,82
8807,42
8808,48
8809,34
8810,170
8811,34
8812,34
8813,71
8814,34
8815,42
8816,57
8817,72
8818,34
8819,13
8820,18
8821,173
8822,34
8823,71
8824,42
8825,34
8826,18
8827,82
8828,71
8829,34
8830,207
8831,48
8832,34
8833,48
8834,109
8835,48
8836,34
8837,72
8838,48
8839,87
8840,34
8841,48
8842,48
8843,48
8844,34
8845,34
8846,34
8847,42
8848,48
8849,34
8850,48
8851,48
8852,72
8853,167
8854,42
8855,89
8856,42
8857,34
8858,48
8859,42
8860,44
8861,75
8862,42
8863,48
8864,48
8865,48
8866,48
8867,34
8868,71
8869,76
8870,26
8871,48
8872,82
8873,34
8874,82
8875,48
8876,34
8877,173
8878,34
8879,37
8880,71
8881,44
8882,81
8883,173
8884,37
8885,34
8886,170
8887,103
8888,54
8889,49
8890,42
8891,89
8892,37
8893,42
8894,221
8895,34
8896,214
8897,48
8898,48
8899,37
8900,48
8901,71
8902,48
8903,48
8904,48
8905,34
8906,34
8907,7
8908,71
8909,29
8910,13
8911,48
8912,167
8913,34
8914,75
8915,188
8916,48
8917,34
8918,75
8919,34
8920,42
8921,71
8922,67
8923,34
8924,29
8925,72
8926,48
8927,48
8928,42
8929,48
8930,48
8931,34
8932,34
8933,72
8934,34
8935,34
8936,44
8937,71
8938,48
8939,72
8940,67
8941,34
8942,34
8943,167
8944,109
8945,81
8946,34
8947,48
8948,34
8949,37
8950,42
8951,42
8952,75
8953,48
8954,48
8955,48
8956,34
8957,48
8958,48
8959,89
8960,48
8961,87
8962,48
8963,34
8964,48
8965,48
8966,34
8967,48
8968,173
8969,34
8970,37
8971,48
8972,42
8973,26
8974,34
8975,48
8976,48
8977,13
8978,81
8979,48
8980,221
8981,42
8982,48
8983,48
8984,48
8985,44
8986,48
8987,34
8988,87
8989,37
8990,34
8991,221
8992,34
8993,72
8994,34
8995,42
8996,89
8997,48
8998,34
8999,13
9000,48
9001,48
9002,34
9003,71
9004,48
9005,146
9006,44
9007,173
9008,37
9009,42
9010,34
9011,34
9012,34
9013,13
9014,81
9015,48
9016,34
9017,34
9018,34
9019,42
9020,207
9021,48
9022,48
9023,221
9024,48
9025,34
9026,48
9027,34
9028,81
9029,34
9030,34
9031,48
9032,48
9033,173
9034,18
9035,29
9036,34
9037,48
9038,48
9039,196
9040,34
9041,44
9042,81
9043,81
9044,4
9045,48
9046,109
9047,34
9048,34
9049,48
9050,205
9051,48
9052,44
9053,221
9054,37
9055,54
9056,72
9057,72
9058,75
9059,48
9060,173
9061,34
9062,48
9063,48
9064,214
9065,34
9066,34
9067,21
9068,34
9069,48
9070,131
9071,34
9072,26
9073,75
9074,42
9075,34
9076,48
9077,71
9078,44
9079,42
9080,105
9081,48
9082,217
9083,221
9084,48
9085,42
9086,37
9087,71
9088,72
9089,34
9090,34
9091,34
9092,221
9093,48
9094,167
9095,34
9096,81
9097,34
9098,13
9099,34
9100,34
9101,34
9102,34
9103,75
9104,109
9105,72
9106,34
9107,48
9108,34
9109,87
9110,76
9111,87
9112,173
9113,127
9114,206
9115,48
9116,34
9117,34
9118,39
9119,81
9120,170
9121,44
9122,34
9123,37
9124,44
9125,34
9126,48
9127,34
9128,34
9129,48
9130,48
9131,71
9132,34
9133,42
9134,221
9135,48
9136,11
9137,27
9138,217
9139,34
9140,27
9141,37
9142,207
9143,34
9144,34
9145,71
9146,209
9147,48
9148,167
9149,57
9150,48
9151,42
9152,34
9153,34
9154,44
9155,48
9156,173
9157,42
9158,81
9159,171
9160,48
9161,34
9162,44
9163,26
9164,42
9165,48
9166,29
9167,75
9168,44
9169,221
9170,173
9171,42
9172,44
9173,42
9174,48
9175,48
9176,13
9177,34
9178,71
9179,42
9180,221
9181,87
9182,37
9183,48
9184,34
9185,167
9186,89
9187,34
9188,34
9189,44
9190,34
9191,42
9192,48
9193,34
9194,167
9195,71
9196,34
9197,48
9198,42
9199,42
9200,44
9201,167
9202,48
9203,13
9204,48
9205,34
9206,127
9207,72
9208,72
9209,48
9210,48
9211,48
9212,89
9213,34
9214,48
9215,48
9216,34
9217,159
9218,48
9219,34
9220,34
9221,44
9222,44
9223,44
9224,48
9225,48
9226,34
9227,81
9228,81
9229,48
9230,34
9231,34
9232,48
9233,71
9234,34
9235,34
9236,42
9237,34
9238,48
9239,72
9240,221
9241,34
9242,44
9243,34
9244,44
9245,34
9246,109
9247,48
9248,34
9249,34
9250,48
9251,48
9252,207
9253,48
9254,48
9255,11
9256,34
9257,211
9258,173
9259,34
9260,34
9261,42
9262,34
9263,207
9264,34
9265,42
9266,75
9267,42
9268,34
9269,48
9270,87
9271,34
9272,48
9273,34
9274,42
9275,48
9276,103
9277,48
9278,173
9279,48
9280,34
9281,48
9282,173
9283,173
9284,48
9285,44
9286,42
9287,210
9288,34
9289,42
9290,42
9291,48
9292,42
9293,48
9294,221
9295,34
9296,34
9297,34
9298,42
9299,76
9300,48
9301,26
9302,48
9303,171
9304,48
9305,71
9306,71
9307,89
9308,34
9309,37
9310,217
9311,42
9312,48
9313,34
9314,48
9315,34
9316,34
9317,34
9318,34
9319,171
9320,34
9321,76
9322,34
9323,34
9324,37
9325,217
9326,173
9327,34
9328,103
9329,109
9330,48
9331,34
9332,59
9333,173
9334,42
9335,48
9336,34
9337,42
9338,37
9339,48
9340,34
9341,48
9342,20
9343,34
9344,42
9345,42
9346,123
9347,34
9348,171
9349,48
9350,37
9351,173
9352,44
9353,34
9354,37
9355,44
9356,42
9357,103
9358,37
9359,42
9360,20
9361,89
9362,48
9363,76
9364,42
9365,71
9366,34
9367,34
9368,34
9369,71
9370,34
9371,42
9372,48
9373,42
9374,173
9375,37
9376,48
9377,44
9378,48
9379,173
9380,48
9381,26
9382,34
9383,34
9384,37
9385,44
9386,34
9387,42
9388,34
9389,75
9390,34
9391,81
9392,82
9393,34
9394,81
9395,170
9396,182
9397,42
9398,81
9399,34
9400,48
9401,48
9402,42
9403,44
9404,34
9405,217
9406,221
9407,42
9408,44
9409,34
9410,68
9411,48
9412,42
9413,34
9414,34
9415,34
9416,48
9417,48
9418,34
9419,71
9420,42
9421,34
9422,48
9423,71
9424,24
9425,48
9426,48
9427,34
9428,34
9429,34
9430,34
9431,87
9432,34
9433,71
9434,72
9435,48
9436,34
9437,34
9438,71
9439,34
9440,75
9441,34
9442,7
9443,42
9444,170
9445,48
9446,71
9447,48
9448,34
9449,48
9450,173
9451,217
9452,37
9453,81
9454,120
9455,42
9456,34
9457,221
9458,34
9459,48
9460,75
9461,34
9462,48
9463,48
9464,34
9465,42
9466,171
9467,120
9468,42
9469,48
9470,26
9471,34
9472,87
9473,109
9474,72
9475,71
9476,48
9477,48
9478,4
9479,34
9480,44
9481,75
9482,34
9483,81
9484,44
9485,48
9486,28
9487,71
9488,220
9489,44
9490,42
9491,48
9492,34
9493,48
9494,75
9495,81
9496,42
9497,34
9498,48
9499,48
9500,89
9501,42
9502,26
9503,171
9504,82
9505,42
9506,34
9507,48
9508,27
9509,34
9510,171
9511,37
9512,34
9513,34
9514,221
9515,204
9516,48
9517,171
9518,34
9519,34
9520,34
9521,100
9522,42
9523,34
9524,37
9525,48
9526,34
9527,48
9528,42
9529,11
9530,34
9531,71
9532,34
9533,34
9534,42
9535,3
9536,34
9537,48
9538,48
9539,48
9540,34
9541,221
9542,42
9543,34
9544,71
9545,34
9546,34
9547,48
9548,81
9549,158
9550,34
9551,34
9552,42
9553,34
9554,48
9555,48
9556,42
9557,42
9558,109
9559,34
9560,34
9561,37
9562,170
9563,34
9564,48
9565,48
9566,48
9567,82
9568,48
9569,42
9570,167
9571,48
9572,81
9573,34
9574,143
9575,171
9576,34
9577,42
9578,34
9579,34
9580,48
9581,48
9582,34
9583,48
9584,173
9585,44
9586,81
9587,72
9588,71
9589,120
9590,9
9591,170
9592,48
9593,42
9594,167
9595,173
9596,34
9597,44
9598,48
9599,37
9600,75
9601,48
9602,48
9603,34
9604,67
9605,34
9606,48
9607,34
9608,221
9609,127
9610,201
9611,34
9612,44
9613,207
9614,34
9615,212
9616,81
9617,37
9618,37
9619,34
9620,37
9621,34
9622,42
9623,34
9624,48
9625,34
9626,37
9627,48
9628,173
9629,34
9630,34
9631,173
9632,34
9633,72
9634,37
9635,48
9636,75
9637,48
9638,34
9639,4
9640,37
9641,48
9642,48
9643,44
9644,221
9645,34
9646,173
9647,57
9648,82
9649,48
9650,173
9651,48
9652,34
9653,48
9654,34
9655,37
9656,48
9657,42
9658,26
9659,34
9660,34
9661,48
9662,212
9663,34
9664,48
9665,34
9666,48
9667,71
9668,221
9669,34
9670,18
9671,48
9672,34
9673,48
9674,71
9675,34
9676,13
9677,173
9678,34
9679,34
9680,173
9681,34
9682,42
9683,48
9684,34
9685,34
9686,37
9687,42
9688,103
9689,167
9690,42
9691,34
9692,34
9693,173
9694,48
9695,34
9696,27
9697,34
9698,71
9699,75
9700,34
9701,170
9702,167
9703,221
9704,42
9705,48
9706,207
9707,167
9708,26
9709,44
9710,34
9711,25
9712,221
9713,72
9714,34
9715,72
9716,167
9717,71
9718,34
9719,48
9720,34
9721,48
9722,159
9723,34
9724,173
9725,34
9726,48
9727,48
9728,34
9729,37
9730,48
9731,34
9732,37
9733,34
9734,71
9735,42
9736,48
9737,34
9738,48
9739,34
9740,34
9741,173
9742,48
9743,34
9744,48
9745,214
9746,34
9747,34
9748,34
9749,34
9750,81
9751,42
9752,48
9753,26
9754,34
9755,48
9756,48
9757,26
9758,48
9759,42
9760,37
9761,34
9762,44
9763,91
9764,173
9765,48
9766,170
9767,34
9768,42
9769,48
9770,34
9771,72
9772,48
9773,34
9774,34
9775,34
9776,34
9777,48
9778,4
9779,48
9780,48
9781,48
9782,44
9783,168
9784,173
9785,34
9786,72
9787,48
9788,5
9789,34
9790,13
9791,72
9792,48
9793,34
9794,34
9795,34
9796,34
9797,34
9798,72
9799,37
9800,34
9801,175
9802,48
9803,48
9804,42
9805,72
9806,48
9807,42
9808,42
9809,34
9810,34
9811,107
9812,48
9813,75
9814,34
9815,34
9816,75
9817,37
9818,173
9819,82
9820,34
9821,82
9822,183
9823,75
9824,34
9825,42
9826,221
9827,34
9828,48
9829,81
9830,34
9831,48
9832,167
9833,82
9834,48
9835,48
9836,170
9837,48
9838,34
9839,34
9840,173
9841,72
9842,34
9843,42
9844,221
9845,34
9846,34
9847,72
9848,171
9849,44
9850,48
9851,173
9852,34
9853,34
9854,34
9855,76
9856,173
9857,42
9858,170
9859,42
9860,34
9861,37
9862,89
9863,34
9864,34
9865,89
9866,42
9867,221
9868,34
9869,34
9870,14
9871,48
9872,34
9873,221
9874,48
9875,42
9876,34
9877,48
9878,37
9879,48
9880,37
9881,81
9882,34
9883,48
9884,159
9885,152
9886,81
9887,48
9888,109
9889,34
9890,48
9891,173
9892,48
9893,71
9894,34
9895,34
9896,48
9897,170
9898,37
9899,27
9900,37
9901,109
9902,48
9903,34
9904,44
9905,71
9906,34
9907,34
9908,75
9909,82
9910,48
9911,171
9912,221
9913,34
9914,159
9915,106
9916,81
9917,34
9918,34
9919,37
9920,16
9921,42
9922,173
9923,34
9924,34
9925,170
9926,72
9927,34
9928,216
9929,48
9930,72
9931,72
9932,44
9933,48
9934,48
9935,34
9936,89
9937,48
9938,48
9939,34
9940,34
9941,72
9942,170
9943,48
9944,34
9945,81
9946,170
9947,221
9948,87
9949,48
9950,34
9951,89
9952,105
9953,34
9954,34
9955,48
9956,34
9957,34
9958,48
9959,71
9960,34
9961,71
9962,34
9963,34
9964,106
9965,34
9966,81
9967,37
9968,48
9969,48
9970,34
9971,42
9972,34
9973,42
9974,19
9975,34
9976,4
9977,166
9978,170
9979,34
9980,34
9981,34
9982,42
9983,34
9984,44
9985,171
9986,34
9987,37
9988,48
9989,34
9990,82
9991,34
9992,221
9993,72
9994,155
9995,34
9996,34
9997,34
9998,34
9999,75
10000,120
10001,34
10002,34
10003,34
10004,18
10005,34
10006,71
10007,82
10008,48
10009,44
10010,4
10011,42
10012,42
10013,42
10014,207
10015,34
10016,211
10017,13
10018,34
10019,34
10020,82
10021,34
10022,82
10023,173
10024,27
10025,42
10026,27
10027,221
10028,71
10029,34
10030,48
10031,34
10032,16
10033,81
10034,34
10035,48
10036,76
10037,87
10038,48
10039,34
10040,34
10041,34
10042,221
10043,34
10044,173
10045,34
10046,34
10047,34
10048,220
10049,34
10050,34
10051,48
10052,71
10053,42
10054,48
10055,71
10056,173
10057,34
10058,44
10059,173
10060,221
10061,34
10062,37
10063,48
10064,34
10065,72
10066,34
10067,42
10068,34
10069,221
10070,44
10071,221
10072,34
10073,167
10074,159
10075,34
10076,48
10077,42
10078,48
10079,42
10080,34
10081,42
10082,48
10083,34
10084,37
10085,44
10086,71
10087,34
10088,106
10089,48
10090,34
10091,76
10092,71
10093,48
10094,48
10095,42
10096,48
10097,81
10098,34
10099,34
10100,34
10101,81
10102,34
10103,34
10104,48
10105,37
10106,34
10107,71
10108,11
10109,34
10110,48
10111,4
10112,34
10113,42
10114,34
10115,34
10116,42
10117,34
10118,42
10119,71
10120,76
10121,44
10122,71
10123,48
10124,48
10125,196
10126,87
10127,173
10128,34
10129,217
10130,34
10131,34
10132,34
10133,217
10134,182
10135,48
10136,82
10137,71
10138,173
10139,48
10140,34
10141,72
10142,34
10143,34
10144,72
10145,71
10146,71
10147,75
10148,44
10149,34
10150,42
10151,48
10152,81
10153,82
10154,72
10155,37
10156,221
10157,34
10158,48
10159,48
10160,34
10161,48
10162,37
10163,48
10164,48
10165,34
10166,81
10167,48
10168,154
10169,34
10170,221
10171,34
10172,48
10173,34
10174,34
10175,34
10176,105
10177,48
10178,170
10179,72
10180,173
10181,71
10182,34
10183,48
10184,217
10185,34
10186,37
10187,48
10188,42
10189,71
10190,34
10191,34
10192,26
10193,87
10194,48
10195,44
10196,34
10197,37
10198,173
10199,48
10200,37
10201,48
10202,81
10203,48
10204,34
10205,221
10206,48
10207,76
10208,48
10209,27
10210,48
10211,220
10212,42
10213,34
10214,214
10215,119
10216,173
10217,42
10218,170
10219,37
10220,34
10221,81
10222,13
10223,71
10224,48
10225,48
10226,48
10227,72
10228,13
10229,42
10230,48
10231,37
10232,81
10233,44
10234,48
10235,120
10236,44
10237,48
10238,34
10239,72
10240,48
10241,87
10242,34
10243,37
10244,34
10245,221
10246,34
10247,34
10248,34
10249,81
10250,106
10251,71
10252,48
10253,34
10254,34
10255,34
10256,34
10257,48
10258,170
10259,48
10260,34
10261,44
10262,34
10263,72
10264,221
10265,37
10266,48
10267,34
10268,173
10269,34
10270,34
10271,34
10272,48
10273,221
10274,37
10275,34
10276,81
10277,17
10278,48
10279,34
10280,48
10281,48
10282,48
10283,34
10284,34
10285,34
10286,42
10287,42
10288,37
10289,81
10290,34
10291,71
10292,72
10293,34
10294,72
10295,221
10296,34
10297,213
10298,167
10299,42
10300,48
10301,44
10302,48
10303,7
10304,48
10305,42
10306,37
10307,48
10308,34
10309,48
10310,81
10311,34
10312,34
10313,34
10314,42
10315,188
10316,34
10317,37
10318,44
10319,171
10320,81
10321,42
10322,72
10323,42
10324,34
10325,34
10326,167
10327,34
10328,34
10329,48
10330,81
10331,34
10332,34
10333,48
10334,48
10335,82
10336,37
10337,44
10338,34
10339,167
10340,173
10341,37
10342,48
10343,34
10344,42
10345,48
10346,42
10347,207
10348,48
10349,48
10350,37
10351,34
10352,221
10353,37
10354,34
10355,48
10356,171
10357,109
10358,119
10359,81
10360,27
10361,34
10362,42
10363,167
10364,34
10365,34
10366,34
10367,34
10368,171
10369,48
10370,34
10371,158
10372,42
10373,34
10374,34
10375,170
10376,48
10377,44
10378,55
10379,48
10380,34
10381,42
10382,34
10383,170
10384,81
10385,103
10386,34
10387,207
10388,48
10389,7
10390,34
10391,48
10392,34
10393,34
10394,34
10395,48
10396,82
10397,48
10398,173
10399,109
10400,167
10401,120
10402,37
10403,34
10404,48
10405,82
10406,42
10407,48
10408,48
10409,81
10410,71
10411,82
10412,34
10413,167
10414,76
10415,34
10416,34
10417,34
10418,71
10419,34
10420,221
10421,42
10422,7
10423,48
10424,42
10425,34
10426,72
10427,34
10428,109
10429,48
10430,48
10431,167
10432,37
10433,34
10434,48
10435,57
10436,75
10437,42
10438,34
10439,217
10440,4
10441,34
10442,43
10443,48
10444,48
10445,81
10446,34
10447,14
10448,34
10449,42
10450,170
10451,34
10452,173
10453,26
10454,13
10455,72
10456,48
10457,34
10458,34
10459,82
10460,48
10461,67
10462,81
10463,106
10464,42
10465,75
10466,48
10467,34
10468,34
10469,171
10470,42
10471,22
10472,173
10473,71
10474,34
10475,81
10476,48
10477,170
10478,56
10479,42
10480,34
10481,71
10482,173
10483,48
10484,42
10485,42
10486,48
10487,42
10488,48
10489,131
10490,48
10491,48
10492,34
10493,34
10494,20
10495,42
10496,48
10497,34
10498,34
10499,34
10500,217
10501,34
10502,44
10503,42
10504,170
10505,48
10506,34
10507,48
10508,89
10509,48
10510,37
10511,48
10512,170
10513,72
10514,48
10515,48
10516,154
10517,42
10518,42
10519,42
10520,81
10521,34
10522,75
10523,42
10524,34
10525,42
10526,34
10527,27
10528,217
10529,34
10530,48
10531,4
10532,91
10533,48
10534,13
10535,76
10536,34
10537,109
10538,173
10539,48
10540,48
10541,82
10542,34
10543,152
10544,42
10545,48
10546,48
10547,34
10548,131
10549,75
10550,170
10551,214
10552,42
10553,221
10554,48
10555,81
10556,213
10557,48
10558,54
10559,42
10560,173
10561,81
10562,48
10563,72
10564,42
10565,34
10566,34
10567,42
10568,34
10569,34
10570,48
10571,173
10572,34
10573,34
10574,146
10575,42
10576,37
10577,89
10578,44
10579,48
10580,44
10581,34
10582,173
10583,48
10584,42
10585,34
10586,34
10587,34
10588,34
10589,34
10590,34
10591,34
10592,71
10593,48
10594,37
10595,34
10596,89
10597,71
10598,109
10599,42
10600,42
10601,34
10602,34
10603,42
10604,34
10605,72
10606,72
10607,107
10608,173
10609,34
10610,34
10611,173
10612,34
10613,48
10614,34
10615,82
10616,48
10617,48
10618,34
10619,42
10620,173
10621,42
10622,48
10623,34
10624,42
10625,42
10626,44
10627,71
10628,167
10629,42
10630,34
10631,42
10632,34
10633,34
10634,34
10635,36
10636,221
10637,34
10638,34
10639,48
10640,34
10641,37
10642,34
10643,42
10644,44
10645,75
10646,34
10647,48
10648,48
10649,33
10650,34
10651,71
10652,42
10653,89
10654,170
10655,82
10656,42
10657,81
10658,48
10659,75
10660,42
10661,108
10662,48
10663,48
10664,48
10665,173
10666,34
10667,167
10668,42
10669,34
10670,48
10671,103
10672,99
10673,34
10674,57
10675,44
10676,109
10677,37
10678,27
10679,34
10680,204
10681,42
10682,75
10683,48
10684,34
10685,173
10686,48
10687,34
10688,48
10689,26
10690,170
10691,71
10692,89
10693,34
10694,44
10695,217
10696,72
10697,34
10698,34
10699,48
10700,37
10701,48
10702,34
10703,37
10704,21
10705,48
10706,34
10707,34
10708,173
10709,34
10710,34
10711,48
10712,13
10713,72
10714,48
10715,34
10716,29
10717,34
10718,42
10719,48
10720,212
10721,34
10722,35
10723,71
10724,34
10725,34
10726,173
10727,173
10728,34
10729,44
10730,170
10731,37
10732,221
10733,81
10734,48
10735,72
10736,37
10737,34
10738,34
10739,48
10740,89
10741,173
10742,44
10743,173
10744,42
10745,204
10746,34
10747,170
10748,34
10749,170
10750,37
10751,221
10752,71
10753,48
10754,38
10755,34
10756,108
10757,27
10758,48
10759,48
10760,89
10761,34
10762,72
10763,42
10764,87
10765,171
10766,173
10767,48
10768,82
10769,42
10770,71
10771,48
10772,180
10773,167
10774,48
10775,34
10776,26
10777,75
10778,58
10779,34
10780,34
10781,34
10782,55
10783,48
10784,34
10785,82
10786,81
10787,212
10788,106
10789,29
10790,48
10791,203
10792,48
10793,34
10794,81
10795,34
10796,81
10797,153
10798,34
10799,34
10800,48
10801,48
10802,71
10803,34
10804,48
10805,34
10806,34
10807,173
10808,167
10809,34
10810,217
10811,34
10812,42
10813,34
10814,37
10815,167
10816,34
10817,34
10818,173
10819,34
10820,34
10821,48
10822,48
10823,34
10824,34
10825,34
10826,48
10827,217
10828,44
10829,48
10830,34
10831,207
10832,42
10833,81
10834,42
10835,72
10836,72
10837,42
10838,48
10839,48
10840,34
10841,204
10842,160
10843,34
10844,173
10845,167
10846,29
10847,34
10848,13
10849,170
10850,34
10851,42
10852,42
10853,34
10854,48
10855,48
10856,48
10857,42
10858,37
10859,48
10860,34
10861,48
10862,37
10863,34
10864,42
10865,34
10866,82
10867,48
10868,173
10869,106
10870,34
10871,34
10872,217
10873,82
10874,48
10875,34
10876,48
10877,42
10878,34
10879,170
10880,37
10881,173
10882,34
10883,173
10884,71
10885,48
10886,34
10887,170
10888,207
10889,42
10890,42
10891,75
10892,75
10893,37
10894,37
10895,72
10896,48
10897,11
10898,211
10899,42
10900,48
10901,36
10902,173
10903,81
10904,42
10905,34
10906,75
10907,42
10908,13
10909,48
10910,22
10911,48
10912,214
10913,42
10914,170
10915,34
10916,48
10917,48
10918,42
10919,44
10920,170
10921,171
10922,48
10923,44
10924,82
10925,72
10926,34
10927,173
10928,207
10929,122
10930,48
10931,37
10932,48
10933,34
10934,48
10935,221
10936,34
10937,44
10938,167
10939,34
10940,75
10941,34
10942,48
10943,221
10944,34
10945,34
10946,173
10947,34
10948,75
10949,75
10950,48
10951,34
10952,34
10953,48
10954,34
10955,34
10956,34
10957,34
10958,72
10959,26
10960,34
10961,21
10962,44
10963,221
10964,34
10965,48
10966,103
10967,42
10968,48
10969,48
10970,34
10971,75
10972,170
10973,48
10974,207
10975,109
10976,37
10977,103
10978,34
10979,48
10980,48
10981,159
10982,75
10983,34
10984,48
10985,71
10986,34
10987,3
10988,34
10989,48
10990,173
10991,42
10992,34
10993,57
10994,34
10995,48
10996,89
10997,48
10998,71
10999,34
11000,173
11001,207
11002,42
11003,48
11004,48
11005,34
11006,71
11007,34
11008,34
11009,167
11010,48
11011,48
11012,34
11013,37
11014,34
11015,71
11016,34
11017,214
11018,34
11019,37
11020,34
11021,34
11022,34
11023,48
11024,42
11025,75
11026,34
11027,34
11028,34
11029,207
11030,34
11031,48
11032,48
11033,34
11034,48
11035,72
11036,71
11037,82
11038,42
11039,34
11040,44
11041,34
11042,76
11043,37
11044,48
11045,34
11046,173
11047,89
11048,48
11049,34
11050,34
11051,34
11052,217
11053,34
11054,81
11055,34
11056,42
11057,42
11058,42
11059,34
11060,49
11061,48
11062,34
11063,34
11064,171
11065,48
11066,158
11067,48
11068,34
11069,71
11070,42
11071,75
11072,48
11073,42
11074,48
11075,34
11076,34
11077,221
11078,48
11079,173
11080,213
11081,103
11082,34
11083,34
11084,72
11085,81
11086,34
11087,75
11088,103
11089,34
11090,34
11091,34
11092,48
11093,7
11094,34
11095,34
11096,82
11097,217
11098,173
11099,34
11100,48
11101,221
11102,42
11103,42
11104,81
11105,48
11106,75
11107,48
11108,194
11109,34
11110,120
11111,37
11112,34
11113,34
11114,72
11115,44
11116,220
11117,171
11118,207
11119,42
11120,173
11121,109
11122,71
11123,42
11124,42
11125,34
11126,34
11127,42
11128,48
11129,42
11130,48
11131,34
11132,171
11133,42
11134,75
11135,48
11136,71
11137,48
11138,37
11139,103
11140,44
11141,170
11142,221
11143,71
11144,71
11145,48
11146,171
11147,173
11148,37
11149,48
11150,81
11151,42
11152,48
11153,81
11154,34
11155,34
11156,167
11157,34
11158,221
11159,71
11160,44
11161,42
11162,42
11163,34
11164,48
11165,48
11166,2
11167,48
11168,34
11169,103
11170,106
11171,37
11172,42
11173,34
11174,42
11175,89
11176,34
11177,72
11178,75
11179,34
11180,34
11181,34
11182,34
11183,42
11184,48
11185,16
11186,48
11187,34
11188,34
11189,34
11190,75
11191,109
11192,34
11193,48
11194,48
11195,48
11196,37
11197,48
11198,34
11199,48
11200,72
11201,71
11202,221
11203,48
11204,42
11205,48
11206,34
11207,42
11208,42
11209,42
11210,34
11211,42
11212,34
11213,221
11214,44
11215,42
11216,220
11217,34
11218,44
11219,48
11220,48
11221,37
11222,34
11223,34
11224,34
11225,48
11226,48
11227,37
11228,89
11229,42
11230,171
11231,34
11232,75
11233,72
11234,44
11235,48
11236,72
11237,173
11238,48
11239,34
11240,42
11241,37
11242,34
11243,34
11244,34
11245,81
11246,34
11247,48
11248,34
11249,120
11250,57
11251,34
11252,48
11253,34
11254,48
11255,37
11256,34
11257,42
11258,42
11259,42
11260,72
11261,34
11262,167
11263,34
11264,34
11265,48
11266,27
11267,167
11268,221
11269,217
11270,87
11271,173
11272,81
11273,44
11274,71
11275,81
11276,34
11277,34
11278,42
11279,57
11280,71
11281,222
11282,48
11283,48
11284,42
11285,72
11286,34
11287,42
11288,48
11289,42
11290,48
11291,37
11292,127
11293,42
11294,82
11295,48
11296,48
11297,37
11298,37
11299,34
11300,67
11301,34
11302,34
11303,34
11304,34
11305,76
11306,81
11307,34
11308,44
11309,173
11310,48
11311,42
11312,48
11313,173
11314,81
11315,34
11316,48
11317,81
11318,44
11319,34
11320,44
11321,34
11322,173
11323,106
11324,44
11325,34
11326,42
11327,48
11328,34
11329,34
11330,34
11331,34
11332,75
11333,221
11334,173
11335,34
11336,13
11337,48
11338,221
11339,24
11340,48
11341,34
11342,173
11343,44
11344,34
11345,173
11346,4
11347,34
11348,76
11349,34
11350,44
11351,34
11352,34
11353,34
11354,48
11355,173
11356,48
11357,4
11358,34
11359,171
11360,48
11361,171
11362,207
11363,34
11364,34
11365,221
11366,44
11367,42
11368,34
11369,37
11370,34
11371,48
11372,37
11373,212
11374,42
11375,37
11376,71
11377,34
11378,14
11379,75
11380,34
11381,34
11382,48
11383,71
11384,13
11385,48
11386,34
11387,42
11388,221
11389,34
11390,48
11391,42
11392,48
11393,34
11394,48
11395,34
11396,173
11397,158
11398,48
11399,76
11400,34
11401,71
11402,82
11403,34
11404,34
11405,72
11406,71
11407,42
11408,44
11409,34
11410,48
11411,34
11412,170
11413,34
11414,42
11415,72
11416,71
11417,42
11418,34
11419,82
11420,48
11421,48
11422,56
11423,173
11424,75
11425,44
11426,42
11427,81
11428,33
11429,170
11430,81
11431,131
11432,34
11433,48
11434,42
11435,34
11436,34
11437,173
11438,42
11439,37
11440,48
11441,34
11442,48
11443,42
11444,48
11445,4
11446,34
11447,34
11448,34
11449,37
11450,173
11451,173
11452,72
11453,34
11454,48
11455,72
11456,34
11457,207
11458,173
11459,81
11460,87
11461,72
11462,54
11463,71
11464,48
11465,34
11466,173
11467,44
11468,48
11469,34
11470,170
11471,71
11472,42
11473,48
11474,48
11475,13
11476,48
11477,37
11478,34
11479,11
11480,148
11481,34
11482,42
11483,42
11484,173
11485,34
11486,71
11487,34
11488,34
11489,48
11490,34
11491,82
11492,34
11493,75
11494,72
11495,54
11496,48
11497,42
11498,109
11499,48
11500,42
11501,75
11502,171
11503,48
11504,75
11505,34
11506,119
11507,71
11508,48
11509,48
11510,34
11511,48
11512,82
11513,76
11514,34
11515,21
11516,173
11517,48
11518,34
11519,34
11520,34
11521,202
11522,48
11523,37
11524,155
11525,34
11526,48
11527,72
11528,207
11529,48
11530,34
11531,42
11532,48
11533,42
11534,34
11535,34
11536,42
11537,42
11538,152
11539,37
11540,42
11541,48
11542,81
11543,48
11544,42
11545,34
11546,34
11547,81
11548,48
11549,44
11550,34
11551,205
11552,34
11553,34
11554,34
11555,42
11556,36
11557,34
11558,167
11559,42
11560,48
11561,34
11562,20
11563,42
11564,170
11565,34
11566,13
11567,42
11568,221
11569,34
11570,220
11571,42
11572,34
11573,82
11574,34
11575,48
11576,34
11577,48
11578,34
11579,48
11580,48
11581,37
11582,48
11583,173
11584,76
11585,48
11586,173
11587,34
11588,48
11589,76
11590,164
11591,170
11592,82
11593,167
11594,42
11595,44
11596,212
11597,81
11598,42
11599,34
11600,34
11601,34
11602,34
11603,34
11604,34
11605,34
11606,44
11607,48
11608,48
11609,34
11610,48
11611,75
11612,34
11613,37
11614,44
11615,81
11616,37
11617,4
11618,167
11619,48
11620,159
11621,42
11622,48
11623,34
11624,29
11625,48
11626,42
11627,48
11628,127
11629,34
11630,48
11631,48
11632,221
11633,48
11634,42
11635,204
11636,203
11637,48
11638,34
11639,168
11640,42
11641,42
11642,76
11643,170
11644,26
11645,34
11646,34
11647,182
11648,48
11649,103
11650,48
11651,34
11652,37
11653,44
11654,48
11655,34
11656,72
11657,34
11658,167
11659,48
11660,71
11661,107
11662,167
11663,89
11664,34
11665,34
11666,34
11667,71
11668,48
11669,29
11670,34
11671,34
11672,34
11673,48
11674,42
11675,48
11676,152
11677,34
11678,89
11679,48
11680,7
11681,72
11682,34
11683,207
11684,71
11685,48
11686,221
11687,71
11688,34
11689,11
11690,48
11691,48
11692,48
11693,48
11694,71
11695,34
11696,34
11697,48
11698,71
11699,71
11700,34
11701,44
11702,29
11703,34
11704,34
11705,173
11706,221
11707,34
11708,48
11709,217
11710,44
11711,34
11712,48
11713,44
11714,42
11715,34
11716,34
11717,76
11718,37
11719,42
11720,34
11721,48
11722,34
11723,57
11724,173
11725,48
11726,42
11727,221
11728,75
11729,171
11730,34
11731,42
11732,212
11733,48
11734,81
11735,173
11736,34
11737,152
11738,87
11739,42
11740,34
11741,34
11742,170
11743,34
11744,44
11745,34
11746,71
11747,68
11748,167
11749,71
11750,34
11751,72
11752,81
11753,75
11754,82
11755,109
11756,221
11757,27
11758,72
11759,34
11760,37
11761,48
11762,42
11763,48
11764,44
11765,34
11766,42
11767,44
11768,48
11769,21
11770,171
11771,48
11772,26
11773,34
11774,34
11775,37
11776,48
11777,34
11778,156
11779,42
11780,34
11781,20
11782,42
11783,34
11784,76
11785,34
11786,36
11787,34
11788,42
11789,171
11790,34
11791,34
11792,34
11793,34
11794,48
11795,34
11796,44
11797,34
11798,34
11799,48
11800,170
11801,34
11802,34
11803,173
11804,57
11805,34
11806,72
11807,37
11808,34
11809,34
11810,75
11811,48
11812,34
11813,48
11814,71
11815,207
11816,71
11817,34
11818,75
11819,213
11820,173
11821,37
11822,34
11823,76
11824,34
11825,42
11826,71
11827,48
11828,72
11829,106
11830,72
11831,81
11832,34
11833,71
11834,37
11835,13
11836,34
11837,48
11838,48
11839,167
11840,44
11841,81
11842,167
11843,34
11844,76
11845,42
11846,34
11847,71
11848,34
11849,34
11850,34
11851,42
11852,75
11853,34
11854,173
11855,81
11856,34
11857,76
11858,217
11859,27
11860,173
11861,48
11862,71
11863,173
11864,34
11865,34
11866,71
11867,48
11868,49
11869,7
11870,34
11871,167
11872,71
11873,48
11874,44
11875,37
11876,48
11877,72
11878,34
11879,42
11880,34
11881,72
11882,72
11883,173
11884,34
11885,82
11886,170
11887,212
11888,34
11889,48
11890,42
11891,173
11892,34
11893,44
11894,44
11895,48
11896,48
11897,34
11898,173
11899,105
11900,34
11901,173
11902,57
11903,48
11904,44
11905,34
11906,34
11907,34
11908,34
11909,82
11910,72
11911,75
11912,48
11913,42
11914,127
11915,44
11916,34
11917,34
11918,48
11919,170
11920,34
11921,34
11922,34
11923,48
11924,76
11925,34
11926,34
11927,173
11928,72
11929,173
11930,155
11931,34
11932,42
11933,131
11934,13
11935,48
11936,91
11937,44
11938,173
11939,34
11940,42
11941,34
11942,34
11943,34
11944,34
11945,34
11946,34
11947,13
11948,34
11949,48
11950,29
11951,34
11952,167
11953,34
11954,34
11955,72
11956,34
11957,71
11958,34
11959,34
11960,34
11961,34
11962,34
11963,81
11964,72
11965,37
11966,109
11967,131
11968,37
11969,81
11970,81
11971,34
11972,48
11973,27
11974,42
11975,48
11976,34
11977,75
11978,71
11979,34
11980,71
11981,34
11982,42
11983,170
11984,48
11985,34
11986,173
11987,44
11988,48
11989,71
11990,34
11991,34
11992,48
11993,146
11994,37
11995,18
11996,152
11997,34
11998,42
11999,81
12000,72
12001,48
12002,48
12003,82
12004,71
12005,34
12006,34
12007,149
12008,48
12009,44
12010,42
12011,34
12012,18
12013,82
12014,34
12015,44
12016,34
12017,48
12018,81
12019,44
12020,48
12021,44
12022,48
12023,48
12024,48
12025,44
12026,48
12027,34
12028,34
12029,34
12030,34
12031,42
12032,81
12033,34
12034,34
12035,48
12036,42
12037,34
12038,48
12039,42
12040,57
12041,42
12042,75
12043,217
12044,72
12045,37
12046,89
12047,42
12048,48
12049,48
12050,16
12051,171
12052,89
12053,72
12054,34
12055,34
12056,4
12057,48
12058,34
12059,42
12060,42
12061,48
12062,48
12063,42
12064,48
12065,72
12066,75
12067,37
12068,34
12069,173
12070,34
12071,173
12072,72
12073,173
12074,48
12075,82
12076,37
12077,221
12078,26
12079,34
12080,158
12081,42
12082,34
12083,9
12084,37
12085,89
12086,75
12087,71
12088,34
12089,34
12090,34
12091,42
12092,48
12093,34
12094,72
12095,48
12096,34
12097,34
12098,34
12099,48
12100,34
12101,170
12102,89
12103,34
12104,37
12105,48
12106,13
12107,221
12108,48
12109,42
12110,34
12111,48
12112,34
12113,26
12114,171
12115,71
12116,34
12117,48
12118,37
12119,48
12120,76
12121,42
12122,207
12123,167
12124,34
12125,34
12126,48
12127,171
12128,42
12129,34
12130,37
12131,48
12132,34
12133,34
12134,48
12135,173
12136,34
12137,34
12138,48
12139,221
12140,34
12141,42
12142,34
12143,34
12144,48
12145,34
12146,171
12147,170
12148,34
12149,48
12150,48
12151,48
12152,167
12153,4
12154,48
12155,34
12156,48
12157,42
12158,89
12159,48
12160,48
12161,48
12162,75
12163,221
12164,34
12165,207
12166,82
12167,57
12168,44
12169,48
12170,34
12171,42
12172,48
12173,48
12174,34
12175,48
12176,82
12177,72
12178,48
12179,48
12180,37
12181,34
12182,75
12183,48
12184,82
12185,48
12186,48
12187,34
12188,76
12189,173
12190,34
12191,222
12192,48
12193,37
12194,200
12195,3
12196,34
12197,48
12198,34
12199,48
12200,173
12201,34
12202,182
12203,75
12204,42
12205,76
12206,164
12207,48
12208,71
12209,34
12210,42
12211,34
12212,71
12213,217
12214,82
12215,48
12216,76
12217,71
12218,48
12219,34
12220,48
12221,54
12222,173
12223,34
12224,18
12225,170
12226,72
12227,42
12228,34
12229,71
12230,106
12231,44
12232,34
12233,34
12234,87
12235,109
12236,158
12237,42
12238,34
12239,34
12240,34
12241,81
12242,44
12243,48
12244,48
12245,188
12246,44
12247,34
12248,153
12249,34
12250,44
12251,71
12252,34
12253,48
12254,34
12255,34
12256,170
12257,42
12258,34
12259,48
12260,48
12261,173
12262,34
12263,170
12264,48
12265,42
12266,42
12267,34
12268,173
12269,34
12270,34
12271,42
12272,24
12273,48
12274,34
12275,81
12276,29
12277,34
12278,89
12279,42
12280,42
12281,34
12282,0
12283,48
12284,34
12285,4
12286,155
12287,34
12288,34
12289,210
12290,34
12291,34
12292,58
12293,48
12294,220
12295,34
12296,37
12297,34
12298,34
12299,44
12300,4
12301,173
12302,44
12303,34
12304,170
12305,170
12306,72
12307,201
12308,171
12309,29
12310,48
12311,207
12312,37
12313,48
12314,48
12315,71
12316,34
12317,34
12318,34
12319,89
12320,34
12321,34
12322,42
12323,48
12324,167
12325,81
12326,48
12327,82
12328,34
12329,34
12330,34
12331,34
12332,75
12333,48
12334,48
12335,34
12336,13
12337,34
12338,48
12339,221
12340,34
12341,48
12342,44
12343,167
12344,34
12345,42
12346,34
12347,205
12348,34
12349,34
12350,173
12351,71
12352,81
12353,4
12354,48
12355,76
12356,48
12357,75
12358,71
12359,72
12360,48
12361,48
12362,170
12363,34
12364,48
12365,221
12366,72
12367,71
12368,34
12369,34
12370,26
12371,42
12372,48
12373,173
12374,42
12375,75
12376,81
12377,42
12378,34
12379,76
12380,71
12381,48
12382,71
12383,127
12384,37
12385,42
12386,44
12387,173
12388,34
12389,75
12390,36
12391,48
12392,48
12393,71
12394,171
12395,170
12396,48
12397,34
12398,13
12399,173
12400,48
12401,34
12402,34
12403,48
12404,48
12405,171
12406,221
12407,81
12408,34
12409,48
12410,42
12411,34
12412,34
12413,48
12414,42
12415,4
12416,11
12417,173
12418,57
12419,71
12420,34
12421,48
12422,114
12423,48
12424,89
12425,48
12426,34
12427,48
12428,34
12429,11
12430,76
12431,48
12432,76
12433,72
12434,48
12435,57
12436,167
12437,42
12438,44
12439,173
12440,48
12441,34
12442,171
12443,34
12444,71
12445,34
12446,105
12447,42
12448,48
12449,34
12450,34
12451,48
12452,48
12453,34
12454,42
12455,34
12456,48
12457,170
12458,75
12459,48
12460,87
12461,37
12462,37
12463,221
12464,207
12465,167
12466,48
12467,221
12468,48
12469,71
12470,48
12471,34
12472,81
12473,34
12474,34
12475,72
12476,34
12477,34
12478,75
12479,48
12480,48
12481,34
12482,34
12483,26
12484,34
12485,107
12486,71
12487,34
12488,42
12489,34
12490,42
12491,212
12492,221
12493,48
12494,34
12495,173
12496,71
12497,173
12498,34
12499,34
12500,48
12501,34
12502,48
12503,34
12504,34
12505,14
12506,167
12507,71
12508,34
12509,34
12510,170
12511,34
12512,42
12513,34
12514,173
12515,82
12516,167
12517,81
12518,44
12519,48
12520,171
12521,221
12522,75
12523,34
12524,48
12525,48
12526,48
12527,44
12528,71
12529,221
12530,34
12531,44
12532,42
12533,42
12534,44
12535,34
12536,34
12537,34
12538,34
12539,34
12540,171
12541,204
12542,207
12543,42
12544,34
12545,34
12546,221
12547,48
12548,48
12549,34
12550,42
12551,71
12552,207
12553,71
12554,221
12555,48
12556,82
12557,34
12558,13
12559,217
12560,44
12561,173
12562,72
12563,75
12564,34
12565,34
12566,221
12567,7
12568,34
12569,48
12570,48
12571,48
12572,72
12573,173
12574,48
12575,34
12576,76
12577,42
12578,71
12579,75
12580,106
12581,34
12582,75
12583,34
12584,48
12585,76
12586,34
12587,34
12588,34
12589,34
12590,34
12591,34
12592,48
12593,26
12594,48
12595,167
12596,34
12597,34
12598,48
12599,34
12600,91
12601,34
12602,42
12603,29
12604,48
12605,71
12606,48
12607,48
12608,7
12609,170
12610,203
12611,207
12612,27
12613,42
12614,34
12615,71
12616,48
12617,48
12618,48
12619,48
12620,48
12621,48
12622,34
12623,48
12624,37
12625,34
12626,34
12627,42
12628,48
12629,13
12630,48
12631,34
12632,34
12633,82
12634,34
12635,34
12636,71
12637,48
12638,34
12639,48
12640,34
12641,34
12642,173
12643,207
12644,2
12645,71
12646,71
12647,34
12648,216
12649,222
12650,217
12651,71
12652,34
12653,13
12654,34
12655,221
12656,34
12657,34
12658,81
12659,75
12660,42
12661,37
12662,81
12663,34
12664,42
12665,72
12666,81
12667,120
12668,48
12669,34
12670,48
12671,89
12672,34
12673,34
12674,81
12675,34
12676,34
12677,26
12678,220
12679,48
12680,34
12681,48
12682,71
12683,34
12684,48
12685,42
12686,34
12687,221
12688,182
12689,48
12690,152
12691,44
12692,81
12693,34
12694,34
12695,213
12696,42
12697,34
12698,75
12699,221
12700,34
12701,48
12702,34
12703,48
12704,48
12705,89
12706,42
12707,48
12708,71
12709,82
12710,34
12711,37
12712,48
12713,71
12714,34
12715,173
12716,34
12717,34
12718,221
12719,34
12720,48
12721,48
12722,34
12723,42
12724,48
12725,34
12726,42
12727,170
12728,27
12729,48
12730,72
12731,34
12732,42
12733,34
12734,48
12735,44
12736,34
12737,161
12738,26
12739,28
12740,44
12741,18
12742,48
12743,44
12744,34
12745,37
12746,44
12747,48
12748,34
12749,24
12750,155
12751,48
12752,71
12753,71
12754,34
12755,48
12756,42
12757,34
12758,34
12759,29
12760,119
12761,34
12762,34
12763,167
12764,48
12765,71
12766,18
12767,34
12768,34
12769,37
12770,42
12771,75
12772,37
12773,48
12774,34
12775,34
12776,42
12777,48
12778,13
12779,167
12780,89
12781,221
12782,72
12783,48
12784,34
12785,34
12786,89
12787,34
12788,34
12789,48
12790,76
12791,34
12792,170
12793,221
12794,34
12795,170
12796,37
12797,48
12798,42
12799,26
12800,48
12801,34
12802,34
12803,42
12804,44
12805,48
12806,34
12807,173
12808,170
12809,82
12810,48
12811,167
12812,171
12813,75
12814,34
12815,42
12816,34
12817,65
12818,42
12819,217
12820,34
12821,34
12822,34
12823,29
12824,71
12825,82
12826,44
12827,71
12828,82
12829,48
12830,81
12831,217
12832,221
12833,48
12834,48
12835,89
12836,48
12837,48
12838,105
12839,34
12840,103
12841,42
12842,48
12843,71
12844,152
12845,34
12846,48
12847,48
12848,13
12849,48
12850,48
12851,34
12852,48
12853,120
12854,72
12855,89
12856,48
12857,34
12858,42
12859,34
12860,34
12861,34
12862,44
12863,170
12864,71
12865,109
12866,34
12867,72
12868,42
12869,173
12870,170
12871,167
12872,72
12873,152
12874,37
12875,75
12876,71
12877,48
12878,71
12879,54
12880,34
12881,34
12882,42
12883,48
12884,48
12885,42
12886,48
12887,37
12888,34
12889,37
12890,173
12891,34
12892,42
12893,49
12894,37
12895,34
12896,44
12897,34
12898,42
12899,34
12900,76
12901,48
12902,131
12903,42
12904,81
12905,34
12906,89
12907,48
12908,34
12909,42
12910,37
12911,42
12912,71
12913,56
12914,48
12915,34
12916,81
12917,42
12918,71
12919,37
12920,36
12921,48
12922,72
12923,2
12924,72
12925,34
12926,167
12927,221
12928,34
12929,34
12930,34
12931,89
12932,34
12933,34
12934,71
12935,48
12936,4
12937,34
12938,42
12939,42
12940,48
12941,109
12942,34
12943,42
12944,42
12945,48
12946,72
12947,34
12948,29
12949,71
12950,34
12951,34
12952,211
12953,34
12954,48
12955,34
12956,173
12957,48
12958,34
12959,44
12960,34
12961,42
12962,34
12963,34
12964,34
12965,34
12966,42
12967,71
12968,34
12969,42
12970,34
12971,42
12972,48
12973,34
12974,4
12975,34
12976,34
12977,72
12978,34
12979,71
12980,170
12981,48
12982,81
12983,48
12984,173
12985,48
12986,48
12987,34
12988,34
12989,34
12990,48
12991,48
12992,217
12993,34
12994,206
12995,42
12996,48
12997,48
12998,37
12999,127
13000,48
13001,34
13002,42
13003,42
13004,71
13005,37
13006,48
13007,34
13008,81
13009,13
13010,48
13011,207
13012,221
13013,7
13014,221
13015,167
13016,81
13017,72
13018,42
13019,34
13020,207
13021,48
13022,127
13023,82
13024,173
13025,34
13026,71
13027,167
13028,48
13029,34
13030,71
13031,207
13032,34
13033,42
13034,72
13035,34
13036,34
13037,48
13038,75
13039,82
13040,34
13041,48
13042,8
13043,173
13044,34
13045,34
13046,173
13047,34
13048,152
13049,34
13050,76
13051,27
13052,22
13053,34
13054,42
13055,27
13056,34
13057,48
13058,34
13059,48
13060,78
13061,34
13062,71
13063,71
13064,34
13065,81
13066,2
13067,48
13068,34
13069,48
13070,34
13071,34
13072,221
13073,34
13074,34
13075,48
13076,58
13077,42
13078,34
13079,42
13080,34
13081,34
13082,48
13083,42
13084,42
13085,75
13086,208
13087,37
13088,170
13089,48
13090,37
13091,48
13092,105
13093,48
13094,37
13095,48
13096,34
13097,42
13098,48
13099,89
13100,42
13101,48
13102,34
13103,34
13104,29
13105,48
13106,42
13107,42
13108,72
13109,217
13110,34
13111,27
13112,72
13113,48
13114,37
13115,76
13116,34
13117,75
13118,42
13119,72
13120,217
13121,48
13122,48
13123,34
13124,71
13125,76
13126,34
13127,34
13128,167
13129,37
13130,81
13131,173
13132,42
13133,48
13134,48
13135,34
13136,75
13137,71
13138,171
13139,48
13140,71
13141,48
13142,71
13143,82
13144,170
13145,34
13146,42
13147,48
13148,173
13149,207
13150,72
13151,34
13152,34
13153,71
13154,33
13155,48
13156,34
13157,34
13158,34
13159,76
13160,76
13161,34
13162,34
13163,48
13164,37
13165,72
13166,127
13167,48
13168,34
13169,154
13170,48
13171,48
13172,48
13173,42
13174,34
13175,34
13176,89
13177,34
13178,89
13179,48
13180,75
13181,34
13182,34
13183,42
13184,34
13185,48
13186,48
13187,72
13188,48
13189,34
13190,173
13191,87
13192,217
13193,42
13194,34
13195,34
13196,76
13197,34
13198,48
13199,81
13200,167
13201,34
13202,11
13203,34
13204,34
13205,48
13206,167
13207,81
13208,75
13209,75
13210,48
13211,34
13212,37
13213,42
13214,120
13215,48
13216,34
13217,81
13218,42
13219,207
13220,42
13221,48
13222,42
13223,44
13224,71
13225,173
13226,34
13227,170
13228,48
13229,48
13230,42
13231,143
13232,207
13233,71
13234,173
13235,48
13236,71
13237,48
13238,75
13239,42
13240,173
13241,57
13242,34
13243,34
13244,48
13245,29
13246,221
13247,105
13248,42
13249,42
13250,44
13251,76
13252,44
13253,34
13254,34
13255,48
13256,173
13257,34
13258,44
13259,42
13260,44
13261,34
13262,82
13263,34
13264,164
13265,34
13266,34
13267,34
13268,48
13269,48
13270,48
13271,76
13272,48
13273,34
13274,34
13275,44
13276,37
13277,48
13278,34
13279,34
13280,48
13281,34
13282,173
13283,42
13284,48
13285,48
13286,71
13287,42
13288,81
13289,34
13290,82
13291,48
13292,34
13293,48
13294,71
13295,173
13296,48
13297,42
13298,173
13299,167
13300,75
13301,37
13302,221
13303,34
13304,48
13305,48
13306,34
13307,34
13308,167
13309,72
13310,37
13311,75
13312,34
13313,42
13314,34
13315,72
13316,75
13317,44
13318,207
13319,27
13320,42
13321,173
13322,37
13323,170
13324,48
13325,75
13326,34
13327,48
13328,48
13329,100
13330,48
13331,34
13332,34
13333,44
13334,34
13335,34
13336,34
13337,75
13338,34
13339,42
13340,48
13341,34
13342,48
13343,34
13344,89
13345,34
13346,43
13347,34
13348,34
13349,42
13350,37
13351,42
13352,82
13353,48
13354,34
13355,42
13356,71
13357,71
13358,34
13359,42
13360,221
13361,34
13362,72
13363,34
13364,42
13365,71
13366,34
13367,119
13368,42
13369,34
13370,34
13371,48
13372,158
13373,34
13374,34
13375,42
13376,109
13377,42
13378,42
13379,48
13380,4
13381,34
13382,48
13383,222
13384,76
13385,48
13386,67
13387,87
13388,20
13389,34
13390,34
13391,146
13392,42
13393,49
13394,42
13395,34
13396,34
13397,48
13398,34
13399,37
13400,48
13401,42
13402,171
13403,34
13404,48
13405,72
13406,106
13407,34
13408,48
13409,48
13410,34
13411,89
13412,48
13413,42
13414,34
13415,54
13416,48
13417,48
13418,48
13419,71
13420,34
13421,42
13422,34
13423,221
13424,221
13425,34
13426,87
13427,34
13428,34
13429,34
13430,34
13431,72
13432,42
13433,71
13434,82
13435,106
13436,44
13437,71
13438,34
13439,173
13440,34
13441,34
13442,54
13443,44
13444,76
13445,44
13446,34
13447,34
13448,34
13449,34
13450,42
13451,42
13452,48
13453,89
13454,48
13455,48
13456,42
13457,44
13458,48
13459,48
13460,34
13461,71
13462,34
13463,48
13464,81
13465,48
13466,158
13467,221
13468,26
13469,34
13470,48
13471,173
13472,34
13473,34
13474,34
13475,44
13476,34
13477,89
13478,34
13479,34
13480,217
13481,170
13482,48
13483,48
13484,34
13485,34
13486,34
13487,34
13488,173
13489,217
13490,48
13491,221
13492,72
13493,81
13494,173
13495,34
13496,42
13497,34
13498,34
13499,167
13500,173
13501,173
13502,81
13503,48
13504,37
13505,48
13506,81
13507,48
13508,4
13509,34
13510,48
13511,34
13512,48
13513,48
13514,34
13515,34
13516,44
13517,42
13518,34
13519,54
13520,71
13521,54
13522,57
13523,170
13524,48
13525,75
13526,34
13527,48
13528,34
13529,34
13530,34
13531,173
13532,72
13533,42
13534,42
13535,34
13536,173
13537,34
13538,207
13539,34
13540,34
13541,42
13542,34
13543,34
13544,76
13545,42
13546,44
13547,76
13548,81
13549,48
13550,48
13551,173
13552,34
13553,34
13554,42
13555,48
13556,48
13557,120
13558,37
13559,76
13560,42
13561,34
13562,71
13563,42
13564,42
13565,82
13566,42
13567,170
13568,34
13569,44
13570,34
13571,34
13572,106
13573,152
13574,71
13575,34
13576,170
13577,72
13578,82
13579,48
13580,109
13581,48
13582,38
13583,26
13584,34
13585,34
13586,34
13587,48
13588,34
13589,42
13590,48
13591,34
13592,221
13593,71
13594,173
13595,167
13596,196
13597,34
13598,34
13599,48
13600,34
13601,76
13602,71
13603,48
13604,48
13605,34
13606,34
13607,34
13608,34
13609,71
13610,42
13611,221
13612,72
13613,48
13614,48
13615,204
13616,81
13617,42
13618,42
13619,34
13620,34
13621,34
13622,13
13623,81
13624,213
13625,173
13626,42
13627,34
13628,42
13629,34
13630,221
13631,34
13632,20
13633,42
13634,34
13635,42
13636,37
13637,34
13638,42
13639,144
13640,34
13641,34
13642,81
13643,71
13644,81
13645,34
13646,173
13647,170
13648,44
13649,48
13650,34
13651,42
13652,34
13653,34
13654,173
13655,37
13656,34
13657,34
13658,87
13659,48
13660,34
13661,34
13662,48
13663,67
13664,48
13665,67
13666,48
13667,173
13668,89
13669,34
13670,34
13671,42
13672,48
13673,34
13674,71
13675,167
13676,42
13677,42
13678,34
13679,37
13680,221
13681,71
13682,34
13683,48
13684,82
13685,173
13686,13
13687,173
13688,48
13689,214
13690,105
13691,48
13692,34
13693,19
13694,7
13695,37
13696,48
13697,48
13698,71
13699,34
13700,71
13701,48
13702,72
13703,48
13704,71
13705,72
13706,42
13707,87
13708,89
13709,221
13710,34
13711,34
13712,171
13713,48
13714,34
13715,34
13716,26
13717,4
13718,34
13719,71
13720,48
13721,34
13722,42
13723,34
13724,91
13725,103
13726,13
13727,48
13728,34
13729,71
13730,71
13731,221
13732,217
13733,34
13734,29
13735,48
13736,34
13737,212
13738,34
13739,34
13740,217
13741,34
13742,34
13743,37
13744,127
13745,71
13746,34
13747,42
13748,34
13749,29
13750,34
13751,34
13752,34
13753,48
13754,34
13755,90
13756,34
13757,81
13758,16
13759,34
13760,87
13761,34
13762,37
13763,34
13764,214
13765,29
13766,34
13767,48
13768,71
13769,37
13770,34
13771,42
13772,42
13773,34
13774,48
13775,42
13776,34
13777,37
13778,48
13779,173
13780,34
13781,44
13782,71
13783,173
13784,34
13785,48
13786,173
13787,34
13788,71
13789,42
13790,42
13791,34
13792,221
13793,34
13794,48
13795,89
13796,34
13797,48
13798,26
13799,27
13800,78
13801,72
13802,27
13803,81
13804,48
13805,81
13806,155
13807,42
13808,48
13809,221
13810,34
13811,48
13812,42
13813,75
13814,54
13815,34
13816,42
13817,48
13818,48
13819,48
13820,48
13821,48
13822,71
13823,34
13824,127
13825,44
13826,48
13827,82
13828,87
13829,34
13830,48
13831,57
13832,75
13833,34
13834,34
13835,48
13836,167
13837,48
13838,48
13839,85
13840,48
13841,48
13842,81
13843,4
13844,214
13845,34
13846,34
13847,34
13848,167
13849,34
13850,152
13851,37
13852,42
13853,72
13854,34
13855,48
13856,48
13857,48
13858,48
13859,27
13860,34
13861,34
13862,34
13863,34
13864,48
13865,44
13866,22
13867,71
13868,13
13869,34
13870,71
13871,34
13872,173
13873,167
13874,34
13875,34
13876,170
13877,48
13878,34
13879,42
13880,34
13881,42
13882,72
13883,42
13884,34
13885,34
13886,34
13887,48
13888,34
13889,71
13890,42
13891,48
13892,42
13893,48
13894,120
13895,37
13896,48
13897,42
13898,42
13899,48
13900,48
13901,173
13902,26
13903,48
13904,22
13905,34
13906,27
13907,171
13908,42
13909,34
13910,34
13911,34
13912,44
13913,34
13914,48
13915,34
13916,34
13917,48
13918,48
13919,42
13920,26
13921,76
13922,221
13923,48
13924,34
13925,48
13926,34
13927,34
13928,26
13929,34
13930,173
13931,42
13932,170
13933,207
13934,34
13935,44
13936,72
13937,221
13938,48
13939,48
13940,34
13941,48
13942,71
13943,34
13944,48
13945,34
13946,34
13947,48
13948,173
13949,109
13950,34
13951,71
13952,34
13953,34
13954,72
13955,42
13956,48
13957,48
13958,34
13959,34
13960,170
13961,34
13962,34
13963,133
13964,48
13965,48
13966,37
13967,212
13968,34
13969,42
13970,34
13971,37
13972,158
13973,34
13974,75
13975,34
13976,37
13977,34
13978,34
13979,34
13980,42
13981,34
13982,57
13983,75
13984,42
13985,34
13986,34
13987,34
13988,75
13989,37
13990,48
13991,72
13992,214
13993,42
13994,167
13995,34
13996,42
13997,42
13998,34
13999,103
14000,48
14001,34
14002,48
14003,48
14004,34
14005,34
14006,48
14007,48
14008,207
14009,152
14010,34
14011,81
14012,109
14013,34
14014,42
14015,42
14016,91
14017,44
14018,173
14019,34
14020,48
14021,128
14022,146
14023,71
14024,34
14025,42
14026,42
14027,154
14028,217
14029,42
14030,34
14031,37
14032,48
14033,42
14034,48
14035,42
14036,34
14037,34
14038,34
14039,71
14040,34
14041,82
14042,42
14043,81
14044,49
14045,34
14046,34
14047,72
14048,54
14049,34
14050,48
14051,34
14052,42
14053,48
14054,76
14055,48
14056,173
14057,48
14058,34
14059,34
14060,44
14061,57
14062,34
14063,48
14064,44
14065,34
14066,34
14067,48
14068,71
14069,34
14070,42
14071,44
14072,34
14073,173
14074,34
14075,48
14076,42
14077,221
14078,34
14079,34
14080,48
14081,34
14082,34
14083,48
14084,75
14085,42
14086,34
14087,34
14088,48
14089,99
14090,44
14091,48
14092,48
14093,34
14094,28
14095,71
14096,34
14097,34
14098,48
14099,34
14100,34
14101,167
14102,34
14103,71
14104,57
14105,127
14106,34
14107,34
14108,48
14109,71
14110,71
14111,34
14112,34
14113,37
14114,34
14115,48
14116,48
14117,48
14118,34
14119,48
14120,37
14121,82
14122,167
14123,76
14124,48
14125,42
14126,42
14127,82
14128,42
14129,221
14130,34
14131,34
14132,71
14133,34
14134,44
14135,34
14136,48
14137,167
14138,37
14139,34
14140,44
14141,72
14142,42
14143,48
14144,34
14145,34
14146,42
14147,72
14148,161
14149,173
14150,34
14151,173
14152,76
14153,48
14154,48
14155,48
14156,29
14157,173
14158,34
14159,71
14160,170
14161,34
14162,34
14163,42
14164,34
14165,75
14166,171
14167,34
14168,42
14169,173
14170,34
14171,42
14172,173
14173,75
14174,82
14175,37
14176,67
14177,71
14178,44
14179,173
14180,48
14181,34
14182,48
14183,71
14184,48
14185,221
14186,34
14187,34
14188,48
14189,27
14190,48
14191,89
14192,48
14193,34
14194,42
14195,34
14196,34
14197,13
14198,221
14199,42
14200,82
14201,183
14202,42
14203,34
14204,72
14205,173
14206,214
14207,42
14208,44
14209,48
14210,48
14211,48
14212,34
14213,48
14214,42
14215,34
14216,185
14217,48
14218,48
14219,34
14220,34
14221,34
14222,108
14223,221
14224,170
14225,207
14226,48
14227,71
14228,42
14229,48
14230,37
14231,72
14232,48
14233,71
14234,170
14235,173
14236,34
14237,48
14238,42
14239,173
14240,37
14241,171
14242,167
14243,48
14244,48
14245,37
14246,221
14247,81
14248,48
14249,141
14250,48
14251,48
14252,48
14253,71
14254,133
14255,167
14256,173
14257,34
14258,34
14259,34
14260,34
14261,71
14262,72
14263,221
14264,44
14265,71
14266,221
14267,221
14268,127
14269,71
14270,81
14271,37
14272,89
14273,221
14274,48
14275,34
14276,217
14277,75
14278,48
14279,44
14280,34
14281,221
14282,81
14283,48
14284,155
14285,48
14286,48
14287,37
14288,34
14289,48
14290,34
14291,81
14292,37
14293,34
14294,42
14295,173
14296,44
14297,42
14298,48
14299,42
14300,42
14301,34
14302,221
14303,34
14304,48
14305,42
14306,72
14307,76
14308,48
14309,34
14310,109
14311,37
14312,34
14313,42
14314,42
14315,71
14316,34
14317,207
14318,34
14319,173
14320,7
14321,48
14322,37
14323,48
14324,71
14325,173
14326,34
14327,34
14328,48
14329,13
14330,34
14331,48
14332,82
14333,48
14334,34
14335,48
14336,34
14337,34
14338,34
14339,44
14340,11
14341,71
14342,71
14343,34
14344,48
14345,71
14346,48
14347,44
14348,48
14349,71
14350,4
14351,173
14352,42
14353,34
14354,48
14355,48
14356,44
14357,48
14358,37
14359,34
14360,34
14361,34
14362,71
14363,37
14364,173
14365,75
14366,34
14367,34
14368,87
14369,34
14370,48
14371,34
14372,34
14373,72
14374,42
14375,26
14376,119
14377,116
14378,42
14379,171
14380,34
14381,34
14382,34
14383,37
14384,48
14385,217
14386,72
14387,34
14388,34
14389,158
14390,82
14391,75
14392,159
14393,34
14394,48
14395,34
14396,170
14397,81
14398,48
14399,48
14400,44
14401,34
14402,48
14403,42
14404,34
14405,72
14406,48
14407,42
14408,34
14409,167
14410,196
14411,159
14412,34
14413,48
14414,34
14415,34
14416,87
14417,221
14418,42
14419,48
14420,42
14421,167
14422,44
14423,48
14424,48
14425,81
14426,48
14427,48
14428,89
14429,48
14430,72
14431,81
14432,37
14433,34
14434,34
14435,37
14436,48
14437,34
14438,75
14439,34
14440,48
14441,48
14442,48
14443,42
14444,71
14445,72
14446,72
14447,214
14448,89
14449,48
14450,34
14451,48
14452,34
14453,34
14454,48
14455,221
14456,44
14457,48
14458,72
14459,34
14460,48
14461,42
14462,44
14463,48
14464,34
14465,217
14466,81
14467,71
14468,42
14469,48
14470,221
14471,76
14472,72
14473,44
14474,48
14475,48
14476,48
14477,48
14478,82
14479,48
14480,48
14481,48
14482,11
14483,106
14484,42
14485,221
14486,34
14487,48
14488,42
14489,42
14490,34
14491,54
14492,221
14493,44
14494,71
14495,4
14496,81
14497,34
14498,75
14499,48
14500,13
14501,34
14502,34
14503,71
14504,221
14505,72
14506,71
14507,72
14508,72
14509,37
14510,48
14511,44
14512,34
14513,48
14514,71
14515,1
14516,221
14517,34
14518,20
14519,34
14520,34
14521,48
14522,48
14523,42
14524,76
14525,170
14526,48
14527,48
14528,100
14529,81
14530,81
14531,48
14532,48
14533,34
14534,106
14535,42
14536,48
14537,48
14538,173
14539,44
14540,76
14541,167
14542,48
14543,34
14544,204
14545,48
14546,37
14547,48
14548,48
14549,34
14550,29
14551,82
14552,48
14553,48
14554,34
14555,48
14556,37
14557,34
14558,42
14559,48
14560,34
14561,34
14562,48
14563,42
14564,34
14565,34
14566,27
14567,48
14568,34
14569,34
14570,29
14571,34
14572,81
14573,42
14574,34
14575,167
14576,71
14577,34
14578,167
14579,44
14580,127
14581,72
14582,34
14583,34
14584,34
14585,87
14586,72
14587,34
14588,42
14589,44
14590,173
14591,48
14592,34
14593,217
14594,42
14595,48
14596,42
14597,34
14598,34
14599,48
14600,48
14601,34
14602,4
14603,82
14604,48
14605,131
14606,34
14607,34
14608,37
14609,81
14610,207
14611,34
14612,42
14613,37
14614,173
14615,76
14616,34
14617,44
14618,48
14619,72
14620,34
14621,42
14622,34
14623,48
14624,81
14625,42
14626,34
14627,89
14628,42
14629,34
14630,34
14631,71
14632,75
14633,173
14634,34
14635,48
14636,170
14637,34
14638,170
14639,42
14640,167
14641,48
14642,44
14643,211
14644,34
14645,48
14646,48
14647,71
14648,48
14649,37
14650,34
14651,34
14652,34
14653,34
14654,48
14655,48
14656,11
14657,173
14658,127
14659,13
14660,42
14661,194
14662,48
14663,48
14664,71
14665,207
14666,34
14667,109
14668,173
14669,34
14670,48
14671,34
14672,48
14673,159
14674,81
14675,34
14676,48
14677,37
14678,48
14679,71
14680,81
14681,154
14682,34
14683,48
14684,34
14685,34
14686,34
14687,34
14688,37
14689,167
14690,89
14691,34
14692,34
14693,44
14694,34
14695,34
14696,48
14697,71
14698,71
14699,48
14700,48
14701,34
14702,44
14703,48
14704,48
14705,48
14706,37
14707,34
14708,34
14709,44
14710,167
14711,81
14712,54
14713,34
14714,48
14715,44
14716,13
14717,105
14718,48
14719,81
14720,4
14721,34
14722,82
14723,42
14724,48
14725,48
14726,34
14727,71
14728,44
14729,173
14730,48
14731,48
14732,34
14733,48
14734,127
14735,48
14736,81
14737,48
14738,44
14739,34
14740,34
14741,34
14742,7
14743,48
14744,37
14745,48
14746,34
14747,48
14748,71
14749,34
14750,7
14751,48
14752,44
14753,34
14754,34
14755,48
14756,34
14757,34
14758,37
14759,34
14760,37
14761,34
14762,37
14763,204
14764,34
14765,4
14766,34
14767,81
14768,34
14769,34
14770,34
14771,34
14772,48
14773,71
14774,48
14775,89
14776,34
14777,48
14778,71
14779,34
14780,34
14781,75
14782,42
14783,34
14784,34
14785,173
14786,106
14787,48
14788,146
14789,27
14790,72
14791,187
14792,34
14793,42
14794,36
14795,81
14796,131
14797,37
14798,48
14799,146
14800,48
14801,48
14802,34
14803,81
14804,48
14805,37
14806,221
14807,48
14808,34
14809,34
14810,34
14811,167
14812,48
14813,72
14814,42
14815,167
14816,173
14817,71
14818,170
14819,34
14820,48
14821,34
14822,173
14823,173
14824,26
14825,34
14826,42
14827,48
14828,34
14829,207
14830,34
14831,209
14832,221
14833,34
14834,81
14835,34
14836,72
14837,87
14838,71
14839,71
14840,34
14841,34
14842,82
14843,37
14844,44
14845,71
14846,48
14847,42
14848,71
14849,173
14850,48
14851,34
14852,72
14853,81
14854,72
14855,34
14856,34
14857,48
14858,34
14859,72
14860,34
14861,170
14862,42
14863,48
14864,48
14865,48
14866,34
14867,76
14868,34
14869,42
14870,42
14871,155
14872,34
14873,149
14874,75
14875,48
14876,34
14877,81
14878,26
14879,221
14880,221
14881,109
14882,48
14883,173
14884,42
14885,72
14886,76
14887,48
14888,173
14889,205
14890,42
14891,173
14892,109
14893,16
14894,48
14895,34
14896,34
14897,48
14898,82
14899,34
14900,37
14901,173
14902,48
14903,48
14904,34
14905,42
14906,37
14907,42
14908,34
14909,48
14910,34
14911,42
14912,34
14913,54
14914,105
14915,221
14916,167
14917,76
14918,34
14919,21
14920,42
14921,182
14922,48
14923,71
14924,42
14925,34
14926,48
14927,173
14928,72
14929,5
14930,171
14931,42
14932,26
14933,34
14934,71
14935,173
14936,48
14937,221
14938,42
14939,37
14940,81
14941,48
14942,48
14943,13
14944,4
14945,71
14946,34
14947,173
14948,37
14949,71
14950,44
14951,221
14952,42
14953,171
14954,42
14955,89
14956,48
14957,34
14958,81
14959,34
14960,87
14961,48
14962,48
14963,71
14964,34
14965,71
14966,48
14967,34
14968,48
14969,34
14970,48
14971,34
14972,109
14973,48
14974,72
14975,167
14976,48
14977,42
14978,48
14979,44
14980,71
14981,34
14982,34
14983,48
14984,89
14985,37
14986,82
14987,34
14988,34
14989,48
14990,34
14991,89
14992,170
14993,48
14994,71
14995,217
14996,72
14997,4
14998,167
14999,34
15000,37
15001,173
15002,44
15003,34
15004,34
15005,71
15006,34
15007,48
15008,87
15009,71
15010,48
15011,221
15012,72
15013,34
15014,48
15015,159
15016,159
15017,34
15018,173
15019,44
15020,170
15021,106
15022,34
15023,48
15024,131
15025,71
15026,48
15027,34
15028,82
15029,48
15030,75
15031,48
15032,48
15033,71
15034,71
15035,34
15036,72
15037,170
15038,71
15039,34
15040,44
15041,170
15042,48
15043,34
15044,72
15045,4
15046,48
15047,76
15048,48
15049,44
15050,34
15051,42
15052,72
15053,34
15054,34
15055,34
15056,34
15057,34
15058,48
15059,34
15060,167
15061,34
15062,173
15063,34
15064,71
15065,37
15066,34
15067,81
15068,48
15069,42
15070,71
15071,34
15072,48
15073,34
15074,60
15075,34
15076,34
15077,34
15078,34
15079,34
15080,76
15081,13
15082,173
15083,48
15084,48
15085,48
15086,34
15087,34
15088,71
15089,27
15090,48
15091,81
15092,82
15093,71
15094,48
15095,34
15096,48
15097,42
15098,48
15099,48
15100,81
15101,34
15102,173
15103,13
15104,91
15105,34
15106,72
15107,71
15108,34
15109,42
15110,34
15111,34
15112,48
15113,34
15114,173
15115,48
15116,49
15117,81
15118,34
15119,167
15120,71
15121,221
15122,173
15123,34
15124,71
15125,170
15126,48
15127,34
15128,71
15129,76
15130,81
15131,42
15132,13
15133,48
15134,37
15135,221
15136,221
15137,170
15138,81
15139,34
15140,48
15141,44
15142,34
15143,48
15144,48
15145,48
15146,34
15147,34
15148,13
15149,48
15150,42
15151,48
15152,34
15153,221
15154,34
15155,34
15156,34
15157,48
15158,173
15159,48
15160,48
15161,34
15162,34
15163,42
15164,34
15165,34
15166,34
15167,155
15168,34
15169,48
15170,34
15171,48
15172,82
15173,48
15174,48
15175,48
15176,76
15177,71
15178,11
15179,34
15180,48
15181,71
15182,48
15183,48
15184,34
15185,37
15186,4
15187,37
15188,34
15189,106
15190,202
15191,75
15192,42
15193,152
15194,34
15195,48
15196,81
15197,34
15198,34
15199,72
15200,76
15201,48
15202,72
15203,34
15204,48
15205,34
15206,34
15207,34
15208,42
15209,44
15210,48
15211,44
15212,34
15213,48
15214,48
15215,207
15216,81
15217,34
15218,173
15219,34
15220,34
15221,34
15222,17
15223,42
15224,34
15225,34
15226,34
15227,34
15228,48
15229,42
15230,34
15231,44
15232,48
15233,57
15234,173
15235,48
15236,42
15237,221
15238,34
15239,48
15240,34
15241,34
15242,221
15243,42
15244,34
15245,34
15246,173
15247,4
15248,34
15249,31
15250,44
15251,34
15252,34
15253,81
15254,72
15255,71
15256,217
15257,48
15258,57
15259,34
15260,76
15261,34
15262,42
15263,54
15264,37
15265,153
15266,71
15267,34
15268,81
15269,76
15270,81
15271,48
15272,207
15273,44
15274,42
15275,34
15276,42
15277,34
15278,71
15279,34
15280,48
15281,173
15282,173
15283,48
15284,81
15285,34
15286,71
15287,48
15288,89
15289,34
15290,161
15291,72
15292,34
15293,173
15294,34
15295,34
15296,48
15297,173
15298,48
15299,34
15300,34
15301,34
15302,44
15303,37
15304,34
15305,42
15306,171
15307,214
15308,48
15309,34
15310,34
15311,34
15312,34
15313,4
15314,48
15315,34
15316,48
15317,48
15318,48
15319,34
15320,170
15321,34
15322,34
15323,120
15324,37
15325,48
15326,71
15327,72
15328,42
15329,56
15330,48
15331,34
15332,34
15333,87
15334,48
15335,34
15336,48
15337,71
15338,34
15339,37
15340,221
15341,37
15342,34
15343,48
15344,48
15345,48
15346,207
15347,34
15348,48
15349,170
15350,217
15351,81
15352,221
15353,48
15354,127
15355,48
15356,4
15357,71
15358,34
15359,34
15360,22
15361,48
15362,34
15363,42
15364,34
15365,48
15366,71
15367,173
15368,48
15369,72
15370,34
15371,44
15372,28
15373,71
15374,44
15375,48
15376,71
15377,48
15378,71
15379,34
15380,81
15381,173
15382,48
15383,34
15384,34
15385,34
15386,207
15387,48
15388,34
15389,34
15390,81
15391,13
15392,81
15393,34
15394,42
15395,34
15396,34
15397,48
15398,34
15399,34
15400,167
15401,109
15402,173
15403,75
15404,42
15405,221
15406,34
15407,34
15408,48
15409,173
15410,34
15411,34
15412,34
15413,34
15414,34
15415,71
15416,34
15417,34
15418,167
15419,48
15420,71
15421,34
15422,34
15423,34
15424,170
15425,221
15426,34
15427,48
15428,48
15429,81
15430,170
15431,207
15432,48
15433,34
15434,48
15435,48
15436,72
15437,37
15438,109
15439,71
15440,72
15441,48
15442,160
15443,48
15444,34
15445,34
15446,34
15447,71
15448,37
15449,34
15450,48
15451,34
15452,48
15453,71
15454,34
15455,42
15456,42
15457,167
15458,34
15459,159
15460,34
15461,81
15462,75
15463,34
15464,34
15465,48
15466,42
15467,42
15468,34
15469,119
15470,48
15471,182
15472,34
15473,34
15474,173
15475,42
15476,72
15477,48
15478,34
15479,37
15480,34
15481,71
15482,44
15483,34
15484,42
15485,42
15486,167
15487,48
15488,48
15489,212
15490,42
15491,48
15492,37
15493,34
15494,42
15495,75
15496,48
15497,34
15498,173
15499,155
15500,48
15501,167
15502,48
15503,44
15504,34
15505,171
15506,48
15507,37
15508,34
15509,42
15510,48
15511,34
15512,167
15513,48
15514,48
15515,34
15516,34
15517,42
15518,34
15519,44
15520,42
15521,72
15522,71
15523,48
15524,42
15525,173
15526,81
15527,34
15528,82
15529,173
15530,75
15531,27
15532,34
15533,34
15534,71
15535,34
15536,81
15537,34
15538,221
15539,81
15540,48
15541,42
15542,75
15543,37
15544,26
15545,44
15546,44
15547,71
15548,167
15549,221
15550,71
15551,34
15552,42
15553,34
15554,34
15555,42
15556,34
15557,34
15558,75
15559,48
15560,42
15561,158
15562,81
15563,34
15564,34
15565,75
15566,48
15567,34
15568,75
15569,34
15570,127
15571,57
15572,222
15573,34
15574,87
15575,44
15576,48
15577,109
15578,34
15579,34
15580,37
15581,34
15582,34
15583,37
15584,81
15585,34
15586,34
15587,34
15588,13
15589,89
15590,48
15591,48
15592,34
15593,34
15594,48
15595,173
15596,173
15597,182
15598,48
15599,214
15600,173
15601,221
15602,71
15603,42
15604,42
15605,44
15606,44
15607,34
15608,207
15609,48
15610,48
15611,109
15612,48
15613,89
15614,26
15615,221
15616,82
15617,71
15618,42
15619,75
15620,71
15621,42
15622,34
15623,173
15624,48
15625,34
15626,217
15627,4
15628,37
15629,42
15630,34
15631,34
15632,37
15633,170
15634,48
15635,42
15636,42
15637,105
15638,71
15639,34
15640,42
15641,221
15642,42
15643,34
15644,48
15645,42
15646,34
15647,171
15648,34
15649,221
15650,34
15651,34
15652,22
15653,34
15654,48
15655,48
15656,48
15657,75
15658,34
15659,71
15660,42
15661,71
15662,48
15663,34
15664,34
15665,48
15666,72
15667,131
15668,48
15669,34
15670,34
15671,48
15672,34
15673,160
15674,48
15675,82
15676,34
15677,7
15678,217
15679,48
15680,37
15681,48
15682,48
15683,72
15684,44
15685,34
15686,48
15687,9
15688,207
15689,34
15690,167
15691,48
15692,82
15693,34
15694,48
15695,34
15696,34
15697,34
15698,34
15699,167
15700,22
15701,48
15702,34
15703,173
15704,89
15705,48
15706,34
15707,48
15708,34
15709,48
15710,34
15711,48
15712,82
15713,37
15714,34
15715,82
15716,34
15717,82
15718,34
15719,42
15720,81
15721,34
15722,81
15723,42
15724,34
15725,34
15726,48
15727,34
15728,72
15729,34
15730,42
15731,34
15732,37
15733,207
15734,57
15735,48
15736,42
15737,34
15738,105
15739,167
15740,13
15741,48
15742,48
15743,42
15744,34
15745,44
15746,48
15747,42
15748,76
15749,71
15750,72
15751,34
15752,167
15753,34
15754,37
15755,42
15756,48
15757,42
15758,37
15759,34
15760,42
15761,48
15762,48
15763,34
15764,37
15765,34
15766,75
15767,34
15768,167
15769,13
15770,173
15771,157
15772,71
15773,72
15774,42
15775,34
15776,71
15777,42
15778,48
15779,183
15780,44
15781,173
15782,48
15783,48
15784,34
15785,26
15786,37
15787,173
15788,26
15789,131
15790,167
15791,34
15792,42
15793,82
15794,34
15795,34
15796,37
15797,34
15798,34
15799,42
15800,48
15801,34
15802,81
15803,34
15804,34
15805,81
15806,42
15807,42
15808,34
15809,48
15810,75
15811,212
15812,44
15813,34
15814,75
15815,48
15816,71
15817,34
15818,34
15819,34
15820,42
15821,48
15822,29
15823,48
15824,48
15825,48
15826,37
15827,48
15828,34
15829,171
15830,42
15831,173
15832,34
15833,48
15834,34
15835,48
15836,221
15837,170
15838,34
15839,221
15840,37
15841,57
15842,48
15843,89
15844,13
15845,48
15846,206
15847,34
15848,207
15849,34
15850,42
15851,34
15852,34
15853,34
15854,48
15855,72
15856,75
15857,34
15858,173
15859,173
15860,131
15861,42
15862,34
15863,48
15864,42
15865,105
15866,48
15867,37
15868,75
15869,42
15870,81
15871,42
15872,34
15873,48
15874,44
15875,72
15876,34
15877,89
15878,217
15879,34
15880,34
15881,34
15882,48
15883,48
15884,72
15885,42
15886,34
15887,34
15888,81
15889,34
15890,48
15891,34
15892,82
15893,173
15894,34
15895,34
15896,72
15897,182
15898,34
15899,81
15900,42
15901,42
15902,34
15903,44
15904,34
15905,34
15906,170
15907,34
15908,42
15909,42
15910,34
15911,34
15912,34
15913,34
15914,34
15915,48
15916,48
15917,48
15918,28
15919,75
15920,72
15921,48
15922,71
15923,72
15924,34
15925,34
15926,207
15927,48
15928,76
15929,48
15930,48
15931,34
15932,75
15933,37
15934,34
15935,34
15936,76
15937,72
15938,72
15939,48
15940,173
15941,34
15942,34
15943,37
15944,34
15945,71
15946,13
15947,3
15948,48
15949,159
15950,34
15951,173
15952,71
15953,44
15954,54
15955,37
15956,34
15957,48
15958,72
15959,34
15960,48
15961,13
15962,34
15963,48
15964,71
15965,48
15966,171
15967,34
15968,34
15969,89
15970,34
15971,34
15972,221
15973,159
15974,48
15975,71
15976,34
15977,82
15978,48
15979,71
15980,48
15981,34
15982,75
15983,72
15984,34
15985,34
15986,75
15987,34
15988,34
15989,42
15990,72
15991,221
15992,173
15993,55
15994,82
15995,48
15996,34
15997,42
15998,171
15999,34
16000,29
16001,27
16002,26
16003,48
16004,81
16005,34
16006,4
16007,48
16008,34
16009,221
16010,212
16011,87
16012,167
16013,44
16014,48
16015,34
16016,13
16017,34
16018,34
16019,34
16020,131
16021,48
16022,217
16023,81
16024,170
16025,37
16026,34
16027,219
16028,44
16029,42
16030,48
16031,34
16032,34
16033,34
16034,34
16035,221
16036,34
16037,173
16038,48
16039,217
16040,221
16041,72
16042,71
16043,34
16044,48
16045,72
16046,34
16047,34
16048,34
16049,34
16050,173
16051,34
16052,37
16053,48
16054,48
16055,34
16056,44
16057,34
16058,71
16059,34
16060,34
16061,34
16062,38
16063,48
16064,34
16065,4
16066,81
16067,34
16068,34
16069,48
16070,167
16071,48
16072,34
16073,75
16074,34
16075,37
16076,34
16077,167
16078,34
16079,75
16080,34
16081,34
16082,13
16083,34
16084,42
16085,96
16086,75
16087,34
16088,34
16089,71
16090,34
16091,82
16092,34
16093,34
16094,173
16095,34
16096,48
16097,209
16098,42
16099,72
16100,72
16101,34
16102,44
16103,48
16104,34
16105,67
16106,48
16107,207
16108,44
16109,48
16110,34
16111,71
16112,48
16113,48
16114,173
16115,34
16116,48
16117,34
16118,34
16119,34
16120,48
16121,34
16122,42
16123,48
16124,207
16125,42
16126,44
16127,37
16128,48
16129,167
16130,34
16131,34
16132,71
16133,34
16134,34
16135,37
16136,48
16137,34
16138,48
16139,171
16140,34
16141,127
16142,48
16143,48
16144,219
16145,167
16146,34
16147,42
16148,167
16149,170
16150,42
16151,18
16152,48
16153,48
16154,34
16155,48
16156,71
16157,48
16158,42
16159,48
16160,81
16161,34
16162,48
16163,34
16164,109
16165,48
16166,72
16167,34
16168,207
16169,34
16170,207
16171,34
16172,42
16173,71
16174,34
16175,34
16176,173
16177,48
16178,48
16179,34
16180,34
16181,75
16182,34
16183,48
16184,34
16185,71
16186,48
16187,81
16188,173
16189,26
16190,34
16191,173
16192,48
16193,173
16194,48
16195,34
16196,48
16197,48
16198,44
16199,75
16200,48
16201,48
16202,48
16203,13
16204,75
16205,37
16206,171
16207,154
16208,34
16209,82
16210,72
16211,34
16212,34
16213,48
16214,71
16215,82
16216,4
16217,34
16218,42
16219,34
16220,196
16221,34
16222,48
16223,72
16224,48
16225,37
16226,34
16227,57
16228,37
16229,171
16230,72
16231,34
16232,48
16233,34
16234,34
16235,48
16236,222
16237,71
16238,34
16239,34
16240,34
16241,48
16242,106
16243,72
16244,57
16245,34
16246,48
16247,173
16248,87
16249,170
16250,81
16251,34
16252,217
16253,26
16254,34
16255,34
16256,42
16257,26
16258,21
16259,103
16260,173
16261,75
16262,34
16263,48
16264,34
16265,34
16266,44
16267,49
16268,34
16269,34
16270,48
16271,34
16272,37
16273,71
16274,42
16275,48
16276,22
16277,173
16278,34
16279,173
16280,34
16281,82
16282,34
16283,170
16284,89
16285,221
16286,34
16287,48
16288,48
16289,34
16290,37
16291,42
16292,72
16293,76
16294,44
16295,82
16296,13
16297,34
16298,13
16299,34
16300,72
16301,37
16302,34
16303,48
16304,44
16305,173
16306,34
16307,173
16308,34
16309,42
16310,48
16311,34
16312,27
16313,48
16314,34
16315,48
16316,37
16317,48
16318,170
16319,44
16320,89
16321,34
16322,34
16323,42
16324,48
16325,34
16326,34
16327,171
16328,48
16329,34
16330,34
16331,34
16332,34
16333,48
16334,48
16335,34
16336,48
16337,81
16338,48
16339,159
16340,42
16341,34
16342,44
16343,48
16344,127
16345,81
16346,34
16347,27
16348,152
16349,42
16350,42
16351,221
16352,34
16353,48
16354,42
16355,44
16356,4
16357,34
16358,37
16359,34
16360,167
16361,42
16362,170
16363,26
16364,34
16365,34
16366,42
16367,221
16368,34
16369,200
16370,34
16371,37
16372,48
16373,34
16374,171
16375,48
16376,48
16377,48
16378,34
16379,34
16380,34
16381,34
16382,44
16383,34
16384,173
16385,42
16386,167
16387,56
16388,48
16389,173
16390,170
16391,34
16392,37
16393,57
16394,221
16395,48
16396,48
16397,34
16398,34
16399,37
16400,48
16401,13
16402,34
16403,173
16404,82
16405,72
16406,44
16407,89
16408,48
16409,81
16410,48
16411,34
16412,71
16413,207
16414,34
16415,4
16416,75
16417,221
16418,34
16419,87
16420,34
16421,48
16422,48
16423,34
16424,173
16425,167
16426,34
16427,34
16428,34
16429,81
16430,71
16431,221
16432,34
16433,173
16434,72
16435,48
16436,48
16437,4
16438,171
16439,199
16440,48
16441,8
16442,37
16443,16
16444,48
16445,72
16446,37
16447,48
16448,34
16449,34
16450,207
16451,48
16452,72
16453,34
16454,173
16455,173
16456,82
16457,37
16458,44
16459,48
16460,34
16461,48
16462,44
16463,42
16464,42
16465,27
16466,71
16467,42
16468,71
16469,81
16470,72
16471,82
16472,72
16473,34
16474,34
16475,48
16476,48
16477,48
16478,48
16479,34
16480,34
16481,173
16482,29
16483,34
16484,82
16485,81
16486,57
16487,34
16488,37
16489,37
16490,48
16491,34
16492,34
16493,48
16494,34
16495,87
16496,173
16497,42
16498,173
16499,44
16500,72
16501,127
16502,48
16503,87
16504,48
16505,18
16506,34
16507,13
16508,48
16509,44
16510,82
16511,207
16512,42
16513,34
16514,34
16515,82
16516,48
16517,48
16518,34
16519,71
16520,48
16521,4
16522,48
16523,48
16524,81
16525,48
16526,42
16527,37
16528,103
16529,48
16530,48
16531,221
16532,26
16533,34
16534,48
16535,34
16536,173
16537,34
16538,48
16539,34
16540,48
16541,42
16542,34
16543,34
16544,72
16545,42
16546,48
16547,34
16548,81
16549,71
16550,34
16551,34
16552,204
16553,4
16554,34
16555,34
16556,34
16557,82
16558,173
16559,37
16560,37
16561,42
16562,173
16563,34
16564,48
16565,42
16566,34
16567,71
16568,44
16569,46
16570,221
16571,48
16572,81
16573,171
16574,34
16575,75
16576,71
16577,34
16578,42
16579,34
16580,29
16581,217
16582,34
16583,71
16584,207
16585,34
16586,34
16587,34
16588,34
16589,9
16590,34
16591,34
16592,71
16593,34
16594,34
16595,87
16596,37
16597,159
16598,212
16599,72
16600,48
16601,42
16602,34
16603,34
16604,82
16605,34
16606,34
16607,44
16608,48
16609,34
16610,34
16611,11
16612,34
16613,48
16614,37
16615,71
16616,37
16617,173
16618,48
16619,34
16620,170
16621,48
16622,208
16623,81
16624,48
16625,42
16626,34
16627,44
16628,37
16629,48
16630,34
16631,34
16632,81
16633,34
16634,34
16635,34
16636,87
16637,13
16638,48
16639,34
16640,208
16641,34
16642,42
16643,29
16644,29
16645,34
16646,71
16647,42
16648,72
16649,34
16650,167
16651,34
16652,34
16653,81
16654,205
16655,34
16656,57
16657,48
16658,75
16659,221
16660,34
16661,34
16662,34
16663,173
16664,34
16665,42
16666,170
16667,42
16668,42
16669,42
16670,173
16671,72
16672,48
16673,48
16674,27
16675,34
16676,76
16677,48
16678,48
16679,167
16680,34
16681,48
16682,48
16683,34
16684,71
16685,48
16686,34
16687,34
16688,34
16689,44
16690,29
16691,9
16692,48
16693,221
16694,221
16695,42
16696,34
16697,48
16698,37
16699,29
16700,75
16701,75
16702,48
16703,34
16704,48
16705,221
16706,42
16707,107
16708,72
16709,48
16710,48
16711,26
16712,71
16713,67
16714,207
16715,82
16716,57
16717,81
16718,34
16719,71
16720,42
16721,173
16722,71
16723,34
16724,48
16725,34
16726,81
16727,48
16728,34
16729,48
16730,34
16731,170
16732,4
16733,48
16734,34
16735,48
16736,89
16737,48
16738,34
16739,170
16740,48
16741,173
16742,72
16743,44
16744,127
16745,34
16746,71
16747,37
16748,42
16749,48
16750,34
16751,34
16752,173
16753,34
16754,71
16755,89
16756,42
16757,13
16758,34
16759,72
16760,75
16761,48
16762,42
16763,42
16764,34
16765,171
16766,48
16767,44
16768,44
16769,34
16770,48
16771,81
16772,34
16773,48
16774,48
16775,48
16776,48
16777,173
16778,82
16779,34
16780,48
16781,42
16782,42
16783,34
16784,42
16785,34
16786,42
16787,48
16788,173
16789,34
16790,34
16791,48
16792,34
16793,81
16794,34
16795,34
16796,34
16797,34
16798,34
16799,173
16800,34
16801,44
16802,48
16803,71
16804,34
16805,34
16806,48
16807,48
16808,34
16809,82
16810,48
16811,48
16812,34
16813,29
16814,34
16815,34
16816,173
16817,48
16818,48
16819,34
16820,48
16821,34
16822,34
16823,37
16824,34
16825,171
16826,48
16827,48
16828,48
16829,48
16830,71
16831,71
16832,48
16833,48
16834,42
16835,34
16836,170
16837,42
16838,34
16839,105
16840,34
16841,34
16842,34
16843,34
16844,71
16845,34
16846,34
16847,48
16848,42
16849,37
16850,182
16851,48
16852,72
16853,81
16854,48
16855,89
16856,34
16857,48
16858,171
16859,48
16860,37
16861,81
16862,82
16863,26
16864,34
16865,173
16866,34
16867,48
16868,34
16869,71
16870,48
16871,170
16872,82
16873,44
16874,48
16875,48
16876,4
16877,133
16878,71
16879,34
16880,217
16881,3
16882,42
16883,34
16884,44
16885,48
16886,48
16887,42
16888,34
16889,37
16890,34
16891,34
16892,54
16893,48
16894,34
16895,34
16896,71
16897,34
16898,34
16899,48
16900,48
16901,34
16902,34
16903,34
16904,42
16905,37
16906,42
16907,48
16908,34
16909,91
16910,57
16911,48
16912,42
16913,34
16914,173
16915,34
16916,44
16917,48
16918,34
16919,44
16920,34
16921,81
16922,42
16923,44
16924,170
16925,34
16926,48
16927,170
16928,75
16929,34
16930,34
16931,48
16932,44
16933,48
16934,44
16935,34
16936,217
16937,34
16938,167
16939,42
16940,48
16941,48
16942,75
16943,48
16944,34
16945,76
16946,207
16947,34
16948,81
16949,48
16950,48
16951,34
16952,221
16953,34
16954,48
16955,48
16956,48
16957,48
16958,71
16959,48
16960,48
16961,221
16962,42
16963,34
16964,34
16965,76
16966,34
16967,44
16968,34
16969,207
16970,48
16971,82
16972,37
16973,87
16974,72
16975,48
16976,34
16977,207
16978,37
16979,34
16980,34
16981,48
16982,87
16983,120
16984,127
16985,82
16986,82
16987,48
16988,159
16989,48
16990,48
16991,48
16992,29
16993,167
16994,34
16995,48
16996,42
16997,221
16998,48
16999,167
17000,48
17001,13
17002,48
17003,21
17004,34
17005,48
17006,42
17007,34
17008,4
17009,89
17010,34
17011,42
17012,44
17013,42
17014,72
17015,42
17016,171
17017,173
17018,54
17019,81
17020,72
17021,48
17022,34
17023,34
17024,48
17025,170
17026,109
17027,75
17028,44
17029,34
17030,44
17031,44
17032,13
17033,48
17034,48
17035,34
17036,106
17037,72
17038,48
17039,48
17040,48
17041,81
17042,34
17043,81
17044,81
17045,34
17046,34
17047,48
17048,72
17049,48
17050,34
17051,42
17052,34
17053,44
17054,37
17055,221
17056,221
17057,81
17058,207
17059,34
17060,42
17061,34
17062,82
17063,37
17064,4
17065,72
17066,44
17067,34
17068,34
17069,34
17070,42
17071,37
17072,48
17073,34
17074,31
17075,71
17076,42
17077,34
17078,56
17079,34
17080,170
17081,170
17082,13
17083,71
17084,71
17085,34
17086,34
17087,81
17088,16
17089,34
17090,34
17091,34
17092,37
17093,34
17094,48
17095,29
17096,47
17097,34
17098,48
17099,57
17100,75
17101,34
17102,48
17103,48
17104,44
17105,48
17106,34
17107,48
17108,48
17109,81
17110,177
17111,48
17112,44
17113,44
17114,48
17115,71
17116,173
17117,34
17118,81
17119,173
17120,34
17121,48
17122,34
17123,67
17124,48
17125,34
17126,0
17127,34
17128,48
17129,171
17130,173
17131,48
17132,37
17133,37
17134,48
17135,4
17136,34
17137,34
17138,29
17139,72
17140,107
17141,37
17142,82
17143,34
17144,221
17145,81
17146,26
17147,34
17148,13
17149,34
17150,48
17151,72
17152,48
17153,75
17154,34
17155,167
17156,42
17157,34
17158,75
17159,34
17160,13
17161,44
17162,34
17163,48
17164,71
17165,48
17166,48
17167,48
17168,44
17169,76
17170,42
17171,48
17172,82
17173,34
17174,208
17175,161
17176,48
17177,48
17178,48
17179,48
17180,42
17181,158
17182,34
17183,34
17184,82
17185,34
17186,34
17187,48
17188,42
17189,200
17190,48
17191,72
17192,34
17193,48
17194,34
17195,221
17196,71
17197,173
17198,173
17199,34
17200,20
17201,34
17202,34
17203,81
17204,34
17205,48
17206,116
17207,34
17208,221
17209,82
17210,34
17211,170
17212,34
17213,48
17214,72
17215,48
17216,48
17217,13
17218,207
17219,11
17220,37
17221,34
17222,48
17223,48
17224,34
17225,173
17226,34
17227,48
17228,34
17229,87
17230,120
17231,173
17232,34
17233,34
17234,34
17235,48
17236,48
17237,42
17238,159
17239,42
17240,34
17241,109
17242,34
17243,221
17244,48
17245,170
17246,48
17247,44
17248,34
17249,212
17250,173
17251,34
17252,37
17253,34
17254,42
17255,42
17256,37
17257,34
17258,48
17259,75
17260,71
17261,109
17262,34
17263,34
17264,221
17265,34
17266,34
17267,34
17268,29
17269,109
17270,42
17271,34
17272,42
17273,48
17274,34
17275,34
17276,34
17277,34
17278,48
17279,34
17280,48
17281,220
17282,81
17283,44
17284,48
17285,48
17286,34
17287,44
17288,81
17289,75
17290,48
17291,146
17292,48
17293,34
17294,34
17295,48
17296,71
17297,48
17298,81
17299,75
17300,170
17301,34
17302,173
17303,34
17304,34
17305,44
17306,105
17307,81
17308,76
17309,48
17310,217
17311,34
17312,34
17313,34
17314,173
17315,89
17316,34
17317,72
17318,71
17319,37
17320,48
17321,48
17322,42
17323,34
17324,48
17325,34
17326,34
17327,103
17328,81
17329,34
17330,34
17331,34
17332,48
17333,48
17334,207
17335,34
17336,34
17337,34
17338,109
17339,34
17340,71
17341,72
17342,34
17343,34
17344,44
17345,34
17346,34
17347,71
17348,221
17349,34
17350,34
17351,105
17352,48
17353,34
17354,207
17355,42
17356,42
17357,170
17358,48
17359,34
17360,75
17361,34
17362,44
17363,34
17364,48
17365,34
17366,81
17367,34
17368,34
17369,42
17370,48
17371,71
17372,34
17373,34
17374,34
17375,48
17376,71
17377,48
17378,34
17379,34
17380,207
17381,48
17382,48
17383,34
17384,42
17385,37
17386,48
17387,81
17388,48
17389,196
17390,221
17391,48
17392,109
17393,34
17394,34
17395,34
17396,48
17397,34
17398,34
17399,37
17400,167
17401,153
17402,71
17403,34
17404,48
17405,34
17406,34
17407,37
17408,34
17409,42
17410,76
17411,34
17412,34
17413,34
17414,159
17415,34
17416,100
17417,221
17418,42
17419,58
17420,48
17421,34
17422,39
17423,81
17424,34
17425,48
17426,48
17427,34
17428,37
17429,34
17430,71
17431,158
17432,42
17433,34
17434,48
17435,173
17436,81
17437,44
17438,13
17439,4
17440,34
17441,48
17442,48
17443,48
17444,48
17445,4
17446,34
17447,48
17448,42
17449,20
17450,89
17451,34
17452,48
17453,34
17454,48
17455,34
17456,34
17457,34
17458,89
17459,34
17460,42
17461,207
17462,26
17463,34
17464,72
17465,44
17466,72
17467,34
17468,173
17469,173
17470,76
17471,48
17472,152
17473,167
17474,34
17475,34
17476,42
17477,217
17478,48
17479,44
17480,143
17481,71
17482,34
17483,158
17484,207
17485,34
17486,9
17487,34
17488,188
17489,82
17490,26
17491,44
17492,48
17493,81
17494,34
17495,37
17496,48
17497,34
17498,42
17499,48
17500,34
17501,71
17502,173
17503,44
17504,48
17505,164
17506,48
17507,211
17508,42
17509,34
17510,44
17511,42
17512,34
17513,48
17514,71
17515,71
17516,34
17517,71
17518,87
17519,34
17520,42
17521,42
17522,34
17523,48
17524,34
17525,221
17526,48
17527,34
17528,71
17529,48
17530,34
17531,89
17532,34
17533,34
17534,54
17535,48
17536,48
17537,48
17538,34
17539,34
17540,87
17541,34
17542,34
17543,44
17544,207
17545,34
17546,34
17547,7
17548,34
17549,34
17550,173
17551,48
17552,75
17553,34
17554,34
17555,221
17556,171
17557,42
17558,159
17559,221
17560,34
17561,34
17562,34
17563,173
17564,173
17565,34
17566,48
17567,81
17568,48
17569,34
17570,17
17571,48
17572,76
17573,42
17574,100
17575,34
17576,34
17577,34
17578,76
17579,48
17580,48
17581,34
17582,34
17583,173
17584,34
17585,207
17586,34
17587,34
17588,34
17589,87
17590,48
17591,42
17592,48
17593,87
17594,48
17595,34
17596,48
17597,207
17598,34
17599,221
17600,48
17601,82
17602,34
17603,81
17604,72
17605,207
17606,42
17607,166
17608,34
17609,34
17610,34
17611,48
17612,37
17613,72
17614,44
17615,81
17616,170
17617,48
17618,75
17619,76
17620,48
17621,54
17622,207
17623,34
17624,21
17625,48
17626,48
17627,81
17628,42
17629,34
17630,221
17631,48
17632,48
17633,71
17634,89
17635,34
17636,34
17637,48
17638,34
17639,48
17640,37
17641,48
17642,37
17643,89
17644,81
17645,48
17646,44
17647,159
17648,48
17649,71
17650,34
17651,48
17652,44
17653,34
17654,167
17655,107
17656,71
17657,34
17658,106
17659,37
17660,72
17661,81
17662,34
17663,42
17664,44
17665,48
17666,48
17667,34
17668,34
17669,34
17670,34
17671,48
17672,42
17673,42
17674,37
17675,34
17676,42
17677,75
17678,159
17679,44
17680,155
17681,48
17682,26
17683,48
17684,81
17685,167
17686,48
17687,207
17688,173
17689,48
17690,34
17691,57
17692,48
17693,48
17694,48
17695,57
17696,37
17697,173
17698,34
17699,34
17700,34
17701,48
17702,48
17703,71
17704,34
17705,34
17706,81
17707,81
17708,34
17709,42
17710,167
17711,167
17712,34
17713,4
17714,48
17715,48
17716,44
17717,48
17718,48
17719,76
17720,84
17721,42
17722,170
17723,75
17724,34
17725,1
17726,42
17727,44
17728,34
17729,34
17730,34
17731,48
17732,48
17733,48
17734,71
17735,42
17736,34
17737,221
17738,34
17739,127
17740,160
17741,34
17742,103
17743,81
17744,170
17745,71
17746,34
17747,13
17748,82
17749,34
17750,42
17751,170
17752,48
17753,72
17754,34
17755,48
17756,34
17757,221
17758,44
17759,34
17760,34
17761,34
17762,44
17763,34
17764,82
17765,42
17766,48
17767,34
17768,48
17769,48
17770,42
17771,34
17772,34
17773,217
17774,34
17775,75
17776,34
17777,48
17778,81
17779,48
17780,56
17781,34
17782,44
17783,170
17784,44
17785,34
17786,48
17787,30
17788,34
17789,34
17790,173
17791,42
17792,48
17793,48
17794,48
17795,48
17796,34
17797,34
17798,42
17799,164
17800,34
17801,34
17802,173
17803,106
17804,26
17805,48
17806,173
17807,34
17808,71
17809,34
17810,44
17811,42
17812,48
17813,34
17814,34
17815,89
17816,220
17817,207
17818,34
17819,170
17820,42
17821,34
17822,54
17823,89
17824,34
17825,34
17826,14
17827,48
17828,34
17829,34
17830,48
17831,34
17832,173
17833,34
17834,173
17835,221
17836,217
17837,58
17838,171
17839,173
17840,34
17841,221
17842,48
17843,34
17844,26
17845,34
17846,221
17847,48
17848,37
17849,34
17850,34
17851,34
17852,71
17853,71
17854,48
17855,71
17856,89
17857,221
17858,48
17859,207
17860,217
17861,173
17862,87
17863,173
17864,48
17865,207
17866,34
17867,48
17868,34
17869,34
17870,34
17871,82
17872,48
17873,48
17874,48
17875,173
17876,71
17877,34
17878,48
17879,34
17880,34
17881,87
17882,48
17883,34
17884,167
17885,217
17886,34
17887,72
17888,48
17889,37
17890,42
17891,48
17892,34
17893,48
17894,48
17895,42
17896,48
17897,34
17898,34
17899,85
17900,48
17901,48
17902,48
17903,34
17904,48
17905,159
17906,170
17907,48
17908,48
17909,48
17910,37
17911,34
17912,34
17913,87
17914,34
17915,48
17916,34
17917,34
17918,34
17919,87
17920,171
17921,173
17922,71
17923,44
17924,171
17925,72
17926,34
17927,170
17928,89
17929,34
17930,221
17931,37
17932,48
17933,37
17934,173
17935,81
17936,48
17937,48
17938,81
17939,44
17940,48
17941,34
17942,34
17943,72
17944,2
17945,81
17946,76
17947,34
17948,48
17949,34
17950,37
17951,34
17952,44
17953,89
17954,42
17955,26
17956,34
17957,34
17958,76
17959,48
17960,87
17961,34
17962,42
17963,48
17964,81
17965,34
17966,34
17967,42
17968,71
17969,48
17970,34
17971,34
17972,34
17973,131
17974,29
17975,48
17976,44
17977,34
17978,34
17979,162
17980,48
17981,48
17982,34
17983,48
17984,167
17985,167
17986,48
17987,34
17988,42
17989,34
17990,34
17991,22
17992,34
17993,43
17994,75
17995,34
17996,75
17997,207
17998,221
17999,34
18000,5
18001,221
18002,220
18003,71
18004,213
18005,173
18006,34
18007,34
18008,26
18009,48
18010,34
18011,48
18012,27
18013,34
18014,42
18015,44
18016,89
18017,34
18018,48
18019,42
18020,48
18021,34
18022,167
18023,173
18024,71
18025,42
18026,42
18027,48
18028,34
18029,71
18030,48
18031,25
18032,71
18033,48
18034,48
18035,207
18036,71
18037,44
18038,34
18039,42
18040,48
18041,48
18042,173
18043,26
18044,34
18045,4
18046,57
18047,34
18048,168
18049,44
18050,152
18051,57
18052,48
18053,57
18054,34
18055,48
18056,42
18057,34
18058,48
18059,34
18060,26
18061,221
18062,219
18063,44
18064,34
18065,75
18066,42
18067,87
18068,71
18069,48
18070,48
18071,168
18072,48
18073,72
18074,34
18075,42
18076,48
18077,48
18078,87
18079,26
18080,48
18081,16
18082,34
18083,48
18084,44
18085,82
18086,42
18087,71
18088,48
18089,203
18090,71
18091,48
18092,48
18093,34
18094,75
18095,34
18096,71
18097,34
18098,34
18099,42
18100,34
18101,13
18102,34
18103,34
18104,44
18105,81
18106,34
18107,21
18108,34
18109,34
18110,221
18111,34
18112,34
18113,48
18114,48
18115,42
18116,34
18117,48
18118,171
18119,42
18120,170
18121,173
18122,188
18123,207
18124,71
18125,34
18126,48
18127,34
18128,13
18129,34
18130,54
18131,34
18132,34
18133,48
18134,34
18135,34
18136,71
18137,48
18138,71
18139,34
18140,58
18141,48
18142,81
18143,34
18144,34
18145,48
18146,89
18147,34
18148,48
18149,34
18150,109
18151,34
18152,34
18153,13
18154,75
18155,44
18156,221
18157,48
18158,34
18159,173
18160,173
18161,34
18162,48
18163,42
18164,34
18165,48
18166,217
18167,34
18168,205
18169,34
18170,34
18171,34
18172,71
18173,42
18174,71
18175,44
18176,34
18177,34
18178,34
18179,44
18180,34
18181,48
18182,34
18183,217
18184,105
18185,34
18186,76
18187,72
18188,34
18189,48
18190,173
18191,48
18192,42
18193,34
18194,173
18195,19
18196,34
18197,34
18198,207
18199,34
18200,71
18201,75
18202,34
18203,48
18204,48
18205,34
18206,57
18207,48
18208,34
18209,217
18210,48
18211,34
18212,34
18213,58
18214,48
18215,4
18216,34
18217,34
18218,48
18219,42
18220,34
18221,27
18222,42
18223,72
18224,48
18225,76
18226,48
18227,48
18228,48
18229,34
18230,221
18231,173
18232,48
18233,48
18234,48
18235,34
18236,76
18237,4
18238,72
18239,34
18240,48
18241,48
18242,44
18243,71
18244,75
18245,34
18246,48
18247,173
18248,214
18249,48
18250,81
18251,48
18252,34
18253,173
18254,154
18255,34
18256,42
18257,34
18258,221
18259,48
18260,82
18261,82
18262,75
18263,34
18264,34
18265,48
18266,213
18267,37
18268,38
18269,221
18270,34
18271,48
18272,34
18273,34
18274,48
18275,219
18276,34
18277,44
18278,37
18279,48
18280,109
18281,34
18282,71
18283,71
18284,71
18285,57
18286,37
18287,34
18288,171
18289,76
18290,167
18291,173
18292,170
18293,29
18294,48
18295,34
18296,48
18297,71
18298,29
18299,37
18300,48
18301,71
18302,37
18303,173
18304,48
18305,44
18306,76
18307,34
18308,44
18309,173
18310,34
18311,82
18312,34
18313,37
18314,167
18315,37
18316,44
18317,58
18318,42
18319,152
18320,48
18321,34
18322,13
18323,34
18324,48
18325,87
18326,76
18327,54
18328,42
18329,48
18330,44
18331,173
18332,81
18333,42
18334,34
18335,34
18336,42
18337,48
18338,34
18339,34
18340,48
18341,37
18342,48
18343,4
18344,42
18345,71
18346,34
18347,75
18348,37
18349,71
18350,34
18351,34
18352,34
18353,44
18354,34
18355,221
18356,34
18357,42
18358,48
18359,13
18360,42
18361,48
18362,207
18363,167
18364,79
18365,207
18366,48
18367,34
18368,34
18369,48
18370,48
18371,34
18372,76
18373,44
18374,37
18375,34
18376,76
18377,76
18378,167
18379,42
18380,72
18381,5
18382,48
18383,159
18384,34
18385,34
18386,71
18387,167
18388,22
18389,48
18390,29
18391,71
18392,48
18393,173
18394,221
18395,48
18396,13
18397,221
18398,72
18399,87
18400,48
18401,42
18402,81
18403,34
18404,48
18405,48
18406,34
18407,76
18408,9
18409,89
18410,48
18411,34
18412,13
18413,42
18414,173
18415,82
18416,109
18417,48
18418,13
18419,34
18420,81
18421,16
18422,54
18423,131
18424,75
18425,72
18426,34
18427,37
18428,48
18429,48
18430,34
18431,48
18432,37
18433,44
18434,48
18435,48
18436,54
18437,171
18438,72
18439,48
18440,13
18441,173
18442,76
18443,48
18444,48
18445,4
18446,34
18447,42
18448,42
18449,27
18450,72
18451,76
18452,42
18453,34
18454,171
18455,167
18456,34
18457,4
18458,34
18459,76
18460,34
18461,34
18462,35
18463,75
18464,42
18465,103
18466,34
18467,81
18468,34
18469,34
18470,37
18471,48
18472,81
18473,81
18474,48
18475,106
18476,159
18477,34
18478,34
18479,44
18480,48
18481,4
18482,34
18483,119
18484,42
18485,48
18486,89
18487,167
18488,34
18489,34
18490,173
18491,173
18492,48
18493,34
18494,42
18495,207
18496,42
18497,48
18498,34
18499,75
18500,44
18501,42
18502,34
18503,42
18504,34
18505,76
18506,54
18507,34
18508,34
18509,131
18510,48
18511,34
18512,167
18513,34
18514,34
18515,34
18516,170
18517,199
18518,71
18519,42
18520,48
18521,159
18522,48
18523,87
18524,48
18525,217
18526,82
18527,34
18528,34
18529,48
18530,210
18531,34
18532,82
18533,31
18534,34
18535,48
18536,48
18537,34
18538,221
18539,71
18540,34
18541,57
18542,34
18543,3
18544,48
18545,42
18546,34
18547,89
18548,44
18549,48
18550,34
18551,170
18552,152
18553,74
18554,44
18555,34
18556,48
18557,75
18558,48
18559,87
18560,34
18561,48
18562,34
18563,34
18564,48
18565,34
18566,42
18567,48
18568,4
18569,42
18570,34
18571,72
18572,173
18573,44
18574,34
18575,48
18576,27
18577,34
18578,34
18579,71
18580,72
18581,34
18582,221
18583,81
18584,217
18585,34
18586,34
18587,34
18588,48
18589,182
18590,221
18591,48
18592,71
18593,34
18594,34
18595,37
18596,72
18597,48
18598,34
18599,71
18600,72
18601,34
18602,71
18603,217
18604,221
18605,207
18606,170
18607,173
18608,34
18609,34
18610,34
18611,34
18612,34
18613,207
18614,81
18615,76
18616,34
18617,42
18618,34
18619,48
18620,217
18621,34
18622,34
18623,81
18624,48
18625,34
18626,42
18627,217
18628,120
18629,217
18630,72
18631,42
18632,48
18633,34
18634,34
18635,48
18636,48
18637,48
18638,173
18639,34
18640,72
18641,34
18642,173
18643,82
18644,48
18645,48
18646,34
18647,48
18648,34
18649,44
18650,44
18651,34
18652,34
18653,48
18654,42
18655,173
18656,34
18657,34
18658,42
18659,34
18660,48
18661,42
18662,34
18663,34
18664,34
18665,34
18666,34
18667,155
18668,42
18669,48
18670,81
18671,173
18672,48
18673,44
18674,48
18675,221
18676,34
18677,48
18678,42
18679,48
18680,34
18681,34
18682,48
18683,34
18684,48
18685,48
18686,48
18687,48
18688,48
18689,72
18690,167
18691,46
18692,29
18693,34
18694,34
18695,34
18696,48
18697,72
18698,34
18699,72
18700,44
18701,34
18702,57
18703,4
18704,173
18705,48
18706,34
18707,173
18708,34
18709,71
18710,170
18711,42
18712,48
18713,173
18714,34
18715,34
18716,48
18717,44
18718,173
18719,72
18720,34
18721,34
18722,109
18723,171
18724,34
18725,48
18726,34
18727,81
18728,34
18729,87
18730,109
18731,34
18732,44
18733,34
18734,72
18735,29
18736,34
18737,48
18738,34
18739,71
18740,48
18741,42
18742,221
18743,48
18744,221
18745,29
18746,37
18747,34
18748,167
18749,34
18750,34
18751,42
18752,48
18753,72
18754,7
18755,48
18756,221
18757,203
18758,42
18759,34
18760,71
18761,42
18762,71
18763,34
18764,48
18765,2
18766,71
18767,167
18768,34
18769,48
18770,81
18771,48
18772,34
18773,48
18774,34
18775,34
18776,217
18777,48
18778,48
18779,76
18780,34
18781,173
18782,34
18783,37
18784,82
18785,34
18786,87
18787,34
18788,48
18789,87
18790,48
18791,34
18792,170
18793,217
18794,71
18795,48
18796,81
18797,170
18798,34
18799,48
18800,165
18801,34
18802,34
18803,48
18804,204
18805,34
18806,48
18807,48
18808,71
18809,34
18810,34
18811,71
18812,48
18813,34
18814,48
18815,34
18816,34
18817,42
18818,34
18819,34
18820,81
18821,34
18822,48
18823,34
18824,34
18825,34
18826,71
18827,48
18828,81
18829,212
18830,34
18831,34
18832,48
18833,71
18834,75
18835,34
18836,82
18837,4
18838,173
18839,34
18840,89
18841,34
18842,34
18843,34
18844,37
18845,34
18846,48
18847,37
18848,11
18849,71
18850,34
18851,75
18852,48
18853,167
18854,42
18855,34
18856,34
18857,34
18858,34
18859,81
18860,173
18861,44
18862,48
18863,42
18864,48
18865,48
18866,34
18867,44
18868,75
18869,42
18870,37
18871,48
18872,34
18873,48
18874,42
18875,34
18876,72
18877,34
18878,34
18879,34
18880,37
18881,4
18882,48
18883,87
18884,34
18885,48
18886,48
18887,34
18888,106
18889,48
18890,42
18891,48
18892,152
18893,42
18894,82
18895,173
18896,72
18897,42
18898,167
18899,72
18900,221
18901,42
18902,173
18903,48
18904,48
18905,89
18906,221
18907,173
18908,37
18909,71
18910,42
18911,34
18912,173
18913,221
18914,42
18915,37
18916,44
18917,37
18918,48
18919,34
18920,42
18921,29
18922,48
18923,34
18924,34
18925,34
18926,48
18927,75
18928,89
18929,48
18930,75
18931,48
18932,34
18933,34
18934,34
18935,34
18936,155
18937,89
18938,34
18939,82
18940,48
18941,72
18942,39
18943,34
18944,34
18945,28
18946,217
18947,167
18948,44
18949,167
18950,72
18951,48
18952,42
18953,167
18954,27
18955,48
18956,44
18957,48
18958,48
18959,48
18960,34
18961,57
18962,42
18963,173
18964,167
18965,221
18966,34
18967,34
18968,71
18969,37
18970,214
18971,48
18972,34
18973,151
18974,42
18975,81
18976,48
18977,34
18978,48
18979,71
18980,48
18981,48
18982,34
18983,48
18984,34
18985,48
18986,34
18987,11
18988,48
18989,48
18990,48
18991,28
18992,81
18993,34
18994,48
18995,44
18996,42
18997,37
18998,48
18999,44
19000,165
19001,48
19002,42
19003,221
19004,173
19005,42
19006,42
19007,37
19008,48
19009,34
19010,34
19011,34
19012,34
19013,48
19014,173
19015,71
19016,48
19017,81
19018,34
19019,48
19020,71
19021,22
19022,82
19023,214
19024,48
19025,221
19026,48
19027,48
19028,42
19029,34
19030,29
19031,153
19032,34
19033,171
19034,34
19035,34
19036,81
19037,44
19038,103
19039,71
19040,34
19041,42
19042,170
19043,215
19044,89
19045,34
19046,34
19047,87
19048,34
19049,34
19050,173
19051,54
19052,44
19053,221
19054,171
19055,37
19056,48
19057,167
19058,48
19059,34
19060,34
19061,34
19062,34
19063,170
19064,82
19065,38
19066,48
19067,167
19068,42
19069,76
19070,155
19071,34
19072,34
19073,48
19074,48
19075,75
19076,48
19077,29
19078,48
19079,103
19080,76
19081,34
19082,208
19083,42
19084,48
19085,34
19086,34
19087,133
19088,48
19089,44
19090,34
19091,42
19092,48
19093,48
19094,34
19095,34
19096,37
19097,71
19098,75
19099,82
19100,34
19101,207
19102,42
19103,48
19104,34
19105,48
19106,48
19107,221
19108,71
19109,4
19110,22
19111,48
19112,34
19113,34
19114,48
19115,34
19116,34
19117,170
19118,48
19119,75
19120,34
19121,48
19122,44
19123,42
19124,48
19125,37
19126,34
19127,48
19128,71
19129,82
19130,48
19131,34
19132,183
19133,34
19134,170
19135,71
19136,34
19137,34
19138,48
19139,34
19140,72
19141,37
19142,34
19143,48
19144,48
19145,37
19146,26
19147,37
19148,221
19149,34
19150,34
19151,34
19152,48
19153,48
19154,48
19155,48
19156,48
19157,34
19158,170
19159,26
19160,48
19161,171
19162,48
19163,13
19164,34
19165,37
19166,48
19167,34
19168,34
19169,72
19170,100
19171,48
19172,89
19173,34
19174,81
19175,42
19176,48
19177,34
19178,37
19179,42
19180,44
19181,120
19182,34
19183,173
19184,34
19185,34
19186,34
19187,37
19188,29
19189,204
19190,71
19191,48
19192,37
19193,34
19194,42
19195,183
19196,48
19197,34
19198,34
19199,34
19200,34
19201,42
19202,44
19203,212
19204,72
19205,48
19206,75
19207,81
19208,48
19209,89
19210,7
19211,34
19212,48
19213,4
19214,34
19215,81
19216,42
19217,48
19218,34
19219,34
19220,48
19221,154
19222,34
19223,89
19224,44
19225,34
19226,48
19227,34
19228,71
19229,34
19230,34
19231,71
19232,48
19233,34
19234,48
19235,34
19236,34
19237,48
19238,34
19239,48
19240,153
19241,48
19242,34
19243,48
19244,34
19245,67
19246,72
19247,34
19248,76
19249,48
19250,42
19251,57
19252,44
19253,71
19254,48
19255,34
19256,34
19257,48
19258,76
19259,42
19260,4
19261,71
19262,48
19263,42
19264,173
19265,34
19266,155
19267,82
19268,5
19269,34
19270,34
19271,34
19272,34
19273,34
19274,43
19275,13
19276,34
19277,42
19278,75
19279,34
19280,73
19281,34
19282,42
19283,170
19284,173
19285,44
19286,34
19287,48
19288,34
19289,170
19290,48
19291,71
19292,34
19293,221
19294,34
19295,206
19296,168
19297,48
19298,89
19299,48
19300,173
19301,81
19302,34
19303,34
19304,48
19305,75
19306,34
19307,34
19308,42
19309,34
19310,44
19311,72
19312,57
19313,71
19314,42
19315,34
19316,48
19317,81
19318,13
19319,48
19320,34
19321,71
19322,34
19323,155
19324,34
19325,34
19326,42
19327,34
19328,57
19329,71
19330,42
19331,170
19332,42
19333,48
19334,72
19335,71
19336,81
19337,71
19338,170
19339,34
19340,48
19341,34
19342,34
19343,34
19344,34
19345,207
19346,44
19347,48
19348,29
19349,48
19350,48
19351,34
19352,76
19353,72
19354,34
19355,48
19356,4
19357,71
19358,48
19359,42
19360,171
19361,76
19362,44
19363,44
19364,34
19365,42
19366,34
19367,34
19368,29
19369,34
19370,29
19371,159
19372,34
19373,34
19374,44
19375,34
19376,54
19377,42
19378,37
19379,34
19380,48
19381,48
19382,44
19383,11
19384,71
19385,48
19386,167
19387,34
19388,34
19389,34
19390,170
19391,34
19392,71
19393,42
19394,48
19395,34
19396,42
19397,173
19398,34
19399,34
19400,42
19401,4
19402,48
19403,48
19404,48
19405,34
19406,44
19407,48
19408,173
19409,34
19410,48
19411,42
19412,188
19413,48
19414,34
19415,42
19416,34
19417,75
19418,42
19419,48
19420,42
19421,13
19422,173
19423,81
19424,48
19425,173
19426,82
19427,37
19428,34
19429,4
19430,173
19431,34
19432,48
19433,37
19434,44
19435,82
19436,42
19437,34
19438,42
19439,34
19440,34
19441,34
19442,34
19443,34
19444,42
19445,2
19446,120
19447,37
19448,48
19449,48
19450,48
19451,48
19452,26
19453,34
19454,48
19455,34
19456,34
19457,96
19458,81
19459,48
19460,72
19461,42
19462,37
19463,48
19464,34
19465,71
19466,37
19467,34
19468,57
19469,171
19470,34
19471,42
19472,34
19473,34
19474,42
19475,72
19476,34
19477,16
19478,152
19479,4
19480,42
19481,42
19482,109
19483,48
19484,131
19485,173
19486,48
19487,34
19488,34
19489,34
19490,37
19491,34
19492,34
19493,221
19494,34
19495,37
19496,34
19497,42
19498,75
19499,13
19500,48
19501,103
19502,155
19503,72
19504,34
19505,34
19506,170
19507,34
19508,48
19509,42
19510,34
19511,81
19512,14
19513,48
19514,3
19515,204
19516,72
19517,42
19518,87
19519,81
19520,170
19521,164
19522,48
19523,48
19524,37
19525,48
19526,82
19527,48
19528,48
19529,48
19530,48
19531,48
19532,44
19533,42
19534,72
19535,48
19536,221
19537,48
19538,105
19539,34
19540,34
19541,34
19542,57
19543,170
19544,34
19545,48
19546,71
19547,34
19548,81
19549,141
19550,71
19551,76
19552,82
19553,42
19554,37
19555,217
19556,81
19557,42
19558,34
19559,34
19560,173
19561,76
19562,165
19563,34
19564,75
19565,173
19566,34
19567,48
19568,57
19569,72
19570,171
19571,48
19572,37
19573,42
19574,173
19575,48
19576,48
19577,48
19578,34
19579,7
19580,34
19581,48
19582,82
19583,48
19584,7
19585,34
19586,34
19587,34
19588,205
19589,42
19590,48
19591,34
19592,37
19593,72
19594,89
19595,34
19596,48
19597,72
19598,81
19599,48
19600,170
19601,34
19602,34
19603,72
19604,44
19605,37
19606,29
19607,48
19608,82
19609,48
19610,34
19611,167
19612,71
19613,82
19614,34
19615,171
19616,34
19617,42
19618,71
19619,34
19620,72
19621,48
19622,34
19623,37
19624,34
19625,34
19626,34
19627,34
19628,76
19629,34
19630,34
19631,48
19632,207
19633,173
19634,42
19635,34
19636,34
19637,173
19638,34
19639,42
19640,37
19641,81
19642,48
19643,34
19644,42
19645,48
19646,34
19647,42
19648,34
19649,48
19650,42
19651,27
19652,72
19653,34
19654,42
19655,34
19656,171
19657,34
19658,171
19659,48
19660,34
19661,106
19662,34
19663,75
19664,34
19665,167
19666,37
19667,34
19668,42
19669,34
19670,75
19671,13
19672,34
19673,201
19674,34
19675,106
19676,48
19677,34
19678,48
19679,42
19680,42
19681,204
19682,221
19683,173
19684,155
19685,167
19686,34
19687,44
19688,167
19689,48
19690,71
19691,34
19692,71
19693,71
19694,72
19695,48
19696,42
19697,34
19698,48
19699,48
19700,34
19701,71
19702,173
19703,81
19704,34
19705,71
19706,170
19707,42
19708,34
19709,48
19710,72
19711,34
19712,22
19713,34
19714,34
19715,56
19716,75
19717,34
19718,34
19719,48
19720,42
19721,34
19722,34
19723,48
19724,37
19725,200
19726,48
19727,44
19728,34
19729,34
19730,173
19731,48
19732,42
19733,48
19734,27
19735,42
19736,34
19737,27
19738,48
19739,34
19740,44
19741,81
19742,167
19743,48
19744,34
19745,44
19746,37
19747,56
19748,44
19749,4
19750,34
19751,34
19752,81
19753,48
19754,42
19755,34
19756,42
19757,174
19758,44
19759,48
19760,34
19761,34
19762,37
19763,22
19764,221
19765,81
19766,34
19767,75
19768,48
19769,34
19770,48
19771,42
19772,48
19773,34
19774,173
19775,42
19776,72
19777,42
19778,217
19779,42
19780,48
19781,34
19782,48
19783,48
19784,44
19785,34
19786,89
19787,34
19788,221
19789,183
19790,34
19791,34
19792,34
19793,34
19794,48
19795,155
19796,48
19797,34
19798,48
19799,34
19800,217
19801,198
19802,34
19803,42
19804,34
19805,34
19806,170
19807,34
19808,34
19809,221
19810,48
19811,207
19812,173
19813,34
19814,48
19815,30
19816,48
19817,48
19818,34
19819,103
19820,34
19821,44
19822,81
19823,131
19824,71
19825,34
19826,42
19827,71
19828,27
19829,34
19830,37
19831,37
19832,34
19833,42
19834,37
19835,221
19836,34
19837,89
19838,171
19839,44
19840,9
19841,81
19842,34
19843,48
19844,13
19845,87
19846,4
19847,217
19848,34
19849,48
19850,48
19851,34
19852,34
19853,34
19854,34
19855,48
19856,44
19857,72
19858,37
19859,34
19860,48
19861,34
19862,34
19863,48
19864,48
19865,22
19866,34
19867,34
19868,71
19869,48
19870,221
19871,48
19872,48
19873,34
19874,48
19875,75
19876,82
19877,173
19878,127
19879,34
19880,207
19881,171
19882,171
19883,71
19884,44
19885,34
19886,72
19887,48
19888,34
19889,170
19890,75
19891,34
19892,221
19893,13
19894,34
19895,48
19896,42
19897,34
19898,48
19899,48
19900,34
19901,42
19902,48
19903,170
19904,221
19905,173
19906,34
19907,37
19908,34
19909,27
19910,159
19911,48
19912,48
19913,173
19914,48
19915,34
19916,42
19917,48
19918,42
19919,82
19920,48
19921,13
19922,36
19923,48
19924,34
19925,34
19926,37
19927,56
19928,42
19929,42
19930,109
19931,27
19932,34
19933,54
19934,48
19935,34
19936,71
19937,37
19938,34
19939,71
19940,42
19941,117
19942,100
19943,44
19944,44
19945,34
19946,167
19947,82
19948,42
19949,34
19950,34
19951,106
19952,34
19953,34
19954,167
19955,48
19956,48
19957,221
19958,207
19959,13
19960,37
19961,72
19962,71
19963,34
19964,221
19965,221
19966,34
19967,72
19968,4
19969,48
19970,208
19971,48
19972,72
19973,152
19974,48
19975,75
19976,48
19977,71
19978,34
19979,48
19980,71
19981,167
19982,48
19983,34
19984,81
19985,34
19986,48
19987,34
19988,48
19989,221
19990,167
19991,44
19992,34
19993,34
19994,34
19995,34
19996,81
19997,75
19998,34
19999,170
20000,72
20001,42
20002,173
20003,37
20004,221
20005,131
20006,170
20007,71
20008,34
20009,89
20010,48
20011,71
20012,82
20013,211
20014,48
20015,48
20016,81
20017,173
20018,34
20019,13
20020,37
20021,48
20022,81
20023,48
20024,34
20025,34
20026,42
20027,48
20028,13
20029,34
20030,48
20031,71
20032,34
20033,48
20034,34
20035,42
20036,48
20037,34
20038,48
20039,34
20040,221
20041,44
20042,37
20043,76
20044,167
20045,81
20046,76
20047,48
20048,34
20049,34
20050,72
20051,37
20052,48
20053,48
20054,34
20055,34
20056,170
20057,34
20058,34
20059,34
20060,34
20061,42
20062,48
20063,34
20064,72
20065,48
20066,48
20067,72
20068,48
20069,42
20070,170
20071,71
20072,48
20073,34
20074,34
20075,34
20076,37
20077,34
20078,76
20079,210
20080,71
20081,34
20082,221
20083,208
20084,34
20085,34
20086,48
20087,9
20088,34
20089,219
20090,217
20091,76
20092,48
20093,89
20094,34
20095,173
20096,34
20097,42
20098,173
20099,34
20100,42
20101,221
20102,48
20103,34
20104,34
20105,42
20106,72
20107,20
20108,48
20109,34
20110,182
20111,71
20112,48
20113,29
20114,34
20115,29
20116,75
20117,81
20118,34
20119,48
20120,48
20121,217
20122,167
20123,48
20124,72
20125,173
20126,34
20127,81
20128,34
20129,48
20130,34
20131,57
20132,48
20133,42
20134,48
20135,34
20136,127
20137,34
20138,48
20139,44
20140,173
20141,48
20142,72
20143,34
20144,71
20145,42
20146,34
20147,4
20148,57
20149,221
20150,71
20151,4
20152,34
20153,34
20154,42
20155,173
20156,48
20157,207
20158,13
20159,44
20160,34
20161,34
20162,48
20163,144
20164,48
20165,48
20166,34
20167,34
20168,34
20169,71
20170,221
20171,34
20172,34
20173,34
20174,156
20175,71
20176,173
20177,34
20178,48
20179,48
20180,34
20181,48
20182,42
20183,87
20184,37
20185,34
20186,48
20187,48
20188,71
20189,173
20190,48
20191,82
20192,42
20193,28
20194,42
20195,42
20196,34
20197,48
20198,71
20199,48
20200,48
20201,34
20202,34
20203,34
20204,48
20205,48
20206,34
20207,34
20208,48
20209,34
20210,159
20211,75
20212,42
20213,173
20214,34
20215,127
20216,34
20217,34
20218,44
20219,34
20220,34
20221,34
20222,72
20223,48
20224,34
20225,131
20226,44
20227,34
20228,87
20229,42
20230,37
20231,221
20232,72
20233,34
20234,44
20235,42
20236,71
20237,81
20238,34
20239,72
20240,44
20241,34
20242,27
20243,35
20244,71
20245,207
20246,42
20247,34
20248,42
20249,34
20250,167
20251,42
20252,48
20253,167
20254,48
20255,42
20256,170
20257,42
20258,34
20259,48
20260,22
20261,57
20262,44
20263,221
20264,42
20265,48
20266,72
20267,71
20268,42
20269,48
20270,48
20271,48
20272,221
20273,18
20274,42
20275,48
20276,103
20277,26
20278,170
20279,34
20280,42
20281,127
20282,75
20283,173
20284,81
20285,75
20286,42
20287,48
20288,44
20289,44
20290,44
20291,48
20292,221
20293,71
20294,34
20295,26
20296,34
20297,34
20298,34
20299,173
20300,48
20301,34
20302,75
20303,37
20304,81
20305,82
20306,171
20307,52
20308,37
20309,48
20310,34
20311,42
20312,34
20313,48
20314,48
20315,173
20316,72
20317,48
20318,81
20319,72
20320,89
20321,75
20322,48
20323,72
20324,72
20325,180
20326,34
20327,89
20328,34
20329,42
20330,173
20331,34
20332,72
20333,34
20334,48
20335,48
20336,76
20337,72
20338,34
20339,44
20340,34
20341,48
20342,57
20343,48
20344,48
20345,34
20346,72
20347,109
20348,34
20349,34
20350,71
20351,34
20352,71
20353,171
20354,37
20355,217
20356,48
20357,27
20358,221
20359,34
20360,42
20361,42
20362,72
20363,81
20364,37
20365,167
20366,34
20367,37
20368,34
20369,82
20370,206
20371,48
20372,167
20373,48
20374,72
20375,170
20376,34
20377,34
20378,42
20379,27
20380,48
20381,48
20382,71
20383,81
20384,217
20385,44
20386,37
20387,34
20388,48
20389,87
20390,44
20391,48
20392,34
20393,34
20394,48
20395,48
20396,48
20397,34
20398,42
20399,34
20400,48
20401,34
20402,34
20403,177
20404,76
20405,34
20406,221
20407,44
20408,48
20409,75
20410,71
20411,48
20412,48
20413,76
20414,214
20415,48
20416,34
20417,34
20418,120
20419,34
20420,82
20421,75
20422,34
20423,42
20424,34
20425,89
20426,34
20427,48
20428,221
20429,34
20430,42
20431,170
20432,221
20433,48
20434,34
20435,48
20436,81
20437,220
20438,48
20439,71
20440,34
20441,48
20442,207
20443,48
20444,57
20445,34
20446,34
20447,42
20448,37
20449,48
20450,34
20451,42
20452,34
20453,48
20454,27
20455,34
20456,34
20457,48
20458,48
20459,34
20460,22
20461,34
20462,44
20463,82
20464,81
20465,81
20466,221
20467,114
20468,34
20469,48
20470,34
20471,76
20472,34
20473,48
20474,54
20475,48
20476,48
20477,34
20478,48
20479,34
20480,22
20481,81
20482,81
20483,42
20484,207
20485,44
20486,48
20487,171
20488,42
20489,54
20490,34
20491,34
20492,72
20493,48
20494,221
20495,34
20496,34
20497,42
20498,48
20499,20
20500,81
20501,37
20502,221
20503,71
20504,221
20505,76
20506,81
20507,57
20508,34
20509,34
20510,34
20511,44
20512,48
20513,42
20514,221
20515,34
20516,34
20517,34
20518,34
20519,221
20520,34
20521,72
20522,34
20523,34
20524,171
20525,34
20526,75
20527,75
20528,217
20529,34
20530,72
20531,81
20532,34
20533,44
20534,48
20535,170
20536,34
20537,42
20538,48
20539,26
20540,42
20541,34
20542,48
20543,221
20544,71
20545,34
20546,34
20547,221
20548,34
20549,44
20550,71
20551,48
20552,37
20553,48
20554,42
20555,42
20556,37
20557,34
20558,37
20559,34
20560,34
20561,71
20562,42
20563,171
20564,34
20565,42
20566,72
20567,48
20568,48
20569,42
20570,221
20571,34
20572,167
20573,34
20574,34
20575,34
20576,222
20577,48
20578,48
20579,34
20580,76
20581,173
20582,221
20583,221
20584,71
20585,37
20586,48
20587,127
20588,34
20589,42
20590,34
20591,34
20592,75
20593,48
20594,48
20595,48
20596,76
20597,44
20598,153
20599,71
20600,44
20601,167
20602,34
20603,42
20604,57
20605,173
20606,170
20607,48
20608,48
20609,34
20610,4
20611,48
20612,71
20613,87
20614,213
20615,48
20616,48
20617,72
20618,37
20619,42
20620,204
20621,34
20622,159
20623,34
20624,42
20625,48
20626,106
20627,48
20628,217
20629,81
20630,57
20631,34
20632,34
20633,34
20634,34
20635,42
20636,171
20637,159
20638,34
20639,71
20640,75
20641,44
20642,156
20643,34
20644,217
20645,34
20646,42
20647,34
20648,72
20649,34
20650,103
20651,221
20652,42
20653,34
20654,75
20655,48
20656,34
20657,48
20658,34
20659,34
20660,34
20661,34
20662,34
20663,34
20664,34
20665,37
20666,89
20667,89
20668,48
20669,207
20670,221
20671,34
20672,72
20673,48
20674,19
20675,34
20676,34
20677,42
20678,37
20679,87
20680,48
20681,34
20682,37
20683,34
20684,34
20685,48
20686,71
20687,54
20688,34
20689,48
20690,48
20691,162
20692,34
20693,34
20694,56
20695,71
20696,202
20697,48
20698,173
20699,48
20700,34
20701,37
20702,44
20703,48
20704,34
20705,48
20706,67
20707,207
20708,72
20709,54
20710,34
20711,71
20712,34
20713,42
20714,71
20715,48
20716,171
20717,34
20718,71
20719,44
20720,34
20721,48
20722,34
20723,71
20724,217
20725,71
20726,42
20727,34
20728,71
20729,72
20730,42
20731,42
20732,13
20733,34
20734,82
20735,48
20736,34
20737,127
20738,44
20739,41
20740,48
20741,34
20742,34
20743,34
20744,42
20745,76
20746,48
20747,131
20748,34
20749,34
20750,42
20751,48
20752,48
20753,210
20754,34
20755,173
20756,171
20757,34
20758,34
20759,34
20760,164
20761,173
20762,72
20763,71
20764,57
20765,34
20766,34
20767,42
20768,71
20769,48
20770,167
20771,44
20772,72
20773,72
20774,48
20775,72
20776,34
20777,42
20778,42
20779,34
20780,48
20781,159
20782,48
20783,42
20784,34
20785,34
20786,48
20787,81
20788,48
20789,48
20790,34
20791,34
20792,34
20793,34
20794,48
20795,7
20796,34
20797,173
20798,34
20799,48
20800,48
20801,48
20802,7
20803,217
20804,109
20805,72
20806,57
20807,81
20808,26
20809,34
20810,167
20811,72
20812,34
20813,173
20814,48
20815,76
20816,71
20817,48
20818,48
20819,34
20820,34
20821,173
20822,48
20823,48
20824,127
20825,48
20826,34
20827,44
20828,42
20829,34
20830,37
20831,76
20832,34
20833,127
20834,48
20835,34
20836,42
20837,34
20838,34
20839,34
20840,34
20841,18
20842,34
20843,81
20844,48
20845,82
20846,76
20847,34
20848,48
20849,34
20850,34
20851,173
20852,71
20853,34
20854,34
20855,81
20856,48
20857,48
20858,48
20859,4
20860,34
20861,42
20862,34
20863,71
20864,48
20865,171
20866,37
20867,48
20868,44
20869,71
20870,148
20871,171
20872,48
20873,13
20874,34
20875,71
20876,48
20877,54
20878,81
20879,89
20880,37
20881,34
20882,37
20883,34
20884,34
20885,75
20886,37
20887,34
20888,34
20889,42
20890,173
20891,34
20892,48
20893,170
20894,34
20895,42
20896,34
20897,34
20898,71
20899,48
20900,48
20901,34
20902,219
20903,48
20904,82
20905,34
20906,42
20907,34
20908,34
20909,34
20910,37
20911,48
20912,48
20913,27
20914,48
20915,171
20916,48
20917,34
20918,171
20919,34
20920,28
20921,173
20922,48
20923,48
20924,44
20925,42
20926,24
20927,173
20928,34
20929,34
20930,34
20931,72
20932,173
20933,44
20934,48
20935,48
20936,48
20937,4
20938,48
20939,34
20940,48
20941,48
20942,13
20943,48
20944,42
20945,71
20946,48
20947,48
20948,173
20949,48
20950,48
20951,75
20952,34
20953,57
20954,34
20955,81
20956,42
20957,34
20958,34
20959,48
20960,34
20961,42
20962,170
20963,34
20964,42
20965,71
20966,217
20967,42
20968,48
20969,81
20970,34
20971,44
20972,34
20973,48
20974,81
20975,48
20976,34
20977,170
20978,44
20979,42
20980,34
20981,34
20982,71
20983,34
20984,11
20985,34
20986,217
20987,48
20988,81
20989,34
20990,34
20991,75
20992,48
20993,48
20994,42
20995,167
20996,109
20997,42
20998,106
20999,34
21000,34
21001,34
21002,48
21003,42
21004,75
21005,34
21006,48
21007,71
21008,48
21009,173
21010,42
21011,48
21012,34
21013,34
21014,34
21015,44
21016,48
21017,44
21018,170
21019,34
21020,34
21021,34
21022,34
21023,48
21024,48
21025,34
21026,75
21027,72
21028,44
21029,71
21030,34
21031,34
21032,48
21033,48
21034,170
21035,42
21036,4
21037,71
21038,34
21039,214
21040,37
21041,72
21042,71
21043,42
21044,42
21045,34
21046,34
21047,34
21048,34
21049,34
21050,34
21051,34
21052,42
21053,34
21054,48
21055,71
21056,42
21057,42
21058,37
21059,34
21060,48
21061,76
21062,34
21063,75
21064,87
21065,48
21066,26
21067,207
21068,106
21069,44
21070,42
21071,170
21072,34
21073,207
21074,217
21075,13
21076,170
21077,75
21078,109
21079,42
21080,170
21081,72
21082,48
21083,217
21084,34
21085,167
21086,34
21087,48
21088,81
21089,75
21090,87
21091,34
21092,48
21093,42
21094,44
21095,71
21096,109
21097,167
21098,27
21099,48
21100,34
21101,13
21102,44
21103,48
21104,18
21105,42
21106,34
21107,167
21108,48
21109,34
21110,42
21111,171
21112,173
21113,48
21114,34
21115,34
21116,42
21117,173
21118,44
21119,106
21120,48
21121,72
21122,42
21123,144
21124,48
21125,81
21126,34
21127,34
21128,48
21129,29
21130,34
21131,37
21132,81
21133,34
21134,48
21135,173
21136,42
21137,34
21138,76
21139,167
21140,18
21141,34
21142,34
21143,34
21144,42
21145,81
21146,44
21147,48
21148,48
21149,170
21150,48
21151,221
21152,34
21153,221
21154,48
21155,34
21156,34
21157,71
21158,48
21159,48
21160,173
21161,34
21162,48
21163,34
21164,34
21165,211
21166,170
21167,34
21168,42
21169,42
21170,34
21171,34
21172,42
21173,34
21174,167
21175,34
21176,81
21177,44
21178,42
21179,34
21180,48
21181,170
21182,71
21183,34
21184,72
21185,34
21186,34
21187,155
21188,54
21189,34
21190,71
21191,34
21192,71
21193,34
21194,71
21195,48
21196,27
21197,75
21198,42
21199,13
21200,1
21201,48
21202,34
21203,72
21204,13
21205,37
21206,48
21207,171
21208,34
21209,72
21210,34
21211,34
21212,87
21213,173
21214,57
21215,44
21216,48
21217,170
21218,34
21219,173
21220,37
21221,44
21222,173
21223,34
21224,34
21225,34
21226,37
21227,48
21228,167
21229,171
21230,71
21231,48
21232,217
21233,48
21234,48
21235,48
21236,34
21237,120
21238,71
21239,48
21240,42
21241,34
21242,37
21243,34
21244,82
21245,42
21246,48
21247,48
21248,48
21249,48
21250,48
21251,173
21252,105
21253,76
21254,48
21255,34
21256,37
21257,48
21258,26
21259,42
21260,42
21261,44
21262,221
21263,42
21264,34
21265,34
21266,48
21267,48
21268,34
21269,82
21270,81
21271,36
21272,34
21273,34
21274,34
21275,48
21276,42
21277,48
21278,13
21279,34
21280,42
21281,44
21282,72
21283,42
21284,34
21285,34
21286,34
21287,76
21288,71
21289,73
21290,34
21291,34
21292,221
21293,34
21294,207
21295,48
21296,48
21297,34
21298,170
21299,34
21300,34
21301,42
21302,82
21303,7
21304,9
21305,72
21306,171
21307,34
21308,34
21309,48
21310,48
21311,170
21312,48
21313,67
21314,48
21315,71
21316,22
21317,34
21318,34
21319,171
21320,170
21321,71
21322,44
21323,71
21324,34
21325,34
21326,44
21327,75
21328,34
21329,34
21330,48
21331,34
21332,75
21333,48
21334,44
21335,44
21336,48
21337,48
21338,48
21339,48
21340,48
21341,42
21342,127
21343,34
21344,34
21345,170
21346,34
21347,44
21348,34
21349,170
21350,48
21351,42
21352,14
21353,34
21354,44
21355,89
21356,7
21357,42
21358,75
21359,34
21360,42
21361,71
21362,34
21363,75
21364,218
21365,159
21366,28
21367,72
21368,34
21369,211
21370,34
21371,82
21372,42
21373,34
21374,48
21375,34
21376,127
21377,72
21378,44
21379,48
21380,43
21381,42
21382,34
21383,173
21384,34
21385,71
21386,34
21387,42
21388,34
21389,48
21390,34
21391,89
21392,173
21393,42
21394,34
21395,48
21396,48
21397,72
21398,48
21399,42
21400,4
21401,26
21402,81
21403,42
21404,48
21405,28
21406,42
21407,48
21408,34
21409,173
21410,170
21411,37
21412,48
21413,170
21414,44
21415,48
21416,48
21417,48
21418,42
21419,48
21420,20
21421,48
21422,1
21423,34
21424,72
21425,171
21426,71
21427,34
21428,48
21429,211
21430,42
21431,167
21432,11
21433,34
21434,34
21435,34
21436,72
21437,42
21438,34
21439,34
21440,34
21441,7
21442,34
21443,34
21444,79
21445,71
21446,82
21447,34
21448,34
21449,48
21450,42
21451,29
21452,42
21453,34
21454,200
21455,131
21456,48
21457,34
21458,48
21459,34
21460,34
21461,44
21462,34
21463,42
21464,221
21465,106
21466,207
21467,48
21468,57
21469,48
21470,34
21471,120
21472,48
21473,44
21474,48
21475,34
21476,221
21477,31
21478,173
21479,37
21480,20
21481,81
21482,34
21483,71
21484,48
21485,173
21486,34
21487,48
21488,155
21489,48
21490,48
21491,171
21492,48
21493,34
21494,34
21495,173
21496,48
21497,37
21498,26
21499,159
21500,34
21501,34
21502,34
21503,34
21504,34
21505,4
21506,34
21507,167
21508,218
21509,75
21510,34
21511,171
21512,34
21513,82
21514,18
21515,173
21516,34
21517,34
21518,42
21519,34
21520,34
21521,48
21522,173
21523,48
21524,82
21525,42
21526,48
21527,48
21528,48
21529,48
21530,42
21531,48
21532,34
21533,71
21534,42
21535,34
21536,48
21537,87
21538,34
21539,173
21540,48
21541,81
21542,48
21543,34
21544,34
21545,13
21546,48
21547,48
21548,48
21549,177
21550,82
21551,173
21552,48
21553,207
21554,48
21555,48
21556,48
21557,48
21558,37
21559,42
21560,34
21561,34
21562,37
21563,72
21564,34
21565,48
21566,48
21567,44
21568,75
21569,48
21570,82
21571,34
21572,34
21573,42
21574,72
21575,48
21576,34
21577,81
21578,48
21579,34
21580,27
21581,42
21582,34
21583,34
21584,72
21585,42
21586,48
21587,34
21588,72
21589,48
21590,42
21591,30
21592,44
21593,221
21594,175
21595,42
21596,34
21597,34
21598,81
21599,26
21600,34
21601,42
21602,29
21603,167
21604,173
21605,48
21606,72
21607,22
21608,44
21609,215
21610,167
21611,34
21612,34
21613,42
21614,71
21615,48
21616,34
21617,34
21618,34
21619,207
21620,34
21621,48
21622,42
21623,34
21624,34
21625,167
21626,42
21627,48
21628,34
21629,34
21630,35
21631,34
21632,34
21633,34
21634,169
21635,34
21636,48
21637,34
21638,173
21639,34
21640,48
21641,48
21642,173
21643,44
21644,37
21645,48
21646,34
21647,29
21648,34
21649,173
21650,44
21651,159
21652,34
21653,42
21654,42
21655,34
21656,34
21657,34
21658,48
21659,42
21660,217
21661,34
21662,48
21663,75
21664,76
21665,34
21666,48
21667,48
21668,48
21669,42
21670,167
21671,170
21672,82
21673,34
21674,42
21675,48
21676,37
21677,221
21678,34
21679,221
21680,48
21681,48
21682,81
21683,167
21684,34
21685,20
21686,37
21687,170
21688,37
21689,27
21690,48
21691,34
21692,34
21693,48
21694,208
21695,173
21696,37
21697,34
21698,34
21699,34
21700,48
21701,48
21702,48
21703,221
21704,72
21705,42
21706,48
21707,34
21708,34
21709,35
21710,103
21711,48
21712,44
21713,34
21714,34
21715,42
21716,103
21717,34
21718,170
21719,34
21720,44
21721,173
21722,34
21723,42
21724,34
21725,173
21726,48
21727,34
21728,42
21729,13
21730,34
21731,34
21732,75
21733,34
21734,48
21735,106
21736,221
21737,87
21738,34
21739,34
21740,71
21741,72
21742,168
21743,48
21744,48
21745,42
21746,76
21747,173
21748,48
21749,89
21750,37
21751,37
21752,34
21753,48
21754,75
21755,48
21756,44
21757,34
21758,34
21759,44
21760,29
21761,152
21762,34
21763,34
21764,37
21765,48
21766,173
21767,34
21768,42
21769,44
21770,159
21771,48
21772,48
21773,48
21774,48
21775,48
21776,27
21777,48
21778,81
21779,42
21780,170
21781,48
21782,48
21783,48
21784,37
21785,48
21786,34
21787,221
21788,44
21789,119
21790,34
21791,34
21792,214
21793,159
21794,48
21795,34
21796,167
21797,34
21798,44
21799,48
21800,34
21801,48
21802,81
21803,34
21804,71
21805,48
21806,34
21807,34
21808,48
21809,42
21810,72
21811,42
21812,34
21813,81
21814,34
21815,34
21816,48
21817,34
21818,48
21819,34
21820,44
21821,75
21822,71
21823,34
21824,34
21825,71
21826,37
21827,42
21828,34
21829,173
21830,173
21831,34
21832,170
21833,34
21834,67
21835,42
21836,44
21837,173
21838,34
21839,48
21840,75
21841,34
21842,34
21843,34
21844,37
21845,48
21846,22
21847,173
21848,34
21849,71
21850,4
21851,48
21852,48
21853,170
21854,76
21855,34
21856,34
21857,48
21858,34
21859,81
21860,167
21861,48
21862,34
21863,75
21864,34
21865,48
21866,221
21867,71
21868,173
21869,48
21870,167
21871,44
21872,48
21873,71
21874,48
21875,34
21876,34
21877,48
21878,42
21879,34
21880,48
21881,71
21882,48
21883,48
21884,29
21885,37
21886,42
21887,34
21888,48
21889,34
21890,34
21891,34
21892,34
21893,48
21894,44
21895,34
21896,48
21897,48
21898,221
21899,81
21900,103
21901,127
21902,48
21903,48
21904,34
21905,48
21906,75
21907,48
21908,48
21909,4
21910,34
21911,34
21912,48
21913,34
21914,42
21915,48
21916,48
21917,42
21918,173
21919,34
21920,34
21921,44
21922,48
21923,34
21924,34
21925,48
21926,34
21927,173
21928,34
21929,48
21930,42
21931,42
21932,173
21933,42
21934,34
21935,173
21936,48
21937,221
21938,34
21939,42
21940,42
21941,42
21942,48
21943,34
21944,44
21945,173
21946,81
21947,81
21948,48
21949,34
21950,48
21951,48
21952,171
21953,42
21954,48
21955,81
21956,75
21957,48
21958,48
21959,109
21960,182
21961,71
21962,34
21963,72
21964,71
21965,34
21966,212
21967,221
21968,34
21969,34
21970,71
21971,42
21972,170
21973,34
21974,37
21975,42
21976,34
21977,89
21978,37
21979,42
21980,57
21981,34
21982,37
21983,37
21984,34
21985,81
21986,87
21987,42
21988,34
21989,34
21990,22
21991,44
21992,221
21993,44
21994,34
21995,34
21996,170
21997,34
21998,42
21999,72
22000,34
22001,161
22002,34
22003,48
22004,173
22005,221
22006,26
22007,217
22008,221
22009,34
22010,109
22011,42
22012,42
22013,34
22014,34
22015,171
22016,56
22017,34
22018,48
22019,34
22020,81
22021,34
22022,170
22023,34
22024,34
22025,48
22026,34
22027,48
22028,37
22029,34
22030,34
22031,48
22032,48
22033,13
22034,48
22035,34
22036,173
22037,173
22038,34
22039,34
22040,34
22041,42
22042,81
22043,34
22044,170
22045,34
22046,34
22047,167
22048,173
22049,173
22050,48
22051,173
22052,34
22053,167
22054,71
22055,48
22056,37
22057,48
22058,42
22059,34
22060,34
22061,34
22062,48
22063,48
22064,42
22065,34
22066,34
22067,82
22068,48
22069,34
22070,105
22071,48
22072,158
22073,71
22074,57
22075,48
22076,89
22077,48
22078,34
22079,221
22080,34
22081,16
22082,48
22083,34
22084,42
22085,34
22086,34
22087,34
22088,44
22089,48
22090,42
22091,34
22092,76
22093,48
22094,48
22095,48
22096,34
22097,34
22098,167
22099,34
22100,48
22101,34
22102,48
22103,34
22104,44
22105,71
22106,48
22107,173
22108,34
22109,37
22110,26
22111,48
22112,48
22113,34
22114,72
22115,34
22116,42
22117,34
22118,48
22119,170
22120,42
22121,48
22122,100
22123,72
22124,26
22125,207
22126,34
22127,160
22128,75
22129,173
22130,44
22131,34
22132,34
22133,34
22134,44
22135,48
22136,42
22137,34
22138,29
22139,48
22140,173
22141,34
22142,48
22143,46
22144,34
22145,48
22146,71
22147,34
22148,48
22149,81
22150,34
22151,34
22152,42
22153,37
22154,81
22155,48
22156,81
22157,34
22158,167
22159,34
22160,37
22161,34
22162,26
22163,34
22164,13
22165,34
22166,48
22167,44
22168,37
22169,42
22170,48
22171,48
22172,167
22173,133
22174,34
22175,34
22176,48
22177,42
22178,34
22179,48
22180,34
22181,48
22182,34
22183,170
22184,34
22185,34
22186,34
22187,71
22188,34
22189,34
22190,34
22191,34
22192,221
22193,34
22194,18
22195,34
22196,48
22197,48
22198,34
22199,81
22200,37
22201,34
22202,171
22203,48
22204,71
22205,173
22206,34
22207,42
22208,48
22209,72
22210,48
22211,34
22212,170
22213,89
22214,44
22215,13
22216,48
22217,34
22218,54
22219,48
22220,9
22221,34
22222,37
22223,42
22224,48
22225,34
22226,34
22227,81
22228,26
22229,34
22230,207
22231,44
22232,170
22233,42
22234,34
22235,34
22236,34
22237,21
22238,34
22239,34
22240,34
22241,19
22242,71
22243,48
22244,168
22245,48
22246,207
22247,34
22248,42
22249,71
22250,42
22251,34
22252,168
22253,42
22254,72
22255,34
22256,72
22257,75
22258,48
22259,48
22260,34
22261,48
22262,48
22263,87
22264,22
22265,34
22266,26
22267,175
22268,34
22269,81
22270,41
22271,42
22272,217
22273,48
22274,48
22275,221
22276,37
22277,72
22278,48
22279,203
22280,34
22281,34
22282,34
22283,44
22284,29
22285,48
22286,167
22287,75
22288,42
22289,209
22290,48
22291,89
22292,37
22293,48
22294,71
22295,34
22296,71
22297,34
22298,48
22299,82
22300,38
22301,173
22302,44
22303,221
22304,34
22305,34
22306,48
22307,48
22308,156
22309,34
22310,34
22311,120
22312,26
22313,42
22314,173
22315,48
22316,71
22317,48
22318,72
22319,34
22320,42
22321,71
22322,34
22323,34
22324,34
22325,48
22326,173
22327,173
22328,221
22329,34
22330,13
22331,103
22332,34
22333,34
22334,34
22335,34
22336,37
22337,173
22338,75
22339,34
22340,26
22341,167
22342,34
22343,42
22344,34
22345,72
22346,220
22347,71
22348,44
22349,82
22350,48
22351,48
22352,37
22353,48
22354,34
22355,4
22356,81
22357,34
22358,48
22359,48
22360,48
22361,42
22362,71
22363,167
22364,34
22365,75
22366,34
22367,44
22368,48
22369,13
22370,167
22371,34
22372,4
22373,173
22374,48
22375,48
22376,34
22377,48
22378,28
22379,48
22380,170
22381,34
22382,44
22383,34
22384,48
22385,44
22386,34
22387,48
22388,34
22389,48
22390,34
22391,34
22392,34
22393,34
22394,71
22395,34
22396,34
22397,48
22398,48
22399,42
22400,34
22401,34
22402,48
22403,48
22404,158
22405,44
22406,48
22407,57
22408,71
22409,71
22410,48
22411,207
22412,44
22413,34
22414,34
22415,81
22416,171
22417,34
22418,48
22419,48
22420,37
22421,91
22422,34
22423,42
22424,167
22425,13
22426,44
22427,34
22428,34
22429,89
22430,26
22431,42
22432,34
22433,48
22434,82
22435,82
22436,71
22437,34
22438,22
22439,27
22440,81
22441,22
22442,173
22443,71
22444,71
22445,34
22446,221
22447,89
22448,42
22449,34
22450,34
22451,44
22452,48
22453,81
22454,34
22455,34
22456,48
22457,37
22458,71
22459,34
22460,48
22461,34
22462,42
22463,76
22464,42
22465,42
22466,81
22467,154
22468,44
22469,42
22470,34
22471,42
22472,34
22473,34
22474,34
22475,48
22476,34
22477,131
22478,34
22479,34
22480,48
22481,34
22482,34
22483,34
22484,48
22485,48
22486,221
22487,48
22488,4
22489,48
22490,34
22491,34
22492,71
22493,71
22494,48
22495,58
22496,48
22497,37
22498,71
22499,42
22500,34
22501,44
22502,34
22503,48
22504,72
22505,42
22506,205
22507,48
22508,71
22509,34
22510,34
22511,81
22512,34
22513,48
22514,34
22515,72
22516,42
22517,76
22518,170
22519,34
22520,48
22521,48
22522,82
22523,34
22524,48
22525,34
22526,42
22527,48
22528,207
22529,57
22530,82
22531,37
22532,13
22533,44
22534,34
22535,71
22536,48
22537,207
22538,27
22539,48
22540,173
22541,81
22542,44
22543,167
22544,221
22545,173
22546,34
22547,34
22548,75
22549,34
22550,37
22551,48
22552,42
22553,75
22554,72
22555,34
22556,81
22557,34
22558,182
22559,48
22560,48
22561,81
22562,34
22563,214
22564,48
22565,42
22566,42
22567,48
22568,34
22569,4
22570,34
22571,42
22572,173
22573,48
22574,48
22575,34
22576,48
22577,109
22578,34
22579,44
22580,34
22581,82
22582,72
22583,13
22584,48
22585,48
22586,71
22587,71
22588,42
22589,48
22590,34
22591,4
22592,81
22593,34
22594,82
22595,34
22596,34
22597,170
22598,71
22599,34
22600,34
22601,71
22602,28
22603,173
22604,221
22605,34
22606,48
22607,34
22608,221
22609,81
22610,42
22611,34
22612,173
22613,42
22614,44
22615,29
22616,34
22617,34
22618,48
22619,71
22620,48
22621,34
22622,48
22623,48
22624,42
22625,34
22626,48
22627,48
22628,34
22629,34
22630,44
22631,34
22632,34
22633,42
22634,34
22635,182
22636,217
22637,48
22638,71
22639,82
22640,109
22641,48
22642,34
22643,4
22644,48
22645,42
22646,48
22647,44
22648,71
22649,34
22650,89
22651,34
22652,37
22653,34
22654,42
22655,44
22656,207
22657,34
22658,13
22659,34
22660,170
22661,34
22662,34
22663,34
22664,48
22665,48
22666,44
22667,160
22668,48
22669,34
22670,34
22671,82
22672,34
22673,34
22674,34
22675,37
22676,48
22677,34
22678,171
22679,44
22680,131
22681,48
22682,48
22683,71
22684,42
22685,34
22686,48
22687,44
22688,34
22689,159
22690,48
22691,173
22692,173
22693,42
22694,44
22695,71
22696,170
22697,82
22698,37
22699,44
22700,34
22701,75
22702,80
22703,42
22704,72
22705,109
22706,37
22707,48
22708,221
22709,34
22710,34
22711,48
22712,42
22713,37
22714,207
22715,48
22716,34
22717,34
22718,171
22719,26
22720,44
22721,34
22722,82
22723,44
22724,34
22725,170
22726,153
22727,48
22728,146
22729,173
22730,1
22731,81
22732,71
22733,34
22734,34
22735,18
22736,82
22737,82
22738,34
22739,109
22740,34
22741,44
22742,207
22743,48
22744,173
22745,7
22746,34
22747,48
22748,34
22749,37
22750,34
22751,48
22752,34
22753,71
22754,214
22755,34
22756,34
22757,106
22758,48
22759,48
22760,48
22761,34
22762,171
22763,38
22764,48
22765,42
22766,42
22767,34
22768,173
22769,34
22770,108
22771,34
22772,48
22773,173
22774,71
22775,34
22776,48
22777,173
22778,48
22779,34
22780,34
22781,56
22782,75
22783,27
22784,34
22785,34
22786,34
22787,207
22788,71
22789,87
22790,173
22791,48
22792,34
22793,48
22794,57
22795,48
22796,48
22797,42
22798,37
22799,173
22800,4
22801,48
22802,34
22803,42
22804,37
22805,173
22806,4
22807,207
22808,75
22809,76
22810,42
22811,48
22812,48
22813,72
22814,48
22815,34
22816,22
22817,34
22818,44
22819,9
22820,109
22821,170
22822,48
22823,34
22824,34
22825,103
22826,48
22827,9
22828,72
22829,34
22830,34
22831,71
22832,42
22833,81
22834,48
22835,42
22836,48
22837,42
22838,34
22839,170
22840,48
22841,34
22842,34
22843,34
22844,34
22845,48
22846,103
22847,167
22848,48
22849,71
22850,42
22851,4
22852,48
22853,81
22854,173
22855,217
22856,75
22857,81
22858,34
22859,48
22860,219
22861,48
22862,159
22863,71
22864,221
22865,48
22866,34
22867,217
22868,48
22869,37
22870,34
22871,34
22872,37
22873,34
22874,48
22875,48
22876,34
22877,48
22878,48
22879,34
22880,152
22881,44
22882,67
22883,34
22884,48
22885,44
22886,109
22887,87
22888,42
22889,34
22890,48
22891,48
22892,34
22893,48
22894,34
22895,72
22896,71
22897,37
22898,173
22899,48
22900,34
22901,48
22902,34
22903,48
22904,34
22905,48
22906,27
22907,217
22908,71
22909,34
22910,34
22911,34
22912,221
22913,42
22914,34
22915,34
22916,171
22917,44
22918,34
22919,72
22920,109
22921,34
22922,48
22923,106
22924,109
22925,48
22926,71
22927,89
22928,37
22929,48
22930,34
22931,34
22932,34
22933,48
22934,76
22935,34
22936,173
22937,48
22938,81
22939,221
22940,167
22941,48
22942,34
22943,159
22944,34
22945,34
22946,34
22947,34
22948,170
22949,37
22950,29
22951,72
22952,34
22953,42
22954,48
22955,48
22956,34
22957,81
22958,48
22959,159
22960,42
22961,34
22962,34
22963,105
22964,34
22965,48
22966,173
22967,34
22968,34
22969,29
22970,48
22971,34
22972,215
22973,48
22974,42
22975,34
22976,4
22977,34
22978,109
22979,42
22980,48
22981,48
22982,34
22983,73
22984,34
22985,107
22986,48
22987,34
22988,34
22989,42
22990,48
22991,57
22992,170
22993,34
22994,207
22995,170
22996,75
22997,48
22998,159
22999,64
23000,173
23001,34
23002,34
23003,173
23004,34
23005,42
23006,37
23007,85
23008,81
23009,34
23010,48
23011,67
23012,34
23013,34
23014,48
23015,34
23016,34
23017,42
23018,44
23019,48
23020,34
23021,18
23022,48
23023,81
23024,48
23025,34
23026,34
23027,34
23028,34
23029,34
23030,42
23031,71
23032,29
23033,48
23034,48
23035,42
23036,48
23037,48
23038,42
23039,48
23040,48
23041,48
23042,71
23043,29
23044,109
23045,122
23046,221
23047,34
23048,26
23049,57
23050,72
23051,71
23052,13
23053,34
23054,82
23055,42
23056,171
23057,37
23058,34
23059,34
23060,34
23061,34
23062,34
23063,221
23064,34
23065,37
23066,34
23067,48
23068,89
23069,34
23070,42
23071,8
23072,34
23073,34
23074,34
23075,34
23076,217
23077,48
23078,42
23079,71
23080,48
23081,71
23082,48
23083,34
23084,34
23085,89
23086,34
23087,54
23088,48
23089,159
23090,34
23091,87
23092,48
23093,48
23094,42
23095,48
23096,211
23097,44
23098,71
23099,106
23100,26
23101,48
23102,34
23103,34
23104,34
23105,48
23106,48
23107,48
23108,48
23109,34
23110,170
23111,34
23112,27
23113,48
23114,34
23115,34
23116,48
23117,34
23118,34
23119,34
23120,37
23121,71
23122,48
23123,173
23124,48
23125,34
23126,173
23127,72
23128,34
23129,48
23130,48
23131,207
23132,37
23133,42
23134,48
23135,71
23136,5
23137,34
23138,48
23139,182
23140,42
23141,34
23142,34
23143,71
23144,71
23145,42
23146,42
23147,48
23148,34
23149,82
23150,34
23151,173
23152,171
23153,13
23154,42
23155,48
23156,34
23157,207
23158,34
23159,34
23160,34
23161,44
23162,72
23163,48
23164,48
23165,48
23166,48
23167,34
23168,48
23169,34
23170,217
23171,103
23172,161
23173,37
23174,34
23175,48
23176,57
23177,34
23178,42
23179,48
23180,34
23181,42
23182,34
23183,48
23184,34
23185,48
23186,81
23187,34
23188,34
23189,44
23190,34
23191,34
23192,34
23193,75
23194,82
23195,34
23196,48
23197,34
23198,44
23199,48
23200,48
23201,34
23202,34
23203,48
23204,48
23205,34
23206,48
23207,173
23208,109
23209,207
23210,34
23211,44
23212,34
23213,27
23214,34
23215,71
23216,13
23217,37
23218,72
23219,81
23220,170
23221,48
23222,42
23223,171
23224,48
23225,34
23226,173
23227,37
23228,48
23229,34
23230,170
23231,34
23232,26
23233,48
23234,37
23235,170
23236,37
23237,87
23238,29
23239,212
23240,34
23241,143
23242,4
23243,221
23244,48
23245,34
23246,81
23247,81
23248,34
23249,167
23250,34
23251,48
23252,78
23253,34
23254,42
23255,48
23256,81
23257,44
23258,106
23259,83
23260,34
23261,48
23262,44
23263,34
23264,71
23265,48
23266,48
23267,44
23268,29
23269,48
23270,34
23271,34
23272,217
23273,42
23274,171
23275,152
23276,167
23277,48
23278,34
23279,71
23280,44
23281,42
23282,173
23283,34
23284,81
23285,35
23286,35
23287,54
23288,170
23289,71
23290,7
23291,71
23292,34
23293,72
23294,34
23295,34
23296,34
23297,81
23298,48
23299,109
23300,34
23301,37
23302,34
23303,4
23304,34
23305,34
23306,42
23307,34
23308,34
23309,34
23310,81
23311,38
23312,103
23313,48
23314,44
23315,48
23316,75
23317,26
23318,173
23319,42
23320,34
23321,34
23322,34
23323,48
23324,34
23325,81
23326,81
23327,81
23328,34
23329,42
23330,34
23331,48
23332,48
23333,206
23334,48
23335,34
23336,72
23337,48
23338,44
23339,34
23340,34
23341,48
23342,34
23343,48
23344,48
23345,48
23346,42
23347,82
23348,34
23349,48
23350,48
23351,34
23352,48
23353,171
23354,42
23355,34
23356,221
23357,13
23358,42
23359,48
23360,221
23361,26
23362,26
23363,34
23364,48
23365,26
23366,34
23367,34
23368,173
23369,37
23370,34
23371,154
23372,173
23373,42
23374,71
23375,48
23376,208
23377,82
23378,217
23379,48
23380,71
23381,42
23382,34
23383,71
23384,75
23385,109
23386,71
23387,76
23388,37
23389,48
23390,34
23391,106
23392,82
23393,48
23394,71
23395,34
23396,34
23397,34
23398,48
23399,42
23400,221
23401,48
23402,54
23403,75
23404,34
23405,34
23406,34
23407,48
23408,170
23409,48
23410,34
23411,48
23412,44
23413,48
23414,34
23415,34
23416,44
23417,34
23418,48
23419,127
23420,72
23421,42
23422,27
23423,37
23424,42
23425,48
23426,36
23427,48
23428,48
23429,34
23430,13
23431,34
23432,173
23433,170
23434,71
23435,171
23436,48
23437,71
23438,34
23439,173
23440,34
23441,81
23442,48
23443,44
23444,133
23445,81
23446,48
23447,34
23448,34
23449,87
23450,42
23451,34
23452,42
23453,49
23454,13
23455,34
23456,34
23457,72
23458,34
23459,42
23460,34
23461,71
23462,71
23463,42
23464,44
23465,57
23466,48
23467,48
23468,167
23469,72
23470,48
23471,48
23472,76
23473,34
23474,42
23475,48
23476,221
23477,81
23478,34
23479,34
23480,34
23481,48
23482,34
23483,76
23484,34
23485,34
23486,34
23487,34
23488,26
23489,34
23490,26
23491,34
23492,72
23493,173
23494,42
23495,34
23496,44
23497,48
23498,34
23499,71
23500,71
23501,37
23502,13
23503,34
23504,34
23505,16
23506,34
23507,81
23508,37
23509,34
23510,120
23511,34
23512,34
23513,48
23514,34
23515,48
23516,34
23517,48
23518,44
23519,34
23520,34
23521,48
23522,34
23523,71
23524,48
23525,42
23526,48
23527,48
23528,48
23529,42
23530,72
23531,34
23532,206
23533,48
23534,34
23535,76
23536,48
23537,34
23538,72
23539,72
23540,34
23541,34
23542,34
23543,75
23544,34
23545,34
23546,217
23547,170
23548,42
23549,34
23550,170
23551,44
23552,34
23553,173
23554,221
23555,103
23556,34
23557,34
23558,81
23559,173
23560,34
23561,221
23562,173
23563,173
23564,58
23565,34
23566,42
23567,42
23568,89
23569,173
23570,48
23571,34
23572,34
23573,48
23574,71
23575,72
23576,34
23577,81
23578,44
23579,71
23580,48
23581,34
23582,34
23583,57
23584,174
23585,34
23586,34
23587,48
23588,48
23589,167
23590,48
23591,171
23592,167
23593,42
23594,167
23595,42
23596,71
23597,34
23598,42
23599,34
23600,89
23601,48
23602,48
23603,81
23604,44
23605,48
23606,170
23607,34
23608,75
23609,42
23610,170
23611,42
23612,171
23613,34
23614,37
23615,173
23616,34
23617,81
23618,82
23619,217
23620,173
23621,72
23622,42
23623,34
23624,48
23625,109
23626,89
23627,81
23628,34
23629,218
23630,173
23631,89
23632,48
23633,71
23634,48
23635,34
23636,81
23637,37
23638,42
23639,48
23640,34
23641,34
23642,48
23643,34
23644,48
23645,34
23646,34
23647,213
23648,82
23649,46
23650,221
23651,171
23652,48
23653,46
23654,221
23655,34
23656,72
23657,34
23658,167
23659,34
23660,34
23661,48
23662,34
23663,81
23664,155
23665,48
23666,34
23667,48
23668,48
23669,7
23670,221
23671,48
23672,42
23673,34
23674,48
23675,48
23676,71
23677,48
23678,37
23679,34
23680,34
23681,34
23682,221
23683,34
23684,87
23685,34
23686,48
23687,34
23688,167
23689,48
23690,212
23691,34
23692,48
23693,48
23694,72
23695,37
23696,72
23697,48
23698,82
23699,48
23700,170
23701,34
23702,44
23703,76
23704,71
23705,48
23706,18
23707,75
23708,48
23709,11
23710,34
23711,57
23712,48
23713,48
23714,173
23715,221
23716,34
23717,16
23718,48
23719,48
23720,34
23721,48
23722,48
23723,34
23724,34
23725,72
23726,219
23727,57
23728,57
23729,34
23730,221
23731,168
23732,48
23733,37
23734,127
23735,158
23736,48
23737,71
23738,71
23739,34
23740,28
23741,34
23742,48
23743,4
23744,34
23745,34
23746,44
23747,173
23748,173
23749,81
23750,48
23751,34
23752,48
23753,149
23754,167
23755,37
23756,221
23757,34
23758,34
23759,48
23760,173
23761,71
23762,173
23763,34
23764,72
23765,71
23766,221
23767,37
23768,71
23769,29
23770,48
23771,37
23772,48
23773,34
23774,48
23775,48
23776,123
23777,34
23778,76
23779,42
23780,42
23781,34
23782,81
23783,34
23784,71
23785,173
23786,103
23787,48
23788,44
23789,89
23790,34
23791,221
23792,173
23793,42
23794,42
23795,81
23796,48
23797,48
23798,42
23799,34
23800,204
23801,34
23802,171
23803,75
23804,34
23805,34
23806,48
23807,92
23808,48
23809,81
23810,34
23811,34
23812,44
23813,42
23814,37
23815,167
23816,34
23817,34
23818,48
23819,173
23820,34
23821,44
23822,71
23823,34
23824,42
23825,221
23826,173
23827,34
23828,173
23829,48
23830,48
23831,42
23832,2
23833,34
23834,48
23835,173
23836,34
23837,155
23838,16
23839,75
23840,48
23841,203
23842,34
23843,48
23844,82
23845,48
23846,106
23847,48
23848,48
23849,71
23850,71
23851,37
23852,34
23853,34
23854,48
23855,71
23856,48
23857,11
23858,34
23859,48
23860,221
23861,48
23862,207
23863,71
23864,48
23865,48
23866,103
23867,48
23868,42
23869,173
23870,34
23871,48
23872,34
23873,34
23874,89
23875,109
23876,42
23877,34
23878,221
23879,34
23880,42
23881,34
23882,37
23883,42
23884,221
23885,34
23886,81
23887,42
23888,75
23889,48
23890,42
23891,42
23892,116
23893,34
23894,34
23895,48
23896,22
23897,155
23898,167
23899,34
23900,217
23901,173
23902,34
23903,48
23904,75
23905,48
23906,34
23907,34
23908,34
23909,37
23910,48
23911,48
23912,42
23913,34
23914,37
23915,34
23916,37
23917,219
23918,173
23919,48
23920,34
23921,48
23922,166
23923,42
23924,34
23925,42
23926,42
23927,173
23928,26
23929,34
23930,34
23931,34
23932,48
23933,72
23934,34
23935,37
23936,4
23937,71
23938,54
23939,4
23940,34
23941,48
23942,48
23943,42
23944,34
23945,34
23946,48
23947,48
23948,48
23949,34
23950,34
23951,42
23952,71
23953,42
23954,34
23955,34
23956,170
23957,34
23958,173
23959,48
23960,42
23961,173
23962,42
23963,156
23964,173
23965,48
23966,48
23967,34
23968,71
23969,48
23970,221
23971,34
23972,71
23973,34
23974,37
23975,42
23976,42
23977,76
23978,42
23979,37
23980,48
23981,34
23982,48
23983,37
23984,34
23985,173
23986,72
23987,81
23988,71
23989,34
23990,37
23991,34
23992,34
23993,170
23994,27
23995,34
23996,48
23997,48
23998,167
23999,44
24000,34
24001,48
24002,34
24003,34
24004,71
24005,42
24006,89
24007,34
24008,109
24009,71
24010,34
24011,81
24012,34
24013,37
24014,207
24015,48
24016,82
24017,34
24018,71
24019,81
24020,34
24021,26
24022,167
24023,48
24024,42
24025,75
24026,42
24027,34
24028,34
24029,71
24030,173
24031,34
24032,44
24033,34
24034,173
24035,48
24036,34
24037,48
24038,48
24039,87
24040,37
24041,81
24042,34
24043,34
24044,217
24045,75
24046,34
24047,173
24048,34
24049,71
24050,127
24051,34
24052,42
24053,34
24054,34
24055,169
24056,42
24057,34
24058,42
24059,34
24060,34
24061,34
24062,34
24063,34
24064,34
24065,46
24066,48
24067,72
24068,81
24069,48
24070,48
24071,42
24072,34
24073,34
24074,34
24075,37
24076,34
24077,42
24078,72
24079,173
24080,71
24081,71
24082,120
24083,42
24084,120
24085,34
24086,28
24087,34
24088,48
24089,34
24090,48
24091,221
24092,71
24093,34
24094,37
24095,221
24096,34
24097,34
24098,48
24099,34
24100,82
24101,34
24102,34
24103,34
24104,34
24105,106
24106,34
24107,42
24108,42
24109,34
24110,42
24111,87
24112,34
24113,34
24114,131
24115,188
24116,72
24117,48
24118,219
24119,34
24120,54
24121,167
24122,38
24123,34
24124,48
24125,34
24126,44
24127,34
24128,127
24129,42
24130,34
24131,75
24132,48
24133,44
24134,71
24135,34
24136,81
24137,81
24138,34
24139,4
24140,173
24141,75
24142,48
24143,81
24144,221
24145,207
24146,54
24147,44
24148,171
24149,34
24150,34
24151,37
24152,48
24153,158
24154,87
24155,48
24156,44
24157,71
24158,34
24159,221
24160,42
24161,34
24162,81
24163,34
24164,48
24165,48
24166,87
24167,42
24168,71
24169,48
24170,71
24171,44
24172,34
24173,5
24174,42
24175,173
24176,30
24177,81
24178,171
24179,48
24180,48
24181,71
24182,48
24183,34
24184,37
24185,34
24186,48
24187,167
24188,71
24189,34
24190,34
24191,42
24192,34
24193,48
24194,82
24195,34
24196,44
24197,34
24198,37
24199,34
24200,71
24201,34
24202,34
24203,81
24204,48
24205,221
24206,44
24207,173
24208,48
24209,42
24210,103
24211,48
24212,34
24213,28
24214,34
24215,34
24216,81
24217,48
24218,34
24219,171
24220,48
24221,71
24222,167
24223,71
24224,34
24225,81
24226,217
24227,109
24228,217
24229,34
24230,48
24231,34
24232,173
24233,4
24234,34
24235,48
24236,42
24237,75
24238,71
24239,34
24240,72
24241,48
24242,167
24243,34
24244,34
24245,48
24246,34
24247,72
24248,48
24249,34
24250,34
24251,48
24252,48
24253,34
24254,34
24255,48
24256,48
24257,57
24258,44
24259,42
24260,34
24261,48
24262,71
24263,72
24264,37
24265,34
24266,72
24267,72
24268,34
24269,87
24270,42
24271,48
24272,48
24273,48
24274,217
24275,34
24276,37
24277,81
24278,164
24279,42
24280,42
24281,48
24282,27
24283,34
24284,34
24285,48
24286,34
24287,4
24288,34
24289,48
24290,34
24291,44
24292,44
24293,42
24294,173
24295,71
24296,48
24297,34
24298,48
24299,217
24300,89
24301,173
24302,48
24303,170
24304,48
24305,34
24306,34
24307,34
24308,48
24309,48
24310,34
24311,159
24312,34
24313,34
24314,37
24315,48
24316,48
24317,128
24318,56
24319,76
24320,34
24321,34
24322,221
24323,48
24324,37
24325,152
24326,48
24327,34
24328,34
24329,37
24330,48
24331,221
24332,48
24333,48
24334,4
24335,71
24336,34
24337,221
24338,37
24339,48
24340,34
24341,42
24342,37
24343,34
24344,42
24345,48
24346,48
24347,42
24348,34
24349,48
24350,34
24351,48
24352,217
24353,75
24354,37
24355,34
24356,81
24357,37
24358,34
24359,48
24360,34
24361,42
24362,48
24363,207
24364,207
24365,34
24366,48
24367,48
24368,82
24369,71
24370,34
24371,34
24372,48
24373,34
24374,173
24375,48
24376,34
24377,34
24378,71
24379,34
24380,131
24381,173
24382,42
24383,44
24384,34
24385,173
24386,207
24387,76
24388,2
24389,34
24390,48
24391,34
24392,106
24393,42
24394,173
24395,44
24396,34
24397,34
24398,76
24399,159
24400,34
24401,167
24402,173
24403,34
24404,34
24405,44
24406,108
24407,37
24408,175
24409,34
24410,109
24411,42
24412,34
24413,48
24414,75
24415,48
24416,48
24417,37
24418,34
24419,34
24420,48
24421,11
24422,42
24423,34
24424,42
24425,44
24426,48
24427,34
24428,173
24429,170
24430,42
24431,34
24432,42
24433,37
24434,34
24435,34
24436,170
24437,34
24438,76
24439,76
24440,44
24441,55
24442,42
24443,48
24444,34
24445,48
24446,34
24447,56
24448,48
24449,173
24450,173
24451,204
24452,34
24453,13
24454,48
24455,72
24456,87
24457,42
24458,37
24459,34
24460,34
24461,48
24462,72
24463,57
24464,34
24465,4
24466,34
24467,167
24468,34
24469,34
24470,71
24471,48
24472,48
24473,48
24474,36
24475,206
24476,11
24477,79
24478,13
24479,48
24480,48
24481,173
24482,42
24483,89
24484,48
24485,48
24486,71
24487,204
24488,71
24489,4
24490,42
24491,173
24492,171
24493,71
24494,75
24495,221
24496,34
24497,34
24498,48
24499,204
24500,26
24501,36
24502,4
24503,71
24504,42
24505,48
24506,71
24507,173
24508,34
24509,48
24510,221
24511,42
24512,171
24513,42
24514,34
24515,34
24516,170
24517,34
24518,34
24519,34
24520,3
24521,34
24522,34
24523,48
24524,173
24525,37
24526,173
24527,37
24528,48
24529,43
24530,81
24531,48
24532,57
24533,34
24534,207
24535,57
24536,48
24537,173
24538,71
24539,48
24540,44
24541,81
24542,37
24543,34
24544,42
24545,173
24546,34
24547,203
24548,42
24549,34
24550,34
24551,71
24552,170
24553,34
24554,42
24555,159
24556,48
24557,48
24558,34
24559,42
24560,34
24561,170
24562,34
24563,48
24564,13
24565,34
24566,42
24567,71
24568,48
24569,48
24570,57
24571,42
24572,34
24573,82
24574,34
24575,170
24576,170
24577,34
24578,127
24579,48
24580,34
24581,81
24582,34
24583,222
24584,13
24585,34
24586,34
24587,18
24588,71
24589,42
24590,48
24591,173
24592,58
24593,71
24594,217
24595,48
24596,42
24597,170
24598,221
24599,34
24600,81
24601,71
24602,87
24603,34
24604,48
24605,34
24606,34
24607,34
24608,42
24609,42
24610,81
24611,48
24612,173
24613,42
24614,54
24615,221
24616,173
24617,71
24618,34
24619,48
24620,4
24621,34
24622,34
24623,109
24624,42
24625,42
24626,34
24627,48
24628,34
24629,34
24630,48
24631,76
24632,71
24633,34
24634,72
24635,34
24636,76
24637,173
24638,54
24639,57
24640,42
24641,71
24642,48
24643,34
24644,4
24645,48
24646,81
24647,170
24648,48
24649,173
24650,13
24651,48
24652,34
24653,37
24654,34
24655,48
24656,153
24657,42
24658,48
24659,34
24660,48
24661,48
24662,71
24663,81
24664,44
24665,48
24666,72
24667,34
24668,48
24669,48
24670,11
24671,34
24672,106
24673,13
24674,34
24675,34
24676,173
24677,34
24678,26
24679,34
24680,34
24681,37
24682,34
24683,48
24684,42
24685,34
24686,71
24687,131
24688,34
24689,48
24690,34
24691,48
24692,75
24693,37
24694,217
24695,4
24696,37
24697,72
24698,48
24699,105
24700,22
24701,42
24702,28
24703,48
24704,42
24705,44
24706,48
24707,34
24708,48
24709,34
24710,48
24711,34
24712,42
24713,48
24714,34
24715,34
24716,48
24717,34
24718,34
24719,42
24720,48
24721,34
24722,48
24723,34
24724,48
24725,75
24726,34
24727,42
24728,48
24729,42
24730,37
24731,34
24732,173
24733,71
24734,34
24735,75
24736,37
24737,48
24738,42
24739,48
24740,48
24741,34
24742,34
24743,75
24744,48
24745,173
24746,48
24747,34
24748,48
24749,71
24750,42
24751,34
24752,34
24753,71
24754,89
24755,34
24756,48
24757,34
24758,48
24759,34
24760,48
24761,217
24762,82
24763,72
24764,34
24765,42
24766,26
24767,44
24768,207
24769,56
24770,42
24771,34
24772,81
24773,42
24774,44
24775,76
24776,89
24777,170
24778,42
24779,48
24780,71
24781,34
24782,34
24783,34
24784,37
24785,87
24786,34
24787,48
24788,217
24789,173
24790,81
24791,48
24792,54
24793,42
24794,89
24795,34
24796,37
24797,34
24798,87
24799,34
24800,34
24801,48
24802,4
24803,44
24804,87
24805,171
24806,76
24807,42
24808,81
24809,58
24810,48
24811,34
24812,37
24813,42
24814,81
24815,34
24816,48
24817,71
24818,106
24819,48
24820,48
24821,48
24822,71
24823,34
24824,44
24825,34
24826,37
24827,2
24828,48
24829,42
24830,72
24831,44
24832,87
24833,34
24834,71
24835,221
24836,44
24837,48
24838,34
24839,170
24840,42
24841,34
24842,75
24843,44
24844,42
24845,48
24846,34
24847,34
24848,72
24849,81
24850,76
24851,81
24852,34
24853,48
24854,48
24855,42
24856,42
24857,34
24858,222
24859,34
24860,75
24861,48
24862,71
24863,34
24864,34
24865,37
24866,48
24867,48
24868,21
24869,48
24870,221
24871,75
24872,71
24873,42
24874,48
24875,71
24876,48
24877,167
24878,170
24879,34
24880,221
24881,221
24882,42
24883,206
24884,48
24885,48
24886,167
24887,217
24888,72
24889,164
24890,48
24891,44
24892,71
24893,105
24894,27
24895,48
24896,44
24897,34
24898,34
24899,71
24900,48
24901,171
24902,81
24903,208
24904,42
24905,76
24906,7
24907,34
24908,27
24909,34
24910,48
24911,82
24912,35
24913,44
24914,48
24915,37
24916,42
24917,48
24918,48
24919,34
24920,173
24921,29
24922,34
24923,34
24924,34
24925,170
24926,75
24927,34
24928,48
24929,48
24930,37
24931,48
24932,42
24933,34
24934,171
24935,16
24936,173
24937,48
24938,48
24939,34
24940,34
24941,75
24942,39
24943,37
24944,221
24945,34
24946,71
24947,34
24948,34
24949,34
24950,41
24951,173
24952,48
24953,42
24954,221
24955,42
24956,87
24957,206
24958,34
24959,34
24960,217
24961,57
24962,44
24963,89
24964,34
24965,81
24966,48
24967,42
24968,34
24969,37
24970,89
24971,34
24972,4
24973,13
24974,48
24975,34
24976,44
24977,75
24978,34
24979,48
24980,34
24981,75
24982,75
24983,207
24984,34
24985,42
24986,48
24987,42
24988,28
24989,188
24990,48
24991,44
24992,34
24993,48
24994,48
24995,48
24996,207
24997,109
24998,48
24999,34
25000,34
25001,44
25002,29
25003,82
25004,48
25005,89
25006,34
25007,48
25008,44
25009,81
25010,48
25011,173
25012,48
25013,34
25014,48
25015,149
25016,34
25017,48
25018,48
25019,81
25020,103
25021,48
25022,42
25023,34
25024,37
25025,173
25026,34
25027,173
25028,48
25029,48
25030,48
25031,71
25032,76
25033,34
25034,34
25035,48
25036,48
25037,207
25038,173
25039,81
25040,48
25041,71
25042,81
25043,173
25044,14
25045,48
25046,34
25047,37
25048,34
25049,48
25050,57
25051,48
25052,48
25053,44
25054,42
25055,34
25056,26
25057,48
25058,48
25059,37
25060,34
25061,48
25062,158
25063,34
25064,34
25065,48
25066,173
25067,34
25068,42
25069,39
25070,71
25071,34
25072,48
25073,48
25074,48
25075,170
25076,207
25077,20
25078,48
25079,42
25080,34
25081,42
25082,57
25083,173
25084,37
25085,48
25086,34
25087,87
25088,14
25089,34
25090,87
25091,87
25092,48
25093,48
25094,37
25095,34
25096,44
25097,71
25098,34
25099,48
25100,48
25101,42
25102,71
25103,103
25104,34
25105,48
25106,34
25107,48
25108,34
25109,41
25110,89
25111,37
25112,37
25113,48
25114,221
25115,34
25116,42
25117,48
25118,48
25119,26
25120,34
25121,48
25122,34
25123,48
25124,34
25125,37
25126,71
25127,81
25128,42
25129,71
25130,109
25131,34
25132,48
25133,72
25134,34
25135,37
25136,34
25137,37
25138,34
25139,34
25140,34
25141,81
25142,76
25143,221
25144,34
25145,48
25146,42
25147,34
25148,72
25149,48
25150,82
25151,72
25152,42
25153,34
25154,34
25155,48
25156,103
25157,34
25158,48
25159,48
25160,34
25161,207
25162,48
25163,42
25164,72
25165,37
25166,34
25167,9
25168,167
25169,48
25170,34
25171,48
25172,37
25173,37
25174,207
25175,48
25176,34
25177,48
25178,37
25179,37
25180,48
25181,42
25182,48
25183,26
25184,34
25185,34
25186,34
25187,71
25188,82
25189,34
25190,42
25191,34
25192,81
25193,38
25194,214
25195,34
25196,44
25197,171
25198,82
25199,72
25200,173
25201,216
25202,34
25203,48
25204,72
25205,167
25206,48
25207,170
25208,34
25209,34
25210,71
25211,221
25212,34
25213,182
25214,210
25215,48
25216,34
25217,48
25218,34
25219,48
25220,217
25221,34
25222,34
25223,48
25224,171
25225,42
25226,221
25227,42
25228,173
25229,42
25230,48
25231,48
25232,34
25233,34
25234,44
25235,81
25236,42
25237,34
25238,22
25239,34
25240,71
25241,34
25242,170
25243,173
25244,48
25245,71
25246,72
25247,173
25248,120
25249,34
25250,34
25251,34
25252,37
25253,48
25254,56
25255,81
25256,34
25257,109
25258,48
25259,48
25260,42
25261,44
25262,34
25263,48
25264,42
25265,42
25266,48
25267,34
25268,34
25269,48
25270,72
25271,34
25272,81
25273,42
25274,34
25275,221
25276,82
25277,82
25278,48
25279,173
25280,48
25281,44
25282,42
25283,48
25284,42
25285,148
25286,37
25287,81
25288,34
25289,48
25290,173
25291,34
25292,48
25293,81
25294,34
25295,48
25296,48
25297,76
25298,81
25299,26
25300,34
25301,34
25302,34
25303,34
25304,82
25305,44
25306,48
25307,48
25308,37
25309,173
25310,72
25311,34
25312,42
25313,34
25314,37
25315,42
25316,82
25317,48
25318,34
25319,71
25320,34
25321,34
25322,109
25323,37
25324,48
25325,37
25326,72
25327,48
25328,81
25329,48
25330,75
25331,20
25332,167
25333,72
25334,81
25335,48
25336,42
25337,42
25338,167
25339,37
25340,42
25341,173
25342,34
25343,123
25344,34
25345,29
25346,71
25347,71
25348,42
25349,34
25350,207
25351,34
25352,207
25353,29
25354,107
25355,89
25356,34
25357,37
25358,48
25359,34
25360,71
25361,34
25362,34
25363,42
25364,48
25365,37
25366,173
25367,48
25368,106
25369,34
25370,44
25371,48
25372,48
25373,42
25374,26
25375,48
25376,34
25377,48
25378,34
25379,44
25380,34
25381,34
25382,221
25383,34
25384,34
25385,34
25386,34
25387,131
25388,37
25389,34
25390,34
25391,34
25392,34
25393,81
25394,173
25395,72
25396,89
25397,34
25398,48
25399,72
25400,71
25401,48
25402,42
25403,170
25404,42
25405,87
25406,81
25407,72
25408,57
25409,81
25410,48
25411,159
25412,34
25413,34
25414,34
25415,71
25416,34
25417,48
25418,171
25419,27
25420,37
25421,173
25422,48
25423,48
25424,207
25425,156
25426,34
25427,48
25428,48
25429,34
25430,48
25431,48
25432,48
25433,42
25434,81
25435,34
25436,221
25437,44
25438,34
25439,81
25440,48
25441,167
25442,34
25443,44
25444,11
25445,81
25446,34
25447,34
25448,34
25449,27
25450,34
25451,34
25452,42
25453,34
25454,76
25455,34
25456,103
25457,34
25458,72
25459,48
25460,42
25461,37
25462,34
25463,221
25464,167
25465,48
25466,48
25467,48
25468,109
25469,173
25470,81
25471,71
25472,59
25473,34
25474,48
25475,196
25476,171
25477,34
25478,34
25479,72
25480,174
25481,81
25482,106
25483,72
25484,48
25485,81
25486,42
25487,34
25488,44
25489,221
25490,44
25491,42
25492,34
25493,48
25494,48
25495,207
25496,48
25497,75
25498,42
25499,34
25500,72
25501,37
25502,48
25503,221
25504,81
25505,34
25506,48
25507,37
25508,34
25509,34
25510,42
25511,167
25512,34
25513,34
25514,81
25515,42
25516,34
25517,34
25518,173
25519,75
25520,48
25521,72
25522,37
25523,76
25524,42
25525,42
25526,42
25527,75
25528,34
25529,173
25530,167
25531,76
25532,44
25533,42
25534,48
25535,48
25536,219
25537,81
25538,67
25539,37
25540,37
25541,34
25542,37
25543,34
25544,221
25545,13
25546,48
25547,44
25548,34
25549,81
25550,34
25551,37
25552,72
25553,34
25554,71
25555,34
25556,173
25557,42
25558,48
25559,34
25560,171
25561,48
25562,48
25563,81
25564,34
25565,34
25566,48
25567,34
25568,44
25569,11
25570,42
25571,57
25572,34
25573,34
25574,34
25575,4
25576,34
25577,34
25578,71
25579,48
25580,81
25581,34
25582,48
25583,34
25584,34
25585,42
25586,81
25587,75
25588,173
25589,170
25590,48
25591,34
25592,42
25593,48
25594,34
25595,34
25596,34
25597,48
25598,34
25599,34
25600,170
25601,221
25602,75
25603,34
25604,34
25605,48
25606,170
25607,34
25608,48
25609,37
25610,62
25611,42
25612,171
25613,34
25614,89
25615,72
25616,34
25617,34
25618,34
25619,57
25620,34
25621,34
25622,34
25623,76
25624,4
25625,37
25626,34
25627,75
25628,34
25629,34
25630,71
25631,34
25632,48
25633,48
25634,34
25635,89
25636,109
25637,72
25638,106
25639,173
25640,75
25641,7
25642,4
25643,48
25644,127
25645,71
25646,81
25647,42
25648,42
25649,167
25650,48
25651,89
25652,48
25653,34
25654,76
25655,48
25656,207
25657,34
25658,37
25659,173
25660,221
25661,57
25662,89
25663,34
25664,89
25665,81
25666,81
25667,89
25668,34
25669,44
25670,34
25671,34
25672,71
25673,34
25674,42
25675,173
25676,48
25677,34
25678,34
25679,34
25680,37
25681,34
25682,173
25683,42
25684,34
25685,4
25686,76
25687,48
25688,34
25689,34
25690,48
25691,75
25692,34
25693,81
25694,27
25695,34
25696,34
25697,34
25698,44
25699,221
25700,34
25701,75
25702,34
25703,71
25704,48
25705,36
25706,29
25707,34
25708,71
25709,34
25710,48
25711,109
25712,71
25713,48
25714,48
25715,34
25716,34
25717,173
25718,201
25719,167
25720,16
25721,44
25722,34
25723,34
25724,48
25725,42
25726,81
25727,173
25728,34
25729,37
25730,34
25731,76
25732,34
25733,173
25734,48
25735,34
25736,167
25737,34
25738,37
25739,48
25740,34
25741,87
25742,72
25743,81
25744,48
25745,34
25746,81
25747,173
25748,13
25749,37
25750,48
25751,48
25752,87
25753,48
25754,34
25755,152
25756,48
25757,71
25758,76
25759,82
25760,81
25761,48
25762,48
25763,34
25764,34
25765,11
25766,18
25767,173
25768,34
25769,18
25770,34
25771,34
25772,176
25773,207
25774,34
25775,42
25776,34
25777,81
25778,48
25779,26
25780,34
25781,37
25782,63
25783,34
25784,34
25785,48
25786,48
25787,48
25788,48
25789,127
25790,34
25791,48
25792,48
25793,34
25794,34
25795,34
25796,48
25797,48
25798,82
25799,48
25800,34
25801,42
25802,44
25803,34
25804,46
25805,42
25806,42
25807,42
25808,89
25809,34
25810,34
25811,34
25812,42
25813,48
25814,34
25815,34
25816,44
25817,37
25818,37
25819,42
25820,34
25821,156
25822,34
25823,81
25824,42
25825,81
25826,34
25827,48
25828,48
25829,34
25830,109
25831,89
25832,221
25833,7
25834,34
25835,72
25836,48
25837,34
25838,76
25839,34
25840,42
25841,42
25842,34
25843,34
25844,48
25845,75
25846,34
25847,42
25848,34
25849,27
25850,34
25851,152
25852,34
25853,48
25854,164
25855,34
25856,34
25857,34
25858,34
25859,34
25860,167
25861,34
25862,7
25863,48
25864,109
25865,42
25866,81
25867,78
25868,42
25869,48
25870,173
25871,44
25872,4
25873,71
25874,44
25875,42
25876,34
25877,34
25878,81
25879,34
25880,71
25881,48
25882,6
25883,81
25884,44
25885,18
25886,71
25887,34
25888,87
25889,34
25890,34
25891,13
25892,48
25893,26
25894,221
25895,4
25896,48
25897,34
25898,34
25899,48
25900,44
25901,221
25902,34
25903,207
25904,44
25905,42
25906,22
25907,207
25908,173
25909,76
25910,103
25911,34
25912,71
25913,48
25914,217
25915,76
25916,34
25917,37
25918,4
25919,34
25920,75
25921,196
25922,34
25923,13
25924,170
25925,44
25926,173
25927,34
25928,34
25929,37
25930,170
25931,152
25932,22
25933,48
25934,13
25935,34
25936,48
25937,34
25938,34
25939,48
25940,48
25941,34
25942,48
25943,56
25944,87
25945,71
25946,44
25947,44
25948,48
25949,34
25950,34
25951,171
25952,217
25953,42
25954,48
25955,13
25956,29
25957,48
25958,29
25959,13
25960,42
25961,72
25962,34
25963,89
25964,48
25965,48
25966,105
25967,34
25968,13
25969,34
25970,37
25971,34
25972,42
25973,34
25974,34
25975,207
25976,34
25977,167
25978,34
25979,221
25980,22
25981,34
25982,48
25983,34
25984,37
25985,34
25986,48
25987,42
25988,82
25989,37
25990,71
25991,42
25992,207
25993,42
25994,34
25995,34
25996,71
25997,37
25998,71
25999,212
26000,76
26001,72
26002,48
26003,75
26004,48
26005,48
26006,212
26007,207
26008,173
26009,48
26010,81
26011,34
26012,75
26013,48
26014,42
26015,48
26016,34
26017,42
26018,48
26019,34
26020,170
26021,34
26022,34
26023,42
26024,37
26025,34
26026,37
26027,34
26028,34
26029,34
26030,81
26031,82
26032,42
26033,72
26034,48
26035,42
26036,37
26037,87
26038,34
26039,72
26040,81
26041,42
26042,215
26043,173
26044,42
26045,173
26046,34
26047,27
26048,42
26049,34
26050,44
26051,48
26052,34
26053,34
26054,173
26055,42
26056,214
26057,42
26058,71
26059,48
26060,37
26061,34
26062,48
26063,87
26064,44
26065,48
26066,34
26067,71
26068,71
26069,34
26070,5
26071,48
26072,72
26073,170
26074,34
26075,71
26076,34
26077,34
26078,207
26079,48
26080,48
26081,71
26082,34
26083,48
26084,71
26085,158
26086,34
26087,48
26088,221
26089,42
26090,42
26091,48
26092,81
26093,76
26094,72
26095,213
26096,48
26097,171
26098,48
26099,18
26100,34
26101,81
26102,81
26103,48
26104,217
26105,44
26106,42
26107,72
26108,48
26109,48
26110,71
26111,42
26112,71
26113,48
26114,48
26115,221
26116,42
26117,34
26118,170
26119,71
26120,34
26121,34
26122,76
26123,13
26124,42
26125,173
26126,34
26127,167
26128,34
26129,34
26130,48
26131,13
26132,44
26133,34
26134,71
26135,42
26136,34
26137,42
26138,173
26139,152
26140,26
26141,48
26142,71
26143,34
26144,171
26145,71
26146,44
26147,42
26148,34
26149,81
26150,34
26151,72
26152,48
26153,48
26154,71
26155,34
26156,4
26157,72
26158,48
26159,48
26160,75
26161,89
26162,76
26163,44
26164,34
26165,34
26166,42
26167,48
26168,71
26169,48
26170,173
26171,34
26172,71
26173,34
26174,34
26175,48
26176,173
26177,42
26178,81
26179,48
26180,167
26181,34
26182,221
26183,48
26184,34
26185,48
26186,34
26187,89
26188,48
26189,212
26190,34
26191,48
26192,81
26193,37
26194,48
26195,42
26196,34
26197,48
26198,48
26199,48
26200,106
26201,48
26202,34
26203,71
26204,34
26205,34
26206,167
26207,72
26208,34
26209,48
26210,76
26211,48
26212,71
26213,48
26214,54
26215,34
26216,48
26217,34
26218,221
26219,48
26220,48
26221,48
26222,48
26223,42
26224,34
26225,34
26226,48
26227,72
26228,48
26229,48
26230,173
26231,48
26232,44
26233,71
26234,158
26235,34
26236,57
26237,152
26238,173
26239,72
26240,221
26241,72
26242,34
26243,34
26244,34
26245,48
26246,48
26247,72
26248,81
26249,34
26250,173
26251,34
26252,34
26253,34
26254,81
26255,42
26256,72
26257,34
26258,76
26259,48
26260,221
26261,13
26262,173
26263,217
26264,34
26265,42
26266,48
26267,81
26268,48
26269,48
26270,81
26271,48
26272,34
26273,34
26274,72
26275,34
26276,44
26277,34
26278,76
26279,48
26280,42
26281,26
26282,34
26283,34
26284,71
26285,42
26286,72
26287,48
26288,34
26289,37
26290,34
26291,48
26292,34
26293,34
26294,71
26295,72
26296,42
26297,75
26298,48
26299,170
26300,34
26301,81
26302,82
26303,57
26304,42
26305,48
26306,34
26307,42
26308,71
26309,34
26310,71
26311,48
26312,34
26313,34
26314,34
26315,48
26316,13
26317,34
26318,158
26319,167
26320,34
26321,48
26322,34
26323,221
26324,167
26325,48
26326,34
26327,173
26328,48
26329,81
26330,34
26331,81
26332,72
26333,217
26334,75
26335,34
26336,42
26337,34
26338,37
26339,210
26340,48
26341,34
26342,72
26343,71
26344,34
26345,34
26346,34
26347,34
26348,182
26349,75
26350,48
26351,34
26352,34
26353,72
26354,42
26355,57
26356,48
26357,34
26358,48
26359,34
26360,173
26361,170
26362,34
26363,48
26364,4
26365,44
26366,44
26367,34
26368,82
26369,48
26370,48
26371,173
26372,106
26373,221
26374,105
26375,34
26376,34
26377,76
26378,48
26379,203
26380,37
26381,48
26382,34
26383,34
26384,173
26385,34
26386,170
26387,34
26388,152
26389,34
26390,48
26391,207
26392,42
26393,42
26394,48
26395,48
26396,147
26397,34
26398,48
26399,48
26400,34
26401,34
26402,42
26403,34
26404,34
26405,42
26406,89
26407,48
26408,48
26409,34
26410,48
26411,173
26412,44
26413,27
26414,37
26415,34
26416,48
26417,71
26418,42
26419,71
26420,44
26421,44
26422,81
26423,48
26424,44
26425,72
26426,34
26427,48
26428,48
26429,87
26430,34
26431,75
26432,34
26433,42
26434,34
26435,81
26436,221
26437,48
26438,37
26439,34
26440,34
26441,48
26442,173
26443,48
26444,173
26445,34
26446,34
26447,171
26448,34
26449,34
26450,34
26451,34
26452,42
26453,48
26454,13
26455,48
26456,34
26457,44
26458,34
26459,34
26460,87
26461,173
26462,48
26463,171
26464,173
26465,48
26466,48
26467,48
26468,48
26469,42
26470,71
26471,48
26472,44
26473,173
26474,13
26475,81
26476,48
26477,48
26478,34
26479,44
26480,44
26481,48
26482,48
26483,48
26484,34
26485,37
26486,34
26487,34
26488,37
26489,27
26490,42
26491,48
26492,170
26493,207
26494,48
26495,71
26496,42
26497,48
26498,170
26499,76
26500,48
26501,34
26502,48
26503,57
26504,34
26505,42
26506,34
26507,169
26508,42
26509,48
26510,34
26511,42
26512,48
26513,34
26514,71
26515,13
26516,81
26517,37
26518,42
26519,34
26520,48
26521,34
26522,81
26523,44
26524,34
26525,48
26526,34
26527,81
26528,34
26529,34
26530,42
26531,34
26532,81
26533,44
26534,34
26535,34
26536,81
26537,120
26538,34
26539,159
26540,217
26541,76
26542,48
26543,34
26544,170
26545,34
26546,42
26547,173
26548,42
26549,167
26550,48
26551,71
26552,34
26553,34
26554,42
26555,170
26556,203
26557,158
26558,34
26559,13
26560,34
26561,87
26562,34
26563,103
26564,173
26565,29
26566,48
26567,48
26568,34
26569,48
26570,34
26571,48
26572,44
26573,48
26574,207
26575,71
26576,34
26577,7
26578,48
26579,48
26580,48
26581,173
26582,13
26583,48
26584,217
26585,173
26586,48
26587,42
26588,48
26589,173
26590,34
26591,48
26592,37
26593,34
26594,173
26595,42
26596,71
26597,173
26598,82
26599,34
26600,48
26601,34
26602,42
26603,34
26604,34
26605,48
26606,42
26607,34
26608,48
26609,48
26610,34
26611,48
26612,48
26613,72
26614,48
26615,75
26616,173
26617,72
26618,221
26619,34
26620,34
26621,48
26622,34
26623,34
26624,221
26625,169
26626,34
26627,81
26628,34
26629,48
26630,34
26631,72
26632,123
26633,72
26634,89
26635,48
26636,173
26637,48
26638,7
26639,34
26640,48
26641,34
26642,57
26643,48
26644,42
26645,44
26646,42
26647,42
26648,18
26649,48
26650,34
26651,34
26652,44
26653,44
26654,48
26655,221
26656,48
26657,42
26658,34
26659,44
26660,37
26661,34
26662,48
26663,37
26664,4
26665,71
26666,42
26667,81
26668,34
26669,44
26670,173
26671,34
26672,44
26673,48
26674,71
26675,167
26676,44
26677,34
26678,173
26679,81
26680,48
26681,4
26682,48
26683,34
26684,81
26685,71
26686,44
26687,48
26688,42
26689,48
26690,34
26691,48
26692,37
26693,173
26694,34
26695,34
26696,29
26697,72
26698,105
26699,48
26700,48
26701,82
26702,34
26703,48
26704,34
26705,48
26706,89
26707,42
26708,27
26709,48
26710,48
26711,42
26712,42
26713,48
26714,34
26715,34
26716,34
26717,34
26718,82
26719,48
26720,173
26721,48
26722,34
26723,34
26724,34
26725,210
26726,42
26727,34
26728,48
26729,109
26730,42
26731,170
26732,34
26733,71
26734,89
26735,213
26736,171
26737,37
26738,71
26739,34
26740,42
26741,34
26742,4
26743,87
26744,2
26745,48
26746,37
26747,42
26748,81
26749,42
26750,48
26751,37
26752,48
26753,173
26754,54
26755,71
26756,170
26757,119
26758,26
26759,44
26760,37
26761,37
26762,72
26763,173
26764,82
26765,34
26766,48
26767,82
26768,34
26769,48
26770,207
26771,48
26772,34
26773,48
26774,34
26775,34
26776,48
26777,81
26778,42
26779,34
26780,34
26781,48
26782,49
26783,34
26784,34
26785,167
26786,48
26787,34
26788,75
26789,82
26790,48
26791,29
26792,42
26793,34
26794,171
26795,48
26796,34
26797,48
26798,37
26799,34
26800,48
26801,34
26802,34
26803,4
26804,48
26805,37
26806,34
26807,34
26808,48
26809,48
26810,71
26811,48
26812,13
26813,34
26814,170
26815,34
26816,42
26817,37
26818,42
26819,89
26820,48
26821,167
26822,75
26823,213
26824,48
26825,48
26826,48
26827,37
26828,37
26829,34
26830,34
26831,48
26832,34
26833,204
26834,34
26835,37
26836,34
26837,44
26838,48
26839,44
26840,75
26841,34
26842,34
26843,42
26844,42
26845,72
26846,34
26847,37
26848,34
26849,82
26850,34
26851,173
26852,34
26853,71
26854,48
26855,48
26856,48
26857,109
26858,34
26859,34
26860,42
26861,81
26862,75
26863,71
26864,34
26865,34
26866,48
26867,34
26868,34
26869,48
26870,34
26871,48
26872,105
26873,44
26874,34
26875,37
26876,48
26877,76
26878,34
26879,71
26880,48
26881,48
26882,217
26883,42
26884,34
26885,75
26886,81
26887,167
26888,34
26889,34
26890,48
26891,34
26892,34
26893,34
26894,42
26895,167
26896,217
26897,37
26898,34
26899,71
26900,34
26901,34
26902,72
26903,81
26904,158
26905,34
26906,34
26907,89
26908,42
26909,34
26910,48
26911,173
26912,27
26913,48
26914,42
26915,173
26916,34
26917,34
26918,34
26919,34
26920,71
26921,170
26922,9
26923,71
26924,221
26925,173
26926,48
26927,34
26928,34
26929,34
26930,34
26931,34
26932,200
26933,42
26934,81
26935,37
26936,105
26937,170
26938,48
26939,207
26940,34
26941,34
26942,82
26943,48
26944,48
26945,37
26946,34
26947,78
26948,34
26949,173
26950,42
26951,159
26952,173
26953,34
26954,34
26955,34
26956,71
26957,87
26958,124
26959,81
26960,167
26961,48
26962,48
26963,89
26964,221
26965,48
26966,72
26967,34
26968,48
26969,34
26970,34
26971,87
26972,217
26973,26
26974,48
26975,81
26976,48
26977,42
26978,34
26979,34
26980,71
26981,48
26982,34
26983,81
26984,48
26985,72
26986,48
26987,42
26988,42
26989,34
26990,26
26991,34
26992,48
26993,48
26994,44
26995,48
26996,48
26997,48
26998,42
26999,34
27000,48
27001,34
27002,34
27003,48
27004,82
27005,48
27006,76
27007,42
27008,173
27009,81
27010,34
27011,171
27012,37
27013,173
27014,48
27015,173
27016,34
27017,48
27018,48
27019,34
27020,14
27021,217
27022,71
27023,34
27024,171
27025,36
27026,48
27027,44
27028,48
27029,34
27030,44
27031,34
27032,48
27033,76
27034,48
27035,44
27036,34
27037,173
27038,34
27039,48
27040,42
27041,42
27042,48
27043,222
27044,167
27045,173
27046,173
27047,34
27048,221
27049,103
27050,34
27051,27
27052,48
27053,34
27054,34
27055,48
27056,57
27057,42
27058,171
27059,42
27060,34
27061,34
27062,103
27063,89
27064,34
27065,34
27066,127
27067,34
27068,48
27069,44
27070,48
27071,81
27072,34
27073,72
27074,48
27075,89
27076,48
27077,48
27078,48
27079,48
27080,42
27081,72
27082,167
27083,167
27084,37
27085,196
27086,42
27087,48
27088,34
27089,75
27090,34
27091,173
27092,170
27093,48
27094,42
27095,34
27096,103
27097,173
27098,149
27099,44
27100,144
27101,27
27102,221
27103,34
27104,34
27105,34
27106,34
27107,34
27108,221
27109,34
27110,34
27111,37
27112,48
27113,221
27114,34
27115,48
27116,7
27117,72
27118,71
27119,34
27120,34
27121,48
27122,26
27123,48
27124,37
27125,34
27126,81
27127,34
27128,170
27129,34
27130,13
27131,34
27132,170
27133,81
27134,173
27135,34
27136,44
27137,89
27138,34
27139,48
27140,44
27141,71
27142,71
27143,48
27144,48
27145,48
27146,105
27147,34
27148,170
27149,48
27150,182
27151,152
27152,48
27153,34
27154,48
27155,72
27156,34
27157,42
27158,34
27159,196
27160,71
27161,48
27162,34
27163,34
27164,37
27165,48
27166,44
27167,173
27168,34
27169,71
27170,48
27171,34
27172,76
27173,13
27174,221
27175,173
27176,34
27177,27
27178,48
27179,221
27180,34
27181,48
27182,221
27183,76
27184,34
27185,48
27186,34
27187,42
27188,34
27189,34
27190,91
27191,42
27192,81
27193,72
27194,217
27195,207
27196,37
27197,42
27198,34
27199,48
27200,48
27201,34
27202,42
27203,173
27204,42
27205,34
27206,106
27207,42
27208,34
27209,72
27210,167
27211,173
27212,34
27213,34
27214,34
27215,48
27216,42
27217,71
27218,48
27219,48
27220,71
27221,42
27222,18
27223,34
27224,42
27225,221
27226,87
27227,48
27228,42
27229,34
27230,81
27231,16
27232,57
27233,71
27234,48
27235,221
27236,48
27237,37
27238,42
27239,107
27240,42
27241,34
27242,34
27243,34
27244,48
27245,106
27246,160
27247,34
27248,81
27249,44
27250,34
27251,221
27252,44
27253,34
27254,72
27255,87
27256,34
27257,48
27258,34
27259,34
27260,27
27261,152
27262,34
27263,167
27264,42
27265,48
27266,34
27267,62
27268,71
27269,44
27270,22
27271,48
27272,34
27273,34
27274,221
27275,48
27276,34
27277,13
27278,34
27279,207
27280,34
27281,72
27282,42
27283,34
27284,81
27285,48
27286,48
27287,170
27288,54
27289,165
27290,48
27291,37
27292,42
27293,71
27294,34
27295,42
27296,34
27297,182
27298,34
27299,34
27300,221
27301,48
27302,71
27303,42
27304,87
27305,44
27306,34
27307,48
27308,42
27309,37
27310,34
27311,167
27312,13
27313,48
27314,34
27315,170
27316,218
27317,42
27318,34
27319,167
27320,37
27321,207
27322,72
27323,34
27324,34
27325,173
27326,81
27327,34
27328,34
27329,71
27330,42
27331,81
27332,173
27333,152
27334,81
27335,214
27336,81
27337,46
27338,76
27339,173
27340,167
27341,48
27342,44
27343,37
27344,48
27345,71
27346,44
27347,34
27348,34
27349,34
27350,42
27351,44
27352,34
27353,48
27354,44
27355,48
27356,34
27357,48
27358,72
27359,72
27360,48
27361,54
27362,48
27363,34
27364,222
27365,37
27366,72
27367,221
27368,34
27369,34
27370,167
27371,48
27372,34
27373,13
27374,42
27375,34
27376,34
27377,221
27378,177
27379,109
27380,71
27381,42
27382,167
27383,34
27384,34
27385,42
27386,34
27387,72
27388,173
27389,48
27390,2
27391,34
27392,34
27393,34
27394,173
27395,48
27396,158
27397,48
27398,42
27399,71
27400,34
27401,34
27402,159
27403,48
27404,34
27405,42
27406,48
27407,167
27408,48
27409,170
27410,71
27411,11
27412,48
27413,34
27414,48
27415,34
27416,48
27417,34
27418,42
27419,48
27420,75
27421,42
27422,34
27423,34
27424,34
27425,75
27426,42
27427,71
27428,48
27429,48
27430,42
27431,72
27432,34
27433,72
27434,48
27435,57
27436,48
27437,48
27438,81
27439,207
27440,44
27441,82
27442,34
27443,42
27444,48
27445,173
27446,167
27447,72
27448,48
27449,34
27450,44
27451,42
27452,48
27453,34
27454,48
27455,34
27456,103
27457,48
27458,170
27459,22
27460,37
27461,34
27462,42
27463,34
27464,11
27465,48
27466,48
27467,28
27468,48
27469,170
27470,48
27471,16
27472,182
27473,120
27474,48
27475,48
27476,34
27477,34
27478,105
27479,34
27480,34
27481,48
27482,34
27483,34
27484,42
27485,48
27486,72
27487,71
27488,34
27489,34
27490,207
27491,42
27492,71
27493,173
27494,221
27495,34
27496,48
27497,21
27498,221
27499,34
27500,48
27501,72
27502,48
27503,72
27504,48
27505,42
27506,34
27507,42
27508,34
27509,34
27510,109
27511,72
27512,42
27513,48
27514,221
27515,34
27516,37
27517,71
27518,42
27519,173
27520,168
27521,34
27522,170
27523,34
27524,108
27525,216
27526,171
27527,34
27528,48
27529,42
27530,34
27531,34
27532,34
27533,34
27534,72
27535,44
27536,37
27537,37
27538,48
27539,48
27540,212
27541,42
27542,34
27543,42
27544,34
27545,37
27546,71
27547,48
27548,42
27549,173
27550,57
27551,34
27552,105
27553,173
27554,71
27555,103
27556,72
27557,221
27558,106
27559,103
27560,34
27561,42
27562,48
27563,71
27564,34
27565,219
27566,75
27567,37
27568,34
27569,13
27570,48
27571,75
27572,207
27573,34
27574,44
27575,34
27576,34
27577,87
27578,72
27579,81
27580,34
27581,71
27582,82
27583,131
27584,173
27585,217
27586,34
27587,48
27588,81
27589,37
27590,48
27591,212
27592,37
27593,34
27594,48
27595,42
27596,170
27597,44
27598,34
27599,182
27600,42
27601,131
27602,48
27603,37
27604,34
27605,217
27606,44
27607,156
27608,34
27609,42
27610,34
27611,71
27612,34
27613,34
27614,207
27615,34
27616,207
27617,34
27618,48
27619,34
27620,71
27621,48
27622,48
27623,72
27624,48
27625,207
27626,48
27627,34
27628,34
27629,72
27630,34
27631,34
27632,81
27633,48
27634,34
27635,34
27636,42
27637,173
27638,76
27639,34
27640,75
27641,42
27642,48
27643,167
27644,34
27645,34
27646,42
27647,48
27648,34
27649,34
27650,48
27651,34
27652,48
27653,54
27654,27
27655,221
27656,48
27657,34
27658,34
27659,34
27660,34
27661,48
27662,34
27663,34
27664,87
27665,34
27666,34
27667,34
27668,48
27669,87
27670,34
27671,81
27672,42
27673,173
27674,34
27675,48
27676,44
27677,82
27678,221
27679,159
27680,109
27681,48
27682,48
27683,48
27684,4
27685,173
27686,34
27687,34
27688,171
27689,78
27690,42
27691,48
27692,42
27693,57
27694,22
27695,171
27696,173
27697,16
27698,44
27699,75
27700,82
27701,34
27702,34
27703,48
27704,37
27705,34
27706,75
27707,109
27708,34
27709,81
27710,42
27711,79
27712,48
27713,34
27714,173
27715,37
27716,71
27717,48
27718,34
27719,72
27720,71
27721,48
27722,48
27723,44
27724,44
27725,34
27726,71
27727,48
27728,164
27729,217
27730,56
27731,34
27732,82
27733,48
27734,42
27735,34
27736,81
27737,57
27738,48
27739,42
27740,71
27741,48
27742,34
27743,42
27744,42
27745,42
27746,56
27747,33
27748,34
27749,34
27750,48
27751,72
27752,48
27753,89
27754,34
27755,57
27756,34
27757,34
27758,72
27759,131
27760,34
27761,175
27762,106
27763,42
27764,34
27765,82
27766,48
27767,173
27768,48
27769,75
27770,34
27771,34
27772,71
27773,170
27774,42
27775,34
27776,173
27777,34
27778,81
27779,34
27780,48
27781,48
27782,159
27783,42
27784,42
27785,72
27786,48
27787,48
27788,42
27789,76
27790,81
27791,34
27792,217
27793,34
27794,34
27795,82
27796,217
27797,13
27798,42
27799,37
27800,34
27801,34
27802,34
27803,42
27804,173
27805,34
27806,34
27807,34
27808,34
27809,71
27810,173
27811,57
27812,34
27813,48
27814,48
27815,170
27816,34
27817,71
27818,42
27819,48
27820,42
27821,34
27822,72
27823,34
27824,34
27825,48
27826,34
27827,82
27828,167
27829,34
27830,71
27831,48
27832,34
27833,48
27834,34
27835,48
27836,48
27837,48
27838,221
27839,48
27840,81
27841,29
27842,90
27843,44
27844,13
27845,34
27846,34
27847,48
27848,34
27849,167
27850,44
27851,44
27852,48
27853,48
27854,173
27855,76
27856,207
27857,76
27858,71
27859,37
27860,81
27861,34
27862,34
27863,48
27864,44
27865,34
27866,173
27867,71
27868,34
27869,48
27870,34
27871,44
27872,34
27873,34
27874,48
27875,71
27876,173
27877,48
27878,48
27879,42
27880,48
27881,34
27882,37
27883,48
27884,42
27885,34
27886,44
27887,34
27888,48
27889,75
27890,34
27891,48
27892,48
27893,34
27894,54
27895,34
27896,75
27897,173
27898,71
27899,37
27900,34
27901,173
27902,173
27903,34
27904,34
27905,48
27906,42
27907,34
27908,42
27909,72
27910,72
27911,72
27912,34
27913,34
27914,170
27915,49
27916,34
27917,48
27918,34
27919,72
27920,37
27921,48
27922,48
27923,44
27924,173
27925,34
27926,71
27927,87
27928,207
27929,34
27930,72
27931,75
27932,37
27933,34
27934,48
27935,34
27936,48
27937,34
27938,42
27939,48
27940,170
27941,81
27942,37
27943,34
27944,42
27945,42
27946,81
27947,34
27948,71
27949,173
27950,48
27951,81
27952,34
27953,210
27954,119
27955,42
27956,173
27957,42
27958,42
27959,48
27960,34
27961,34
27962,29
27963,72
27964,42
27965,42
27966,71
27967,37
27968,48
27969,34
27970,72
27971,48
27972,173
27973,48
27974,34
27975,42
27976,27
27977,34
27978,34
27979,71
27980,42
27981,106
27982,48
27983,72
27984,34
27985,34
27986,34
27987,71
27988,34
27989,34
27990,34
27991,48
27992,34
27993,48
27994,44
27995,48
27996,34
27997,11
27998,34
27999,34
28000,72
28001,34
28002,34
28003,44
28004,42
28005,37
28006,34
28007,34
28008,29
28009,167
28010,34
28011,48
28012,89
28013,123
28014,48
28015,34
28016,170
28017,72
28018,34
28019,34
28020,48
28021,34
28022,34
28023,34
28024,34
28025,34
28026,34
28027,173
28028,34
28029,72
28030,75
28031,71
28032,42
28033,34
28034,217
28035,48
28036,34
28037,42
28038,34
28039,221
28040,34
28041,72
28042,44
28043,48
28044,48
28045,48
28046,71
28047,44
28048,42
28049,48
28050,34
28051,34
28052,149
28053,48
28054,34
28055,188
28056,48
28057,34
28058,48
28059,173
28060,34
28061,48
28062,34
28063,48
28064,34
28065,34
28066,34
28067,42
28068,48
28069,34
28070,48
28071,34
28072,34
28073,42
28074,42
28075,48
28076,72
28077,71
28078,221
28079,44
28080,48
28081,173
28082,44
28083,26
28084,89
28085,171
28086,34
28087,48
28088,217
28089,35
28090,71
28091,153
28092,81
28093,48
28094,48
28095,34
28096,34
28097,173
28098,48
28099,48
28100,34
28101,54
28102,48
28103,34
28104,71
28105,42
28106,48
28107,48
28108,48
28109,48
28110,34
28111,34
28112,75
28113,27
28114,48
28115,221
28116,48
28117,34
28118,82
28119,42
28120,34
28121,221
28122,34
28123,48
28124,89
28125,75
28126,221
28127,34
28128,87
28129,44
28130,48
28131,120
28132,34
28133,72
28134,48
28135,71
28136,42
28137,42
28138,34
28139,42
28140,34
28141,127
28142,42
28143,164
28144,48
28145,217
28146,34
28147,48
28148,48
28149,44
28150,81
28151,44
28152,34
28153,34
28154,89
28155,48
28156,48
28157,76
28158,44
28159,42
28160,71
28161,72
28162,34
28163,159
28164,42
28165,48
28166,48
28167,127
28168,170
28169,81
28170,37
28171,170
28172,48
28173,34
28174,34
28175,42
28176,34
28177,81
28178,48
28179,44
28180,173
28181,48
28182,167
28183,48
28184,42
28185,34
28186,81
28187,48
28188,57
28189,34
28190,34
28191,37
28192,103
28193,34
28194,72
28195,72
28196,48
28197,34
28198,34
28199,44
28200,48
28201,48
28202,34
28203,34
28204,34
28205,44
28206,173
28207,4
28208,81
28209,34
28210,221
28211,48
28212,57
28213,34
28214,37
28215,48
28216,34
28217,16
28218,159
28219,34
28220,173
28221,42
28222,34
28223,71
28224,72
28225,170
28226,29
28227,34
28228,34
28229,71
28230,34
28231,48
28232,34
28233,34
28234,34
28235,48
28236,34
28237,42
28238,109
28239,71
28240,48
28241,34
28242,75
28243,42
28244,48
28245,44
28246,44
28247,37
28248,75
28249,48
28250,167
28251,114
28252,34
28253,29
28254,34
28255,170
28256,75
28257,34
28258,158
28259,217
28260,34
28261,48
28262,13
28263,221
28264,48
28265,81
28266,48
28267,34
28268,75
28269,34
28270,34
28271,34
28272,72
28273,44
28274,72
28275,27
28276,37
28277,34
28278,48
28279,170
28280,196
28281,34
28282,42
28283,48
28284,48
28285,72
28286,173
28287,167
28288,44
28289,48
28290,48
28291,82
28292,34
28293,48
28294,37
28295,207
28296,48
28297,81
28298,48
28299,4
28300,48
28301,71
28302,155
28303,42
28304,48
28305,48
28306,48
28307,34
28308,72
28309,221
28310,42
28311,221
28312,75
28313,48
28314,44
28315,48
28316,34
28317,34
28318,37
28319,42
28320,42
28321,44
28322,34
28323,48
28324,48
28325,42
28326,4
28327,37
28328,34
28329,34
28330,48
28331,57
28332,26
28333,170
28334,42
28335,48
28336,48
28337,37
28338,34
28339,87
28340,48
28341,48
28342,221
28343,71
28344,173
28345,34
28346,48
28347,71
28348,48
28349,42
28350,82
28351,173
28352,42
28353,34
28354,34
28355,7
28356,48
28357,207
28358,72
28359,75
28360,37
28361,48
28362,34
28363,34
28364,34
28365,42
28366,106
28367,34
28368,48
28369,48
28370,81
28371,173
28372,37
28373,34
28374,173
28375,120
28376,71
28377,42
28378,37
28379,34
28380,34
28381,207
28382,170
28383,48
28384,42
28385,222
28386,82
28387,81
28388,158
28389,48
28390,48
28391,75
28392,42
28393,57
28394,27
28395,123
28396,34
28397,44
28398,81
28399,13
28400,34
28401,48
28402,44
28403,34
28404,72
28405,173
28406,109
28407,48
28408,34
28409,42
28410,42
28411,34
28412,221
28413,48
28414,48
28415,210
28416,76
28417,34
28418,34
28419,13
28420,34
28421,34
28422,48
28423,81
28424,34
28425,170
28426,44
28427,42
28428,34
28429,44
28430,71
28431,72
28432,89
28433,42
28434,34
28435,42
28436,48
28437,34
28438,34
28439,48
28440,212
28441,48
28442,71
28443,34
28444,34
28445,34
28446,42
28447,173
28448,48
28449,42
28450,4
28451,48
28452,34
28453,34
28454,34
28455,48
28456,34
28457,221
28458,44
28459,34
28460,221
28461,87
28462,34
28463,207
28464,11
28465,152
28466,212
28467,42
28468,42
28469,34
28470,167
28471,81
28472,76
28473,42
28474,173
28475,48
28476,48
28477,42
28478,48
28479,34
28480,34
28481,26
28482,72
28483,34
28484,72
28485,48
28486,42
28487,71
28488,48
28489,75
28490,219
28491,48
28492,48
28493,167
28494,48
28495,42
28496,34
28497,72
28498,34
28499,48
28500,34
28501,105
28502,173
28503,34
28504,42
28505,13
28506,48
28507,48
28508,44
28509,42
28510,48
28511,170
28512,42
28513,34
28514,48
28515,34
28516,34
28517,48
28518,34
28519,81
28520,71
28521,4
28522,29
28523,34
28524,34
28525,48
28526,44
28527,123
28528,76
28529,71
28530,48
28531,48
28532,27
28533,42
28534,48
28535,49
28536,34
28537,48
28538,34
28539,34
28540,48
28541,18
28542,48
28543,48
28544,34
28545,48
28546,26
28547,170
28548,34
28549,34
28550,48
28551,48
28552,37
28553,173
28554,89
28555,13
28556,48
28557,81
28558,82
28559,42
28560,48
28561,81
28562,48
28563,173
28564,44
28565,36
28566,71
28567,34
28568,75
28569,81
28570,207
28571,34
28572,34
28573,48
28574,71
28575,106
28576,173
28577,207
28578,71
28579,105
28580,34
28581,81
28582,48
28583,34
28584,37
28585,76
28586,71
28587,34
28588,34
28589,89
28590,48
28591,75
28592,81
28593,48
28594,48
28595,87
28596,34
28597,71
28598,48
28599,34
28600,27
28601,48
28602,109
28603,81
28604,4
28605,37
28606,34
28607,48
28608,48
28609,221
28610,48
28611,34
28612,34
28613,34
28614,207
28615,34
28616,42
28617,75
28618,71
28619,71
28620,167
28621,34
28622,34
28623,44
28624,13
28625,37
28626,34
28627,34
28628,87
28629,34
28630,44
28631,71
28632,207
28633,37
28634,71
28635,48
28636,71
28637,48
28638,152
28639,124
28640,48
28641,173
28642,48
28643,34
28644,71
28645,48
28646,75
28647,34
28648,48
28649,37
28650,44
28651,217
28652,34
28653,34
28654,37
28655,44
28656,34
28657,109
28658,57
28659,48
28660,173
28661,48
28662,37
28663,27
28664,44
28665,29
28666,221
28667,217
28668,34
28669,173
28670,48
28671,48
28672,72
28673,48
28674,42
28675,81
28676,221
28677,34
28678,34
28679,48
28680,89
28681,167
28682,34
28683,71
28684,34
28685,4
28686,34
28687,81
28688,221
28689,170
28690,48
28691,34
28692,29
28693,42
28694,81
28695,48
28696,82
28697,48
28698,81
28699,71
28700,81
28701,112
28702,48
28703,42
28704,75
28705,34
28706,76
28707,75
28708,34
28709,27
28710,34
28711,34
28712,48
28713,48
28714,48
28715,34
28716,89
28717,34
28718,127
28719,34
28720,194
28721,48
28722,89
28723,48
28724,34
28725,34
28726,34
28727,34
28728,21
28729,34
28730,34
28731,81
28732,48
28733,48
28734,173
28735,221
28736,76
28737,34
28738,48
28739,48
28740,44
28741,34
28742,167
28743,37
28744,42
28745,48
28746,34
28747,34
28748,48
28749,34
28750,37
28751,221
28752,44
28753,34
28754,42
28755,48
28756,37
28757,217
28758,167
28759,34
28760,34
28761,87
28762,42
28763,48
28764,34
28765,89
28766,34
28767,48
28768,34
28769,34
28770,34
28771,34
28772,4
28773,71
28774,44
28775,34
28776,48
28777,42
28778,48
28779,34
28780,42
28781,37
28782,48
28783,71
28784,106
28785,48
28786,42
28787,34
28788,170
28789,48
28790,34
28791,48
28792,173
28793,34
28794,81
28795,67
28796,75
28797,42
28798,27
28799,42
28800,34
28801,75
28802,34
28803,34
28804,48
28805,34
28806,42
28807,48
28808,167
28809,48
28810,34
28811,34
28812,48
28813,48
28814,34
28815,76
28816,48
28817,42
28818,75
28819,34
28820,34
28821,170
28822,34
28823,48
28824,173
28825,48
28826,34
28827,48
28828,212
28829,60
28830,34
28831,207
28832,27
28833,28
28834,37
28835,173
28836,75
28837,48
28838,42
28839,34
28840,72
28841,37
28842,76
28843,34
28844,221
28845,48
28846,34
28847,42
28848,34
28849,34
28850,38
28851,131
28852,42
28853,48
28854,75
28855,34
28856,6
28857,48
28858,173
28859,81
28860,91
28861,57
28862,34
28863,44
28864,34
28865,48
28866,34
28867,34
28868,81
28869,92
28870,34
28871,34
28872,29
28873,34
28874,34
28875,42
28876,173
28877,34
28878,48
28879,34
28880,34
28881,76
28882,34
28883,34
28884,48
28885,42
28886,34
28887,217
28888,34
28889,34
28890,48
28891,37
28892,48
28893,72
28894,71
28895,42
28896,44
28897,48
28898,42
28899,34
28900,37
28901,75
28902,34
28903,72
28904,76
28905,71
28906,34
28907,4
28908,34
28909,48
28910,34
28911,173
28912,71
28913,56
28914,34
28915,81
28916,221
28917,167
28918,42
28919,34
28920,42
28921,87
28922,48
28923,34
28924,34
28925,109
28926,34
28927,29
28928,173
28929,42
28930,34
28931,34
28932,34
28933,48
28934,173
28935,48
28936,173
28937,221
28938,42
28939,34
28940,221
28941,34
28942,75
28943,48
28944,81
28945,57
28946,87
28947,34
28948,208
28949,103
28950,159
28951,167
28952,27
28953,54
28954,34
28955,120
28956,221
28957,34
28958,87
28959,72
28960,173
28961,71
28962,109
28963,42
28964,34
28965,48
28966,72
28967,48
28968,48
28969,170
28970,34
28971,81
28972,48
28973,34
28974,13
28975,34
28976,72
28977,48
28978,37
28979,167
28980,34
28981,75
28982,173
28983,71
28984,34
28985,71
28986,34
28987,48
28988,42
28989,167
28990,71
28991,72
28992,48
28993,34
28994,4
28995,159
28996,34
28997,34
28998,105
28999,42
29000,76
29001,34
29002,164
29003,34
29004,34
29005,221
29006,34
29007,48
29008,34
29009,48
29010,44
29011,67
29012,76
29013,34
29014,48
29015,37
29016,42
29017,34
29018,42
29019,75
29020,89
29021,173
29022,48
29023,171
29024,34
29025,48
29026,89
29027,48
29028,34
29029,159
29030,13
29031,34
29032,79
29033,27
29034,34
29035,42
29036,48
29037,76
29038,26
29039,48
29040,48
29041,81
29042,48
29043,217
29044,170
29045,48
29046,34
29047,37
29048,173
29049,34
29050,34
29051,34
29052,37
29053,37
29054,48
29055,81
29056,44
29057,48
29058,87
29059,173
29060,71
29061,171
29062,37
29063,171
29064,34
29065,48
29066,34
29067,42
29068,71
29069,28
29070,71
29071,34
29072,48
29073,34
29074,72
29075,170
29076,48
29077,48
29078,48
29079,44
29080,161
29081,109
29082,44
29083,13
29084,72
29085,87
29086,48
29087,34
29088,34
29089,221
29090,48
29091,34
29092,44
29093,34
29094,72
29095,34
29096,37
29097,48
29098,34
29099,42
29100,34
29101,75
29102,34
29103,71
29104,34
29105,34
29106,48
29107,42
29108,34
29109,209
29110,48
29111,34
29112,37
29113,42
29114,34
29115,37
29116,27
29117,48
29118,34
29119,34
29120,72
29121,34
29122,46
29123,42
29124,34
29125,34
29126,13
29127,81
29128,48
29129,19
29130,4
29131,34
29132,89
29133,37
29134,48
29135,34
29136,108
29137,34
29138,72
29139,34
29140,42
29141,48
29142,26
29143,34
29144,34
29145,34
29146,71
29147,75
29148,75
29149,48
29150,37
29151,75
29152,71
29153,34
29154,71
29155,48
29156,34
29157,48
29158,71
29159,48
29160,170
29161,167
29162,25
29163,81
29164,167
29165,34
29166,72
29167,173
29168,42
29169,34
29170,34
29171,34
29172,44
29173,34
29174,71
29175,34
29176,28
29177,44
29178,34
29179,48
29180,71
29181,183
29182,34
29183,34
29184,81
29185,34
29186,34
29187,34
29188,34
29189,72
29190,34
29191,170
29192,72
29193,34
29194,34
29195,42
29196,76
29197,48
29198,167
29199,48
29200,48
29201,75
29202,13
29203,44
29204,152
29205,29
29206,48
29207,48
29208,34
29209,48
29210,48
29211,48
29212,34
29213,37
29214,171
29215,0
29216,25
29217,173
29218,48
29219,34
29220,211
29221,48
29222,34
29223,71
29224,71
29225,34
29226,34
29227,71
29228,217
29229,212
29230,34
29231,37
29232,173
29233,34
29234,34
29235,81
29236,48
29237,71
29238,48
29239,34
29240,2
29241,81
29242,221
29243,34
29244,42
29245,48
29246,4
29247,42
29248,34
29249,207
29250,48
29251,71
29252,48
29253,109
29254,34
29255,48
29256,221
29257,71
29258,48
29259,4
29260,48
29261,48
29262,81
29263,167
29264,42
29265,37
29266,48
29267,34
29268,44
29269,42
29270,48
29271,44
29272,34
29273,34
29274,48
29275,34
29276,173
29277,48
29278,34
29279,48
29280,42
29281,48
29282,48
29283,34
29284,173
29285,109
29286,42
29287,34
29288,34
29289,42
29290,173
29291,144
29292,34
29293,42
29294,34
29295,48
29296,48
29297,48
29298,34
29299,37
29300,34
29301,48
29302,48
29303,34
29304,48
29305,34
29306,34
29307,4
29308,72
29309,57
29310,48
29311,48
29312,48
29313,34
29314,42
29315,34
29316,34
29317,42
29318,34
29319,81
29320,48
29321,48
29322,34
29323,221
29324,71
29325,34
29326,89
29327,48
29328,173
29329,42
29330,48
29331,34
29332,48
29333,82
29334,82
29335,34
29336,170
29337,75
29338,34
29339,72
29340,4
29341,217
29342,42
29343,34
29344,127
29345,57
29346,207
29347,49
29348,48
29349,72
29350,48
29351,37
29352,206
29353,34
29354,71
29355,48
29356,71
29357,34
29358,48
29359,34
29360,42
29361,217
29362,34
29363,44
29364,34
29365,18
29366,34
29367,34
29368,81
29369,34
29370,48
29371,34
29372,207
29373,34
29374,42
29375,167
29376,217
29377,81
29378,37
29379,75
29380,4
29381,221
29382,48
29383,57
29384,37
29385,34
29386,42
29387,34
29388,34
29389,71
29390,72
29391,44
29392,42
29393,37
29394,34
29395,42
29396,48
29397,34
29398,75
29399,34
29400,34
29401,161
29402,167
29403,34
29404,34
29405,48
29406,48
29407,87
29408,34
29409,34
29410,71
29411,71
29412,34
29413,44
29414,71
29415,34
29416,34
29417,34
29418,37
29419,34
29420,42
29421,48
29422,71
29423,81
29424,48
29425,217
29426,34
29427,42
29428,34
29429,81
29430,48
29431,34
29432,42
29433,34
29434,42
29435,57
29436,105
29437,207
29438,34
29439,34
29440,72
29441,207
29442,71
29443,44
29444,34
29445,82
29446,217
29447,44
29448,71
29449,34
29450,72
29451,42
29452,42
29453,34
29454,44
29455,34
29456,171
29457,170
29458,34
29459,72
29460,48
29461,44
29462,34
29463,71
29464,89
29465,159
29466,4
29467,34
29468,82
29469,48
29470,18
29471,82
29472,34
29473,72
29474,42
29475,48
29476,34
29477,103
29478,81
29479,11
29480,48
29481,34
29482,103
29483,22
29484,76
29485,48
29486,72
29487,42
29488,72
29489,34
29490,48
29491,217
29492,34
29493,34
29494,48
29495,173
29496,37
29497,34
29498,29
29499,48
29500,34
29501,221
29502,34
29503,89
29504,34
29505,72
29506,34
29507,48
29508,76
29509,48
29510,34
29511,34
29512,171
29513,34
29514,37
29515,34
29516,109
29517,34
29518,81
29519,48
29520,34
29521,57
29522,75
29523,34
29524,221
29525,34
29526,71
29527,48
29528,82
29529,34
29530,173
29531,34
29532,34
29533,34
29534,71
29535,173
29536,34
29537,34
29538,89
29539,221
29540,81
29541,75
29542,34
29543,87
29544,34
29545,34
29546,48
29547,34
29548,34
29549,89
29550,34
29551,71
29552,71
29553,34
29554,37
29555,34
29556,48
29557,48
29558,57
29559,71
29560,48
29561,34
29562,75
29563,48
29564,170
29565,34
29566,34
29567,34
29568,48
29569,48
29570,14
29571,221
29572,48
29573,48
29574,34
29575,34
29576,48
29577,48
29578,159
29579,42
29580,42
29581,44
29582,34
29583,71
29584,48
29585,48
29586,48
29587,168
29588,207
29589,89
29590,48
29591,171
29592,48
29593,48
29594,34
29595,109
29596,4
29597,34
29598,48
29599,71
29600,48
29601,34
29602,28
29603,34
29604,173
29605,37
29606,76
29607,34
29608,167
29609,48
29610,42
29611,48
29612,170
29613,34
29614,48
29615,72
29616,204
29617,34
29618,42
29619,34
29620,167
29621,13
29622,34
29623,34
29624,81
29625,89
29626,75
29627,34
29628,48
29629,37
29630,42
29631,72
29632,120
29633,207
29634,34
29635,48
29636,170
29637,37
29638,37
29639,173
29640,34
29641,42
29642,42
29643,48
29644,48
29645,34
29646,34
29647,42
29648,34
29649,4
29650,34
29651,34
29652,48
29653,167
29654,13
29655,71
29656,72
29657,37
29658,13
29659,221
29660,42
29661,48
29662,48
29663,42
29664,34
29665,34
29666,34
29667,71
29668,34
29669,44
29670,34
29671,48
29672,89
29673,72
29674,26
29675,221
29676,34
29677,57
29678,34
29679,34
29680,72
29681,48
29682,109
29683,221
29684,48
29685,48
29686,152
29687,48
29688,34
29689,212
29690,72
29691,4
29692,34
29693,207
29694,34
29695,34
29696,48
29697,34
29698,34
29699,39
29700,196
29701,34
29702,48
29703,158
29704,34
29705,34
29706,34
29707,37
29708,34
29709,44
29710,221
29711,34
29712,34
29713,44
29714,48
29715,48
29716,159
29717,48
29718,5
29719,42
29720,34
29721,48
29722,34
29723,48
29724,34
29725,48
29726,34
29727,42
29728,42
29729,34
29730,48
29731,34
29732,221
29733,48
29734,34
29735,71
29736,27
29737,34
29738,34
29739,71
29740,71
29741,48
29742,48
29743,13
29744,44
29745,75
29746,48
29747,34
29748,48
29749,182
29750,75
29751,71
29752,89
29753,48
29754,82
29755,34
29756,34
29757,89
29758,42
29759,167
29760,44
29761,13
29762,34
29763,82
29764,34
29765,34
29766,26
29767,75
29768,71
29769,34
29770,26
29771,42
29772,81
29773,37
29774,34
29775,48
29776,34
29777,71
29778,34
29779,207
29780,75
29781,34
29782,146
29783,167
29784,221
29785,82
29786,34
29787,167
29788,42
29789,34
29790,48
29791,34
29792,34
29793,89
29794,48
29795,34
29796,18
29797,37
29798,27
29799,34
29800,48
29801,81
29802,42
29803,109
29804,221
29805,34
29806,48
29807,89
29808,42
29809,42
29810,105
29811,48
29812,71
29813,81
29814,42
29815,34
29816,48
29817,82
29818,34
29819,34
29820,34
29821,173
29822,42
29823,170
29824,173
29825,48
29826,42
29827,34
29828,34
29829,18
29830,13
29831,37
29832,48
29833,81
29834,34
29835,34
29836,75
29837,34
29838,4
29839,34
29840,42
29841,2
29842,173
29843,89
29844,34
29845,48
29846,37
29847,34
29848,48
29849,34
29850,48
29851,48
29852,81
29853,34
29854,34
29855,48
29856,48
29857,42
29858,44
29859,34
29860,48
29861,173
29862,75
29863,75
29864,29
29865,87
29866,34
29867,167
29868,44
29869,37
29870,44
29871,221
29872,42
29873,16
29874,42
29875,28
29876,34
29877,34
29878,173
29879,44
29880,34
29881,173
29882,34
29883,48
29884,167
29885,173
29886,71
29887,221
29888,204
29889,221
29890,34
29891,34
29892,71
29893,34
29894,72
29895,34
29896,34
29897,34
29898,48
29899,214
29900,34
29901,217
29902,34
29903,44
29904,213
29905,7
29906,34
29907,48
29908,34
29909,34
29910,48
29911,34
29912,36
29913,44
29914,42
29915,48
29916,48
29917,37
29918,42
29919,42
29920,81
29921,207
29922,42
29923,75
29924,171
29925,34
29926,34
29927,42
29928,89
29929,167
29930,82
29931,34
29932,71
29933,48
29934,48
29935,87
29936,48
29937,34
29938,146
29939,48
29940,81
29941,222
29942,42
29943,204
29944,71
29945,48
29946,217
29947,44
29948,34
29949,72
29950,34
29951,48
29952,48
29953,34
29954,221
29955,48
29956,173
29957,48
29958,48
29959,47
29960,48
29961,48
29962,34
29963,34
29964,37
29965,72
29966,71
29967,72
29968,170
29969,48
29970,71
29971,171
29972,34
29973,42
29974,72
29975,48
29976,48
29977,109
29978,207
29979,207
29980,34
29981,34
29982,42
29983,34
29984,34
29985,34
29986,76
29987,75
29988,71
29989,37
29990,72
29991,34
29992,72
29993,170
29994,105
29995,44
29996,48
29997,48
29998,54
29999,34
30000,48
30001,44
30002,48
30003,207
30004,82
30005,71
30006,48
30007,42
30008,34
30009,48
30010,173
30011,48
30012,48
30013,37
30014,72
30015,48
30016,34
30017,34
30018,34
30019,221
30020,34
30021,48
30022,48
30023,199
30024,89
30025,37
30026,34
30027,34
30028,34
30029,71
30030,34
30031,37
30032,75
30033,34
30034,34
30035,71
30036,81
30037,48
30038,48
30039,34
30040,48
30041,221
30042,34
30043,48
30044,34
30045,71
30046,75
30047,34
30048,48
30049,48
30050,42
30051,34
30052,48
30053,11
30054,42
30055,75
30056,87
30057,71
30058,42
30059,34
30060,48
30061,48
30062,71
30063,34
30064,72
30065,42
30066,72
30067,42
30068,34
30069,34
30070,34
30071,71
30072,48
30073,13
30074,207
30075,48
30076,219
30077,34
30078,170
30079,48
30080,42
30081,34
30082,71
30083,42
30084,72
30085,76
30086,72
30087,167
30088,42
30089,34
30090,48
30091,48
30092,48
30093,34
30094,44
30095,34
30096,48
30097,37
30098,158
30099,48
30100,71
30101,34
30102,207
30103,75
30104,48
30105,71
30106,4
30107,170
30108,34
30109,173
30110,34
30111,207
30112,48
30113,34
30114,173
30115,48
30116,34
30117,159
30118,19
30119,48
30120,34
30121,42
30122,42
30123,44
30124,71
30125,44
30126,48
30127,120
30128,48
30129,34
30130,34
30131,42
30132,34
30133,109
30134,34
30135,34
30136,72
30137,34
30138,18
30139,34
30140,81
30141,13
30142,34
30143,76
30144,34
30145,173
30146,48
30147,170
30148,13
30149,89
30150,172
30151,48
30152,173
30153,48
30154,34
30155,48
30156,37
30157,57
30158,29
30159,34
30160,34
30161,34
30162,71
30163,42
30164,48
30165,48
30166,34
30167,13
30168,220
30169,37
30170,42
30171,48
30172,34
30173,173
30174,34
30175,76
30176,221
30177,48
30178,37
30179,48
30180,72
30181,48
30182,37
30183,34
30184,221
30185,105
30186,48
30187,173
30188,155
30189,34
30190,207
30191,34
30192,34
30193,48
30194,48
30195,42
30196,42
30197,48
30198,37
30199,34
30200,82
30201,131
30202,42
30203,48
30204,34
30205,34
30206,37
30207,48
30208,173
30209,34
30210,34
30211,106
30212,173
30213,48
30214,81
30215,48
30216,42
30217,34
30218,222
30219,44
30220,167
30221,167
30222,34
30223,44
30224,34
30225,34
30226,34
30227,34
30228,28
30229,42
30230,34
30231,42
30232,173
30233,48
30234,42
30235,170
30236,42
30237,34
30238,34
30239,34
30240,42
30241,173
30242,71
30243,75
30244,34
30245,71
30246,44
30247,81
30248,42
30249,48
30250,209
30251,72
30252,34
30253,81
30254,83
30255,42
30256,34
30257,42
30258,48
30259,34
30260,34
30261,48
30262,4
30263,57
30264,173
30265,171
30266,173
30267,48
30268,44
30269,42
30270,48
30271,44
30272,34
30273,42
30274,71
30275,105
30276,119
30277,71
30278,48
30279,173
30280,44
30281,34
30282,34
30283,34
30284,221
30285,48
30286,34
30287,48
30288,48
30289,48
30290,72
30291,34
30292,34
30293,34
30294,34
30295,48
30296,7
30297,34
30298,173
30299,34
30300,167
30301,34
30302,48
30303,19
30304,72
30305,75
30306,34
30307,34
30308,221
30309,48
30310,48
30311,34
30312,48
30313,48
30314,48
30315,34
30316,71
30317,72
30318,48
30319,72
30320,81
30321,42
30322,34
30323,42
30324,81
30325,106
30326,34
30327,34
30328,173
30329,27
30330,44
30331,72
30332,34
30333,71
30334,34
30335,42
30336,48
30337,167
30338,173
30339,81
30340,219
30341,42
30342,48
30343,158
30344,34
30345,48
30346,34
30347,48
30348,34
30349,34
30350,34
30351,34
30352,34
30353,48
30354,42
30355,48
30356,34
30357,82
30358,72
30359,42
30360,75
30361,48
30362,44
30363,48
30364,173
30365,42
30366,34
30367,37
30368,48
30369,34
30370,173
30371,34
30372,55
30373,48
30374,34
30375,48
30376,27
30377,48
30378,120
30379,167
30380,34
30381,34
30382,34
30383,42
30384,34
30385,4
30386,89
30387,42
30388,34
30389,87
30390,34
30391,173
30392,34
30393,76
30394,34
30395,71
30396,44
30397,34
30398,48
30399,71
30400,48
30401,44
30402,34
30403,48
30404,42
30405,196
30406,34
30407,48
30408,37
30409,48
30410,48
30411,34
30412,34
30413,72
30414,34
30415,81
30416,82
30417,158
30418,221
30419,16
30420,37
30421,71
30422,34
30423,34
30424,13
30425,48
30426,48
30427,26
30428,48
30429,207
30430,48
30431,48
30432,37
30433,4
30434,34
30435,48
30436,166
30437,34
30438,34
30439,170
30440,72
30441,34
30442,75
30443,81
30444,34
30445,34
30446,209
30447,34
30448,75
30449,48
30450,34
30451,34
30452,173
30453,34
30454,34
30455,81
30456,75
30457,48
30458,48
30459,171
30460,34
30461,82
30462,34
30463,48
30464,109
30465,42
30466,34
30467,34
30468,76
30469,34
30470,34
30471,173
30472,34
30473,48
30474,221
30475,26
30476,75
30477,37
30478,48
30479,42
30480,13
30481,48
30482,48
30483,170
30484,173
30485,75
30486,42
30487,34
30488,44
30489,81
30490,42
30491,34
30492,34
30493,159
30494,34
30495,42
30496,75
30497,26
30498,44
30499,34
30500,82
30501,75
30502,42
30503,221
30504,34
30505,34
30506,42
30507,72
30508,81
30509,42
30510,34
30511,71
30512,42
30513,48
30514,34
30515,34
30516,42
30517,37
30518,48
30519,75
30520,42
30521,13
30522,44
30523,48
30524,42
30525,34
30526,34
30527,173
30528,217
30529,48
30530,34
30531,148
30532,48
30533,34
30534,48
30535,34
30536,4
30537,76
30538,81
30539,71
30540,34
30541,48
30542,34
30543,173
30544,34
30545,34
30546,34
30547,26
30548,42
30549,48
30550,34
30551,48
30552,37
30553,34
30554,170
30555,42
30556,48
30557,75
30558,34
30559,42
30560,34
30561,48
30562,42
30563,34
30564,67
30565,54
30566,72
30567,34
30568,48
30569,48
30570,44
30571,34
30572,72
30573,173
30574,173
30575,34
30576,48
30577,81
30578,42
30579,48
30580,207
30581,48
30582,29
30583,48
30584,48
30585,34
30586,48
30587,57
30588,75
30589,34
30590,71
30591,34
30592,158
30593,44
30594,48
30595,34
30596,155
30597,170
30598,72
30599,34
30600,167
30601,72
30602,34
30603,34
30604,34
30605,170
30606,34
30607,48
30608,48
30609,34
30610,71
30611,81
30612,71
30613,89
30614,34
30615,173
30616,96
30617,170
30618,42
30619,48
30620,217
30621,221
30622,173
30623,34
30624,71
30625,72
30626,48
30627,71
30628,42
30629,34
30630,48
30631,82
30632,171
30633,34
30634,48
30635,42
30636,34
30637,75
30638,34
30639,57
30640,173
30641,48
30642,34
30643,57
30644,173
30645,34
30646,42
30647,207
30648,75
30649,42
30650,173
30651,34
30652,48
30653,48
30654,173
30655,71
30656,81
30657,34
30658,81
30659,42
30660,48
30661,34
30662,48
30663,48
30664,42
30665,34
30666,42
30667,42
30668,75
30669,72
30670,34
30671,34
30672,22
30673,34
30674,34
30675,34
30676,34
30677,42
30678,48
30679,210
30680,34
30681,34
30682,48
30683,76
30684,48
30685,48
30686,34
30687,71
30688,71
30689,106
30690,81
30691,34
30692,171
30693,48
30694,48
30695,34
30696,28
30697,34
30698,42
30699,42
30700,48
30701,34
30702,48
30703,4
30704,48
30705,48
30706,34
30707,48
30708,48
30709,87
30710,56
30711,34
30712,48
30713,155
30714,167
30715,48
30716,71
30717,173
30718,37
30719,48
30720,207
30721,48
30722,34
30723,48
30724,34
30725,75
30726,48
30727,34
30728,37
30729,42
30730,48
30731,34
30732,109
30733,37
30734,48
30735,221
30736,34
30737,44
30738,173
30739,48
30740,48
30741,44
30742,34
30743,42
30744,22
30745,44
30746,81
30747,34
30748,48
30749,34
30750,34
30751,75
30752,47
30753,34
30754,206
30755,170
30756,48
30757,34
30758,171
30759,48
30760,34
30761,173
30762,48
30763,48
30764,71
30765,34
30766,34
30767,48
30768,37
30769,42
30770,48
30771,48
30772,71
30773,44
30774,177
30775,42
30776,87
30777,4
30778,48
30779,34
30780,207
30781,48
30782,72
30783,48
30784,48
30785,48
30786,34
30787,81
30788,71
30789,42
30790,34
30791,13
30792,44
30793,48
30794,48
30795,167
30796,42
30797,76
30798,34
30799,71
30800,34
30801,48
30802,34
30803,34
30804,48
30805,34
30806,34
30807,71
30808,48
30809,48
30810,34
30811,141
30812,109
30813,34
30814,42
30815,42
30816,13
30817,207
30818,48
30819,37
30820,106
30821,89
30822,34
30823,34
30824,200
30825,34
30826,34
30827,173
30828,48
30829,71
30830,82
30831,34
30832,42
30833,34
30834,221
30835,34
30836,220
30837,42
30838,173
30839,42
30840,44
30841,173
30842,34
30843,34
30844,48
30845,106
30846,48
30847,34
30848,34
30849,45
30850,48
30851,34
30852,48
30853,34
30854,48
30855,48
30856,81
30857,42
30858,34
30859,42
30860,34
30861,167
30862,127
30863,34
30864,48
30865,34
30866,221
30867,34
30868,34
30869,173
30870,131
30871,34
30872,182
30873,42
30874,18
30875,34
30876,34
30877,81
30878,48
30879,34
30880,34
30881,34
30882,48
30883,42
30884,48
30885,71
30886,42
30887,48
30888,48
30889,48
30890,34
30891,13
30892,37
30893,48
30894,34
30895,71
30896,48
30897,34
30898,34
30899,34
30900,34
30901,37
30902,48
30903,34
30904,42
30905,34
30906,13
30907,173
30908,72
30909,81
30910,48
30911,42
30912,34
30913,44
30914,28
30915,71
30916,34
30917,34
30918,34
30919,34
30920,34
30921,48
30922,34
30923,37
30924,173
30925,48
30926,34
30927,71
30928,75
30929,42
30930,48
30931,26
30932,173
30933,34
30934,34
30935,34
30936,34
30937,29
30938,34
30939,37
30940,217
30941,34
30942,39
30943,34
30944,34
30945,173
30946,36
30947,82
30948,34
30949,55
30950,34
30951,81
30952,48
30953,48
30954,34
30955,42
30956,48
30957,81
30958,42
30959,34
30960,71
30961,48
30962,34
30963,34
30964,34
30965,42
30966,34
30967,170
30968,100
30969,34
30970,48
30971,48
30972,34
30973,48
30974,71
30975,170
30976,34
30977,71
30978,37
30979,34
30980,71
30981,42
30982,42
30983,34
30984,72
30985,4
30986,207
30987,34
30988,37
30989,42
30990,34
30991,44
30992,48
30993,221
30994,48
30995,48
30996,217
30997,71
30998,48
30999,173
31000,34
31001,48
31002,48
31003,159
31004,42
31005,48
31006,34
31007,42
31008,173
31009,34
31010,42
31011,26
31012,42
31013,48
31014,71
31015,34
31016,42
31017,42
31018,75
31019,34
31020,48
31021,34
31022,48
31023,48
31024,188
31025,34
31026,221
31027,44
31028,42
31029,167
31030,72
31031,173
31032,34
31033,48
31034,34
31035,48
31036,34
31037,34
31038,48
31039,42
31040,34
31041,81
31042,34
31043,34
31044,48
31045,34
31046,34
31047,13
31048,71
31049,152
31050,34
31051,167
31052,34
31053,221
31054,34
31055,48
31056,104
31057,221
31058,34
31059,48
31060,48
31061,13
31062,34
31063,48
31064,48
31065,76
31066,34
31067,44
31068,34
31069,34
31070,34
31071,34
31072,48
31073,48
31074,34
31075,42
31076,44
31077,34
31078,217
31079,37
31080,48
31081,167
31082,71
31083,34
31084,34
31085,48
31086,42
31087,87
31088,44
31089,82
31090,89
31091,71
31092,34
31093,37
31094,48
31095,48
31096,75
31097,42
31098,207
31099,48
31100,209
31101,75
31102,48
31103,72
31104,42
31105,71
31106,48
31107,34
31108,34
31109,119
31110,217
31111,34
31112,48
31113,34
31114,48
31115,75
31116,37
31117,34
31118,42
31119,183
31120,48
31121,217
31122,48
31123,75
31124,34
31125,48
31126,48
31127,152
31128,34
31129,34
31130,48
31131,48
31132,34
31133,42
31134,34
31135,34
31136,34
31137,48
31138,44
31139,34
31140,34
31141,44
31142,34
31143,34
31144,34
31145,34
31146,42
31147,48
31148,48
31149,34
31150,81
31151,81
31152,48
31153,34
31154,37
31155,48
31156,167
31157,48
31158,34
31159,9
31160,48
31161,34
31162,48
31163,34
31164,37
31165,34
31166,34
31167,48
31168,170
31169,34
31170,34
31171,173
31172,48
31173,34
31174,34
31175,48
31176,34
31177,212
31178,81
31179,42
31180,48
31181,75
31182,7
31183,42
31184,48
31185,42
31186,152
31187,173
31188,170
31189,34
31190,71
31191,44
31192,48
31193,167
31194,48
31195,34
31196,48
31197,48
31198,72
31199,29
31200,48
31201,34
31202,173
31203,34
31204,42
31205,34
31206,34
31207,76
31208,81
31209,170
31210,42
31211,87
31212,34
31213,48
31214,106
31215,48
31216,4
31217,37
31218,34
31219,34
31220,106
31221,173
31222,48
31223,82
31224,34
31225,48
31226,173
31227,105
31228,34
31229,48
31230,48
31231,13
31232,44
31233,71
31234,44
31235,81
31236,34
31237,34
31238,34
31239,34
31240,34
31241,48
31242,72
31243,37
31244,48
31245,82
31246,34
31247,34
31248,71
31249,42
31250,34
31251,58
31252,34
31253,75
31254,42
31255,34
31256,48
31257,81
31258,34
31259,152
31260,167
31261,220
31262,34
31263,34
31264,34
31265,71
31266,106
31267,34
31268,37
31269,48
31270,161
31271,109
31272,4
31273,34
31274,48
31275,167
31276,167
31277,48
31278,34
31279,173
31280,72
31281,44
31282,34
31283,173
31284,75
31285,44
31286,34
31287,72
31288,167
31289,34
31290,48
31291,48
31292,34
31293,42
31294,34
31295,82
31296,159
31297,103
31298,34
31299,34
31300,34
31301,34
31302,89
31303,42
31304,188
31305,34
31306,42
31307,48
31308,34
31309,42
31310,161
31311,48
31312,48
31313,42
31314,37
31315,48
31316,34
31317,34
31318,48
31319,170
31320,105
31321,72
31322,48
31323,170
31324,34
31325,37
31326,44
31327,48
31328,48
31329,48
31330,34
31331,34
31332,42
31333,72
31334,173
31335,71
31336,89
31337,76
31338,44
31339,44
31340,75
31341,37
31342,34
31343,71
31344,71
31345,48
31346,71
31347,89
31348,37
31349,54
31350,48
31351,42
31352,34
31353,29
31354,34
31355,48
31356,48
31357,34
31358,43
31359,170
31360,48
31361,34
31362,48
31363,67
31364,131
31365,76
31366,34
31367,75
31368,34
31369,72
31370,34
31371,48
31372,34
31373,34
31374,48
31375,44
31376,34
31377,34
31378,44
31379,34
31380,42
31381,48
31382,219
31383,48
31384,13
31385,42
31386,34
31387,173
31388,48
31389,48
31390,221
31391,113
31392,75
31393,34
31394,48
31395,106
31396,221
31397,34
31398,221
31399,48
31400,48
31401,13
31402,71
31403,221
31404,71
31405,89
31406,48
31407,34
31408,207
31409,37
31410,48
31411,81
31412,44
31413,34
31414,34
31415,37
31416,42
31417,44
31418,34
31419,42
31420,173
31421,37
31422,48
31423,34
31424,4
31425,48
31426,34
31427,34
31428,173
31429,128
31430,34
31431,48
31432,34
31433,207
31434,167
31435,34
31436,22
31437,44
31438,42
31439,221
31440,167
31441,159
31442,34
31443,42
31444,170
31445,173
31446,48
31447,42
31448,42
31449,81
31450,44
31451,48
31452,44
31453,173
31454,48
31455,34
31456,71
31457,34
31458,34
31459,42
31460,11
31461,37
31462,34
31463,48
31464,71
31465,34
31466,72
31467,34
31468,48
31469,34
31470,42
31471,221
31472,71
31473,48
31474,81
31475,34
31476,221
31477,48
31478,34
31479,34
31480,81
31481,4
31482,48
31483,42
31484,48
31485,81
31486,72
31487,131
31488,48
31489,48
31490,76
31491,37
31492,48
31493,48
31494,167
31495,173
31496,26
31497,34
31498,57
31499,42
31500,167
31501,48
31502,34
31503,48
31504,57
31505,34
31506,48
31507,48
31508,48
31509,34
31510,34
31511,173
31512,170
31513,34
31514,34
31515,34
31516,81
31517,18
31518,167
31519,37
31520,34
31521,106
31522,34
31523,173
31524,27
31525,42
31526,44
31527,34
31528,34
31529,48
31530,34
31531,48
31532,217
31533,37
31534,34
31535,71
31536,44
31537,34
31538,207
31539,37
31540,75
31541,34
31542,173
31543,42
31544,48
31545,34
31546,48
31547,34
31548,44
31549,48
31550,197
31551,34
31552,44
31553,13
31554,29
31555,34
31556,206
31557,42
31558,34
31559,4
31560,42
31561,48
31562,4
31563,42
31564,89
31565,34
31566,48
31567,42
31568,34
31569,48
31570,71
31571,42
31572,11
31573,75
31574,48
31575,42
31576,48
31577,44
31578,34
31579,57
31580,34
31581,71
31582,221
31583,89
31584,34
31585,120
31586,34
31587,212
31588,34
31589,34
31590,71
31591,44
31592,57
31593,37
31594,48
31595,175
31596,34
31597,42
31598,36
31599,48
31600,221
31601,48
31602,212
31603,82
31604,34
31605,159
31606,34
31607,48
31608,42
31609,34
31610,34
31611,27
31612,34
31613,34
31614,81
31615,27
31616,81
31617,34
31618,42
31619,82
31620,48
31621,42
31622,48
31623,34
31624,171
31625,34
31626,127
31627,34
31628,42
31629,48
31630,127
31631,48
31632,72
31633,75
31634,221
31635,34
31636,48
31637,173
31638,48
31639,48
31640,48
31641,44
31642,173
31643,48
31644,81
31645,217
31646,167
31647,75
31648,48
31649,48
31650,171
31651,34
31652,48
31653,34
31654,34
31655,48
31656,37
31657,106
31658,48
31659,71
31660,81
31661,34
31662,4
31663,37
31664,221
31665,48
31666,71
31667,48
31668,34
31669,42
31670,173
31671,34
31672,48
31673,34
31674,42
31675,34
31676,48
31677,71
31678,167
31679,34
31680,34
31681,42
31682,81
31683,13
31684,48
31685,71
31686,173
31687,82
31688,173
31689,48
31690,105
31691,167
31692,133
31693,34
31694,48
31695,124
31696,48
31697,48
31698,34
31699,37
31700,48
31701,48
31702,48
31703,34
31704,48
31705,26
31706,207
31707,71
31708,167
31709,34
31710,48
31711,207
31712,34
31713,48
31714,34
31715,34
31716,34
31717,34
31718,42
31719,48
31720,48
31721,34
31722,72
31723,27
31724,109
31725,82
31726,221
31727,173
31728,34
31729,34
31730,34
31731,34
31732,42
31733,34
31734,19
31735,34
31736,48
31737,48
31738,44
31739,34
31740,48
31741,34
31742,170
31743,42
31744,42
31745,34
31746,34
31747,170
31748,34
31749,34
31750,214
31751,48
31752,75
31753,48
31754,41
31755,34
31756,19
31757,170
31758,48
31759,48
31760,34
31761,87
31762,173
31763,207
31764,42
31765,221
31766,34
31767,34
31768,44
31769,42
31770,170
31771,81
31772,34
31773,34
31774,34
31775,44
31776,48
31777,152
31778,34
31779,222
31780,34
31781,42
31782,48
31783,75
31784,48
31785,48
31786,173
31787,71
31788,48
31789,48
31790,89
31791,34
31792,34
31793,34
31794,34
31795,48
31796,44
31797,48
31798,44
31799,167
31800,71
31801,71
31802,34
31803,34
31804,42
31805,48
31806,48
31807,48
31808,221
31809,48
31810,44
31811,42
31812,4
31813,81
31814,31
31815,48
31816,48
31817,44
31818,34
31819,37
31820,48
31821,42
31822,34
31823,48
31824,221
31825,34
31826,71
31827,34
31828,48
31829,167
31830,48
31831,221
31832,34
31833,34
31834,34
31835,34
31836,34
31837,34
31838,34
31839,34
31840,81
31841,21
31842,34
31843,173
31844,34
31845,173
31846,72
31847,173
31848,173
31849,42
31850,48
31851,48
31852,48
31853,34
31854,48
31855,106
31856,37
31857,34
31858,42
31859,34
31860,42
31861,81
31862,44
31863,48
31864,37
31865,34
31866,34
31867,71
31868,34
31869,42
31870,48
31871,48
31872,44
31873,48
31874,34
31875,42
31876,75
31877,170
31878,48
31879,34
31880,34
31881,221
31882,34
31883,34
31884,48
31885,87
31886,42
31887,106
31888,48
31889,173
31890,71
31891,4
31892,34
31893,44
31894,34
31895,48
31896,81
31897,48
31898,109
31899,48
31900,44
31901,37
31902,34
31903,207
31904,48
31905,34
31906,75
31907,34
31908,48
31909,34
31910,42
31911,48
31912,207
31913,48
31914,48
31915,34
31916,34
31917,34
31918,173
31919,48
31920,71
31921,34
31922,34
31923,48
31924,170
31925,72
31926,72
31927,109
31928,13
31929,7
31930,34
31931,34
31932,34
31933,42
31934,221
31935,48
31936,34
31937,48
31938,72
31939,34
31940,34
31941,34
31942,217
31943,44
31944,170
31945,76
31946,34
31947,167
31948,44
31949,173
31950,81
31951,13
31952,34
31953,34
31954,48
31955,173
31956,71
31957,152
31958,34
31959,34
31960,34
31961,34
31962,34
31963,42
31964,37
31965,207
31966,4
31967,34
31968,34
31969,42
31970,42
31971,170
31972,42
31973,48
31974,152
31975,170
31976,37
31977,48
31978,48
31979,48
31980,37
31981,34
31982,48
31983,27
31984,48
31985,4
31986,42
31987,48
31988,188
31989,81
31990,173
31991,34
31992,34
31993,4
31994,34
31995,42
31996,34
31997,42
31998,34
31999,34
32000,48
32001,159
32002,44
32003,48
32004,48
32005,48
32006,167
32007,42
32008,42
32009,34
32010,207
32011,42
32012,37
32013,89
32014,48
32015,109
32016,34
32017,81
32018,48
32019,27
32020,48
32021,170
32022,221
32023,34
32024,76
32025,34
32026,48
32027,34
32028,13
32029,34
32030,48
32031,48
32032,146
32033,87
32034,34
32035,42
32036,44
32037,171
32038,48
32039,173
32040,87
32041,204
32042,34
32043,48
32044,48
32045,44
32046,42
32047,48
32048,34
32049,48
32050,217
32051,101
32052,71
32053,34
32054,34
32055,108
32056,221
32057,34
32058,42
32059,48
32060,34
32061,48
32062,217
32063,34
32064,72
32065,173
32066,37
32067,167
32068,28
32069,48
32070,42
32071,200
32072,42
32073,34
32074,34
32075,37
32076,42
32077,48
32078,82
32079,34
32080,48
32081,81
32082,48
32083,16
32084,34
32085,103
32086,19
32087,42
32088,89
32089,210
32090,34
32091,42
32092,34
32093,170
32094,42
32095,170
32096,34
32097,42
32098,11
32099,48
32100,71
32101,44
32102,217
32103,48
32104,34
32105,72
32106,34
32107,173
32108,34
32109,81
32110,34
32111,34
32112,34
32113,42
32114,42
32115,89
32116,48
32117,72
32118,171
32119,34
32120,209
32121,81
32122,44
32123,170
32124,42
32125,34
32126,27
32127,71
32128,81
32129,37
32130,44
32131,34
32132,67
32133,34
32134,34
32135,82
32136,48
32137,34
32138,48
32139,34
32140,81
32141,75
32142,34
32143,221
32144,34
32145,170
32146,214
32147,44
32148,42
32149,34
32150,42
32151,173
32152,34
32153,48
32154,34
32155,48
32156,37
32157,42
32158,72
32159,34
32160,34
32161,44
32162,48
32163,48
32164,48
32165,34
32166,44
32167,48
32168,34
32169,207
32170,173
32171,34
32172,48
32173,170
32174,42
32175,37
32176,44
32177,160
32178,37
32179,44
32180,34
32181,42
32182,42
32183,34
32184,42
32185,39
32186,131
32187,170
32188,71
32189,34
32190,167
32191,71
32192,34
32193,34
32194,71
32195,76
32196,48
32197,42
32198,173
32199,76
32200,37
32201,7
32202,34
32203,48
32204,207
32205,171
32206,34
32207,34
32208,34
32209,48
32210,34
32211,48
32212,48
32213,221
32214,54
32215,167
32216,57
32217,37
32218,167
32219,48
32220,81
32221,44
32222,34
32223,48
32224,72
32225,173
32226,34
32227,34
32228,42
32229,48
32230,44
32231,71
32232,34
32233,81
32234,34
32235,196
32236,149
32237,34
32238,204
32239,48
32240,34
32241,57
32242,81
32243,48
32244,18
32245,48
32246,48
32247,34
32248,221
32249,48
32250,34
32251,42
32252,48
32253,34
32254,34
32255,48
32256,72
32257,34
32258,82
32259,44
32260,217
32261,42
32262,34
32263,34
32264,48
32265,82
32266,221
32267,48
32268,173
32269,221
32270,34
32271,81
32272,26
32273,48
32274,71
32275,48
32276,34
32277,221
32278,48
32279,48
32280,34
32281,34
32282,173
32283,34
32284,173
32285,44
32286,42
32287,34
32288,34
32289,170
32290,44
32291,173
32292,34
32293,34
32294,34
32295,48
32296,48
32297,48
32298,170
32299,75
32300,44
32301,44
32302,48
32303,26
32304,48
32305,34
32306,89
32307,221
32308,173
32309,37
32310,54
32311,48
32312,34
32313,34
32314,34
32315,89
32316,21
32317,13
32318,48
32319,34
32320,48
32321,48
32322,173
32323,71
32324,34
32325,81
32326,34
32327,34
32328,34
32329,4
32330,71
32331,34
32332,34
32333,34
32334,48
32335,72
32336,72
32337,13
32338,72
32339,48
32340,173
32341,48
32342,30
32343,173
32344,27
32345,48
32346,34
32347,221
32348,34
32349,34
32350,13
32351,34
32352,44
32353,34
32354,120
32355,34
32356,81
32357,42
32358,44
32359,34
32360,26
32361,71
32362,34
32363,48
32364,144
32365,34
32366,34
32367,57
32368,109
32369,71
32370,222
32371,42
32372,34
32373,48
32374,89
32375,71
32376,82
32377,211
32378,19
32379,81
32380,81
32381,146
32382,71
32383,54
32384,71
32385,81
32386,34
32387,217
32388,57
32389,37
32390,48
32391,42
32392,42
32393,170
32394,34
32395,76
32396,75
32397,34
32398,34
32399,127
32400,34
32401,48
32402,34
32403,71
32404,48
32405,48
32406,37
32407,217
32408,13
32409,173
32410,34
32411,34
32412,34
32413,42
32414,26
32415,34
32416,34
32417,173
32418,173
32419,37
32420,34
32421,7
32422,34
32423,124
32424,71
32425,81
32426,27
32427,37
32428,42
32429,34
32430,34
32431,42
32432,119
32433,42
32434,34
32435,171
32436,48
32437,34
32438,4
32439,34
32440,42
32441,42
32442,48
32443,81
32444,71
32445,221
32446,34
32447,48
32448,72
32449,188
32450,171
32451,159
32452,34
32453,82
32454,171
32455,71
32456,29
32457,81
32458,48
32459,173
32460,34
32461,34
32462,81
32463,34
32464,109
32465,173
32466,42
32467,34
32468,173
32469,34
32470,42
32471,48
32472,48
32473,48
32474,44
32475,42
32476,48
32477,75
32478,4
32479,75
32480,37
32481,82
32482,81
32483,81
32484,57
32485,75
32486,170
32487,16
32488,37
32489,5
32490,34
32491,167
32492,109
32493,48
32494,34
32495,48
32496,27
32497,71
32498,131
32499,72
32500,34
32501,34
32502,48
32503,4
32504,81
32505,34
32506,42
32507,44
32508,159
32509,34
32510,171
32511,81
32512,34
32513,34
32514,48
32515,82
32516,48
32517,34
32518,48
32519,48
32520,42
32521,37
32522,44
32523,34
32524,81
32525,42
32526,42
32527,48
32528,48
32529,37
32530,34
32531,34
32532,48
32533,82
32534,37
32535,34
32536,124
32537,34
32538,44
32539,48
32540,42
32541,75
32542,72
32543,34
32544,72
32545,167
32546,34
32547,34
32548,34
32549,34
32550,167
32551,173
32552,48
32553,34
32554,127
32555,34
32556,48
32557,34
32558,170
32559,48
32560,48
32561,72
32562,42
32563,182
32564,48
32565,87
32566,34
32567,71
32568,34
32569,34
32570,42
32571,34
32572,76
32573,48
32574,167
32575,34
32576,76
32577,34
32578,34
32579,72
32580,34
32581,34
32582,42
32583,48
32584,71
32585,34
32586,82
32587,177
32588,34
32589,158
32590,167
32591,42
32592,34
32593,81
32594,34
32595,34
32596,221
32597,81
32598,42
32599,57
32600,170
32601,72
32602,34
32603,76
32604,71
32605,34
32606,71
32607,34
32608,9
32609,105
32610,34
32611,34
32612,48
32613,41
32614,34
32615,34
32616,89
32617,33
32618,48
32619,89
32620,89
32621,34
32622,48
32623,34
32624,207
32625,34
32626,48
32627,206
32628,34
32629,170
32630,34
32631,34
32632,131
32633,34
32634,48
32635,34
32636,81
32637,75
32638,48
32639,42
32640,42
32641,173
32642,44
32643,34
32644,72
32645,81
32646,48
32647,170
32648,44
32649,42
32650,48
32651,173
32652,34
32653,44
32654,34
32655,57
32656,34
32657,48
32658,34
32659,34
32660,81
32661,34
32662,171
32663,37
32664,34
32665,44
32666,34
32667,34
32668,75
32669,42
32670,34
32671,42
32672,72
32673,221
32674,71
32675,76
32676,37
32677,72
32678,207
32679,34
32680,81
32681,34
32682,42
32683,71
32684,127
32685,173
32686,48
32687,89
32688,173
32689,34
32690,81
32691,42
32692,37
32693,34
32694,57
32695,48
32696,7
32697,34
32698,42
32699,48
32700,34
32701,48
32702,44
32703,72
32704,44
32705,72
32706,34
32707,34
32708,173
32709,34
32710,34
32711,71
32712,48
32713,37
32714,34
32715,48
32716,18
32717,34
32718,42
32719,72
32720,34
32721,75
32722,34
32723,81
32724,71
32725,37
32726,34
32727,48
32728,48
32729,42
32730,34
32731,34
32732,173
32733,48
32734,82
32735,34
32736,48
32737,71
32738,170
32739,48
32740,42
32741,48
32742,48
32743,48
32744,42
32745,34
32746,34
32747,7
32748,127
32749,173
32750,48
32751,44
32752,9
32753,207
32754,81
32755,34
32756,75
32757,48
32758,217
32759,42
32760,34
32761,167
32762,221
32763,75
32764,44
32765,34
32766,221
32767,81
32768,42
32769,34
32770,34
32771,44
32772,34
32773,221
32774,42
32775,34
32776,48
32777,87
32778,34
32779,170
32780,34
32781,48
32782,42
32783,48
32784,48
32785,34
32786,34
32787,26
32788,37
32789,72
32790,34
32791,34
32792,87
32793,81
32794,34
32795,71
32796,42
32797,29
32798,42
32799,173
32800,173
32801,34
32802,87
32803,48
32804,34
32805,81
32806,167
32807,48
32808,48
32809,173
32810,42
32811,34
32812,221
32813,72
32814,42
32815,48
32816,48
32817,120
32818,34
32819,34
32820,123
32821,72
32822,37
32823,119
32824,48
32825,207
32826,34
32827,34
32828,44
32829,44
32830,48
32831,34
32832,48
32833,48
32834,75
32835,48
32836,48
32837,71
32838,34
32839,37
32840,48
32841,42
32842,48
32843,48
32844,13
32845,71
32846,48
32847,34
32848,48
32849,34
32850,48
32851,34
32852,42
32853,34
32854,81
32855,82
32856,170
32857,82
32858,34
32859,159
32860,170
32861,217
32862,81
32863,82
32864,34
32865,67
32866,34
32867,42
32868,42
32869,34
32870,207
32871,34
32872,34
32873,34
32874,18
32875,42
32876,34
32877,34
32878,48
32879,42
32880,48
32881,173
32882,72
32883,71
32884,159
32885,34
32886,34
32887,19
32888,206
32889,34
32890,48
32891,71
32892,34
32893,44
32894,42
32895,34
32896,34
32897,37
32898,221
32899,72
32900,75
32901,72
32902,48
32903,105
32904,48
32905,206
32906,34
32907,76
32908,42
32909,34
32910,75
32911,42
32912,173
32913,37
32914,42
32915,81
32916,42
32917,106
32918,48
32919,34
32920,44
32921,34
32922,72
32923,34
32924,34
32925,34
32926,81
32927,44
32928,34
32929,34
32930,42
32931,34
32932,150
32933,34
32934,48
32935,48
32936,76
32937,81
32938,71
32939,48
32940,173
32941,34
32942,34
32943,173
32944,75
32945,13
32946,76
32947,37
32948,72
32949,26
32950,48
32951,207
32952,44
32953,71
32954,48
32955,76
32956,81
32957,34
32958,89
32959,48
32960,34
32961,48
32962,76
32963,76
32964,34
32965,37
32966,34
32967,34
32968,72
32969,75
32970,34
32971,42
32972,72
32973,72
32974,167
32975,127
32976,34
32977,34
32978,103
32979,48
32980,131
32981,34
32982,34
32983,44
32984,79
32985,34
32986,34
32987,48
32988,81
32989,34
32990,72
32991,34
32992,34
32993,42
32994,48
32995,72
32996,34
32997,48
32998,42
32999,37
33000,34
33001,48
33002,48
33003,48
33004,34
33005,81
33006,13
33007,34
33008,48
33009,48
33010,71
33011,167
33012,158
33013,72
33014,48
33015,37
33016,57
33017,44
33018,131
33019,48
33020,34
33021,221
33022,48
33023,48
33024,71
33025,37
33026,34
33027,34
33028,48
33029,34
33030,76
33031,48
33032,72
33033,34
33034,34
33035,106
33036,42
33037,173
33038,221
33039,48
33040,34
33041,44
33042,48
33043,48
33044,82
33045,29
33046,72
33047,42
33048,54
33049,87
33050,48
33051,82
33052,48
33053,48
33054,48
33055,37
33056,34
33057,42
33058,34
33059,34
33060,34
33061,34
33062,42
33063,48
33064,48
33065,221
33066,72
33067,34
33068,72
33069,48
33070,48
33071,34
33072,127
33073,34
33074,34
33075,34
33076,37
33077,34
33078,34
33079,81
33080,34
33081,34
33082,204
33083,37
33084,34
33085,72
33086,48
33087,82
33088,21
33089,37
33090,48
33091,71
33092,34
33093,37
33094,34
33095,106
33096,34
33097,34
33098,48
33099,81
33100,167
33101,42
33102,37
33103,48
33104,48
33105,34
33106,48
33107,48
33108,34
33109,48
33110,48
33111,37
33112,173
33113,4
33114,42
33115,48
33116,48
33117,34
33118,34
33119,106
33120,34
33121,34
33122,81
33123,48
33124,26
33125,34
33126,20
33127,34
33128,221
33129,167
33130,81
33131,48
33132,34
33133,34
33134,34
33135,173
33136,81
33137,34
33138,71
33139,81
33140,173
33141,34
33142,28
33143,48
33144,171
33145,119
33146,42
33147,48
33148,48
33149,48
33150,167
33151,171
33152,34
33153,37
33154,34
33155,48
33156,44
33157,34
33158,173
33159,34
33160,221
33161,48
33162,34
33163,37
33164,221
33165,34
33166,48
33167,42
33168,34
33169,37
33170,27
33171,75
33172,44
33173,48
33174,42
33175,34
33176,34
33177,34
33178,37
33179,75
33180,34
33181,48
33182,34
33183,34
33184,171
33185,48
33186,221
33187,37
33188,44
33189,48
33190,75
33191,34
33192,34
33193,72
33194,72
33195,72
33196,48
33197,34
33198,173
33199,71
33200,34
33201,72
33202,48
33203,48
33204,82
33205,173
33206,71
33207,44
33208,42
33209,221
33210,48
33211,34
33212,124
33213,34
33214,152
33215,57
33216,27
33217,87
33218,81
33219,72
33220,34
33221,167
33222,42
33223,167
33224,4
33225,143
33226,34
33227,34
33228,76
33229,34
33230,42
33231,48
33232,173
33233,37
33234,34
33235,72
33236,146
33237,147
33238,48
33239,34
33240,71
33241,42
33242,42
33243,37
33244,54
33245,48
33246,72
33247,34
33248,34
33249,221
33250,48
33251,71
33252,44
33253,18
33254,44
33255,48
33256,34
33257,87
33258,173
33259,27
33260,48
33261,42
33262,171
33263,48
33264,106
33265,82
33266,48
33267,34
33268,34
33269,34
33270,173
33271,7
33272,217
33273,42
33274,48
33275,48
33276,119
33277,34
33278,173
33279,34
33280,34
33281,34
33282,81
33283,42
33284,48
33285,34
33286,42
33287,81
33288,48
33289,34
33290,44
33291,44
33292,89
33293,173
33294,34
33295,44
33296,106
33297,34
33298,42
33299,38
33300,27
33301,170
33302,76
33303,34
33304,34
33305,34
33306,34
33307,34
33308,21
33309,34
33310,48
33311,87
33312,205
33313,167
33314,42
33315,173
33316,81
33317,34
33318,37
33319,89
33320,48
33321,173
33322,48
33323,167
33324,221
33325,81
33326,81
33327,48
33328,18
33329,26
33330,48
33331,207
33332,48
33333,48
33334,173
33335,34
33336,212
33337,34
33338,42
33339,34
33340,207
33341,34
33342,42
33343,44
33344,42
33345,34
33346,34
33347,34
33348,34
33349,48
33350,109
33351,48
33352,44
33353,48
33354,221
33355,34
33356,34
33357,173
33358,34
33359,167
33360,45
33361,34
33362,48
33363,34
33364,81
33365,48
33366,42
33367,42
33368,89
33369,56
33370,72
33371,221
33372,0
33373,81
33374,48
33375,34
33376,48
33377,34
33378,34
33379,34
33380,34
33381,37
33382,204
33383,171
33384,87
33385,34
33386,48
33387,48
33388,34
33389,71
33390,48
33391,13
33392,18
33393,42
33394,34
33395,48
33396,48
33397,48
33398,48
33399,219
33400,76
33401,48
33402,34
33403,72
33404,34
33405,81
33406,48
33407,34
33408,34
33409,48
33410,173
33411,42
33412,173
33413,170
33414,173
33415,48
33416,81
33417,34
33418,48
33419,179
33420,103
33421,37
33422,34
33423,221
33424,22
33425,34
33426,34
33427,173
33428,159
33429,34
33430,81
33431,170
33432,48
33433,34
33434,72
33435,34
33436,34
33437,44
33438,72
33439,44
33440,34
33441,34
33442,37
33443,48
33444,173
33445,173
33446,48
33447,106
33448,48
33449,42
33450,34
33451,48
33452,34
33453,89
33454,103
33455,34
33456,34
33457,42
33458,81
33459,34
33460,42
33461,13
33462,34
33463,34
33464,48
33465,75
33466,34
33467,34
33468,149
33469,173
33470,221
33471,71
33472,34
33473,48
33474,72
33475,48
33476,48
33477,42
33478,48
33479,42
33480,54
33481,34
33482,34
33483,71
33484,42
33485,217
33486,11
33487,48
33488,81
33489,34
33490,34
33491,13
33492,42
33493,42
33494,34
33495,26
33496,58
33497,71
33498,72
33499,34
33500,48
33501,37
33502,72
33503,34
33504,158
33505,34
33506,71
33507,48
33508,48
33509,34
33510,48
33511,170
33512,42
33513,48
33514,170
33515,48
33516,75
33517,34
33518,72
33519,167
33520,167
33521,34
33522,34
33523,57
33524,217
33525,170
33526,71
33527,34
33528,42
33529,34
33530,119
33531,173
33532,34
33533,75
33534,48
33535,37
33536,42
33537,48
33538,167
33539,29
33540,42
33541,76
33542,34
33543,127
33544,44
33545,42
33546,48
33547,42
33548,34
33549,48
33550,81
33551,71
33552,34
33553,34
33554,72
33555,72
33556,34
33557,48
33558,38
33559,48
33560,22
33561,48
33562,37
33563,34
33564,37
33565,48
33566,72
33567,48
33568,48
33569,48
33570,48
33571,34
33572,48
33573,34
33574,42
33575,42
33576,42
33577,34
33578,34
33579,44
33580,173
33581,34
33582,48
33583,42
33584,48
33585,48
33586,37
33587,35
33588,37
33589,44
33590,48
33591,221
33592,42
33593,81
33594,42
33595,34
33596,161
33597,42
33598,82
33599,34
33600,42
33601,48
33602,42
33603,34
33604,76
33605,48
33606,34
33607,46
33608,42
33609,48
33610,170
33611,48
33612,48
33613,48
33614,42
33615,34
33616,48
33617,46
33618,217
33619,202
33620,173
33621,37
33622,34
33623,34
33624,48
33625,87
33626,71
33627,34
33628,37
33629,106
33630,48
33631,48
33632,34
33633,217
33634,48
33635,173
33636,44
33637,34
33638,29
33639,48
33640,72
33641,48
33642,71
33643,221
33644,48
33645,34
33646,34
33647,37
33648,34
33649,34
33650,44
33651,72
33652,167
33653,37
33654,34
33655,36
33656,217
33657,27
33658,44
33659,48
33660,34
33661,34
33662,34
33663,71
33664,34
33665,71
33666,34
33667,34
33668,72
33669,71
33670,71
33671,48
33672,34
33673,34
33674,48
33675,34
33676,81
33677,71
33678,173
33679,82
33680,34
33681,160
33682,81
33683,75
33684,48
33685,57
33686,48
33687,34
33688,34
33689,221
33690,42
33691,42
33692,120
33693,72
33694,34
33695,34
33696,42
33697,42
33698,42
33699,168
33700,48
33701,173
33702,48
33703,170
33704,48
33705,109
33706,4
33707,48
33708,37
33709,71
33710,37
33711,34
33712,48
33713,34
33714,171
33715,173
33716,48
33717,34
33718,72
33719,34
33720,173
33721,71
33722,44
33723,34
33724,75
33725,48
33726,37
33727,34
33728,48
33729,71
33730,4
33731,34
33732,34
33733,216
33734,34
33735,34
33736,48
33737,75
33738,217
33739,34
33740,34
33741,48
33742,34
33743,34
33744,34
33745,34
33746,34
33747,48
33748,27
33749,34
33750,173
33751,48
33752,34
33753,42
33754,34
33755,48
33756,34
33757,48
33758,89
33759,103
33760,44
33761,81
33762,221
33763,42
33764,42
33765,34
33766,71
33767,221
33768,34
33769,173
33770,173
33771,34
33772,81
33773,96
33774,42
33775,34
33776,18
33777,48
33778,48
33779,34
33780,34
33781,173
33782,34
33783,48
33784,48
33785,44
33786,71
33787,105
33788,34
33789,167
33790,34
33791,48
33792,205
33793,34
33794,42
33795,37
33796,34
33797,81
33798,42
33799,48
33800,37
33801,34
33802,34
33803,34
33804,34
33805,27
33806,48
33807,34
33808,48
33809,42
33810,34
33811,34
33812,76
33813,72
33814,48
33815,42
33816,48
33817,37
33818,13
33819,173
33820,173
33821,34
33822,48
33823,34
33824,22
33825,34
33826,81
33827,173
33828,48
33829,48
33830,173
33831,42
33832,37
33833,34
33834,34
33835,173
33836,71
33837,34
33838,167
33839,167
33840,48
33841,48
33842,42
33843,48
33844,48
33845,34
33846,37
33847,34
33848,34
33849,34
33850,34
33851,42
33852,71
33853,48
33854,34
33855,87
33856,34
33857,48
33858,34
33859,60
33860,34
33861,48
33862,34
33863,48
33864,81
33865,37
33866,42
33867,82
33868,48
33869,48
33870,48
33871,48
33872,48
33873,42
33874,48
33875,42
33876,71
33877,48
33878,34
33879,72
33880,48
33881,109
33882,34
33883,44
33884,26
33885,42
33886,221
33887,42
33888,72
33889,34
33890,34
33891,37
33892,48
33893,71
33894,34
33895,13
33896,34
33897,42
33898,207
33899,34
33900,34
33901,48
33902,71
33903,42
33904,204
33905,48
33906,13
33907,34
33908,37
33909,34
33910,173
33911,173
33912,34
33913,34
33914,44
33915,37
33916,34
33917,48
33918,48
33919,71
33920,173
33921,167
33922,37
33923,42
33924,34
33925,48
33926,48
33927,44
33928,42
33929,71
33930,42
33931,37
33932,48
33933,34
33934,34
33935,89
33936,4
33937,37
33938,72
33939,48
33940,13
33941,221
33942,34
33943,81
33944,34
33945,34
33946,44
33947,160
33948,71
33949,34
33950,34
33951,48
33952,44
33953,48
33954,81
33955,34
33956,171
33957,34
33958,34
33959,207
33960,34
33961,167
33962,34
33963,48
33964,44
33965,34
33966,48
33967,34
33968,34
33969,13
33970,48
33971,34
33972,57
33973,34
33974,34
33975,42
33976,155
33977,42
33978,34
33979,34
33980,89
33981,72
33982,34
33983,217
33984,42
33985,44
33986,34
33987,48
33988,34
33989,34
33990,89
33991,72
33992,34
33993,42
33994,37
33995,34
33996,171
33997,159
33998,162
33999,34
34000,42
34001,71
34002,48
34003,48
34004,207
34005,214
34006,81
34007,71
34008,44
34009,37
34010,48
34011,34
34012,34
34013,34
34014,71
34015,48
34016,48
34017,34
34018,34
34019,82
34020,34
34021,48
34022,170
34023,34
34024,171
34025,173
34026,72
34027,48
34028,207
34029,170
34030,48
34031,71
34032,71
34033,48
34034,173
34035,48
34036,34
34037,44
34038,34
34039,48
34040,48
34041,81
34042,37
34043,34
34044,76
34045,44
34046,34
34047,34
34048,72
34049,34
34050,89
34051,48
34052,109
34053,34
34054,34
34055,34
34056,34
34057,48
34058,48
34059,34
34060,72
34061,72
34062,34
34063,170
34064,34
34065,72
34066,42
34067,42
34068,48
34069,34
34070,48
34071,34
34072,34
34073,48
34074,34
34075,173
34076,37
34077,72
34078,34
34079,48
34080,34
34081,222
34082,48
34083,48
34084,37
34085,48
34086,71
34087,81
34088,76
34089,71
34090,48
34091,48
34092,79
34093,48
34094,34
34095,42
34096,57
34097,71
34098,131
34099,48
34100,34
34101,34
34102,48
34103,34
34104,44
34105,44
34106,108
34107,48
34108,34
34109,44
34110,173
34111,207
34112,89
34113,82
34114,119
34115,167
34116,72
34117,48
34118,48
34119,34
34120,143
34121,44
34122,173
34123,34
34124,34
34125,42
34126,81
34127,48
34128,4
34129,75
34130,34
34131,48
34132,34
34133,34
34134,48
34135,34
34136,34
34137,34
34138,71
34139,72
34140,44
34141,34
34142,34
34143,48
34144,173
34145,42
34146,48
34147,34
34148,48
34149,48
34150,34
34151,71
34152,48
34153,48
34154,34
34155,34
34156,42
34157,81
34158,173
34159,42
34160,48
34161,48
34162,81
34163,48
34164,37
34165,34
34166,48
34167,4
34168,109
34169,34
34170,75
34171,71
34172,82
34173,42
34174,48
34175,48
34176,217
34177,48
34178,46
34179,89
34180,221
34181,34
34182,48
34183,160
34184,48
34185,34
34186,44
34187,48
34188,204
34189,72
34190,75
34191,48
34192,81
34193,173
34194,71
34195,221
34196,48
34197,72
34198,48
34199,34
34200,37
34201,34
34202,34
34203,42
34204,173
34205,199
34206,34
34207,81
34208,48
34209,87
34210,48
34211,48
34212,81
34213,34
34214,42
34215,34
34216,34
34217,48
34218,48
34219,173
34220,34
34221,72
34222,42
34223,48
34224,34
34225,44
34226,48
34227,48
34228,127
34229,34
34230,34
34231,42
34232,44
34233,48
34234,34
34235,34
34236,34
34237,71
34238,48
34239,44
34240,173
34241,42
34242,48
34243,34
34244,82
34245,34
34246,34
34247,48
34248,87
34249,42
34250,221
34251,42
34252,34
34253,75
34254,48
34255,34
34256,220
34257,34
34258,34
34259,34
34260,75
34261,159
34262,56
34263,48
34264,167
34265,4
34266,42
34267,71
34268,34
34269,48
34270,34
34271,26
34272,13
34273,44
34274,71
34275,34
34276,82
34277,34
34278,42
34279,48
34280,44
34281,143
34282,173
34283,34
34284,173
34285,4
34286,4
34287,37
34288,34
34289,171
34290,48
34291,75
34292,34
34293,34
34294,34
34295,89
34296,42
34297,26
34298,87
34299,42
34300,37
34301,71
34302,48
34303,34
34304,72
34305,75
34306,72
34307,81
34308,16
34309,48
34310,34
34311,34
34312,34
34313,173
34314,170
34315,48
34316,42
34317,173
34318,48
34319,173
34320,34
34321,37
34322,173
34323,4
34324,34
34325,48
34326,34
34327,75
34328,34
34329,42
34330,4
34331,48
34332,26
34333,34
34334,42
34335,34
34336,71
34337,44
34338,214
34339,26
34340,72
34341,75
34342,34
34343,34
34344,42
34345,76
34346,207
34347,48
34348,34
34349,34
34350,48
34351,48
34352,71
34353,44
34354,44
34355,127
34356,221
34357,42
34358,167
34359,71
34360,81
34361,207
34362,71
34363,57
34364,34
34365,42
34366,75
34367,48
34368,34
34369,48
34370,48
34371,76
34372,81
34373,71
34374,8
34375,34
34376,221
34377,48
34378,48
34379,34
34380,48
34381,44
34382,34
34383,34
34384,75
34385,13
34386,72
34387,120
34388,34
34389,34
34390,103
34391,42
34392,34
34393,71
34394,42
34395,72
34396,173
34397,34
34398,201
34399,38
34400,44
34401,48
34402,72
34403,42
34404,48
34405,34
34406,48
34407,48
34408,48
34409,72
34410,54
34411,54
34412,82
34413,42
34414,48
34415,48
34416,217
34417,42
34418,72
34419,48
34420,34
34421,81
34422,34
34423,82
34424,48
34425,34
34426,71
34427,34
34428,34
34429,42
34430,34
34431,37
34432,82
34433,42
34434,34
34435,76
34436,71
34437,48
34438,34
34439,71
34440,221
34441,170
34442,57
34443,34
34444,13
34445,42
34446,34
34447,48
34448,48
34449,34
34450,167
34451,57
34452,171
34453,127
34454,37
34455,48
34456,152
34457,42
34458,75
34459,42
34460,152
34461,26
34462,48
34463,34
34464,221
34465,34
34466,42
34467,48
34468,44
34469,34
34470,48
34471,72
34472,48
34473,48
34474,200
34475,173
34476,21
34477,34
34478,89
34479,34
34480,34
34481,44
34482,75
34483,44
34484,34
34485,34
34486,34
34487,42
34488,42
34489,72
34490,34
34491,48
34492,75
34493,167
34494,37
34495,44
34496,167
34497,34
34498,13
34499,72
34500,34
34501,34
34502,42
34503,34
34504,34
34505,34
34506,210
34507,72
34508,75
34509,214
34510,34
34511,170
34512,48
34513,34
34514,219
34515,42
34516,81
34517,72
34518,48
34519,170
34520,75
34521,72
34522,44
34523,48
34524,34
34525,34
34526,42
34527,48
34528,44
34529,48
34530,34
34531,34
34532,34
34533,48
34534,48
34535,37
34536,34
34537,42
34538,81
34539,34
34540,34
34541,105
34542,82
34543,75
34544,27
34545,81
34546,48
34547,34
34548,37
34549,71
34550,48
34551,48
34552,48
34553,34
34554,89
34555,48
34556,26
34557,71
34558,57
34559,34
34560,48
34561,37
34562,34
34563,217
34564,48
34565,42
34566,34
34567,34
34568,34
34569,42
34570,75
34571,42
34572,48
34573,48
34574,100
34575,34
34576,37
34577,34
34578,82
34579,48
34580,34
34581,48
34582,109
34583,37
34584,57
34585,34
34586,34
34587,34
34588,75
34589,6
34590,34
34591,42
34592,48
34593,13
34594,221
34595,48
34596,44
34597,42
34598,43
34599,34
34600,48
34601,48
34602,34
34603,87
34604,42
34605,87
34606,48
34607,42
34608,48
34609,48
34610,48
34611,34
34612,34
34613,42
34614,48
34615,207
34616,204
34617,54
34618,173
34619,42
34620,42
34621,44
34622,87
34623,48
34624,34
34625,34
34626,34
34627,48
34628,34
34629,48
34630,34
34631,87
34632,42
34633,48
34634,48
34635,42
34636,42
34637,34
34638,48
34639,34
34640,72
34641,221
34642,34
34643,170
34644,34
34645,48
34646,57
34647,171
34648,72
34649,170
34650,76
34651,34
34652,42
34653,34
34654,34
34655,173
34656,34
34657,221
34658,48
34659,81
34660,48
34661,29
34662,34
34663,34
34664,71
34665,204
34666,34
34667,37
34668,48
34669,34
34670,42
34671,173
34672,42
34673,29
34674,42
34675,72
34676,48
34677,72
34678,207
34679,170
34680,34
34681,34
34682,171
34683,42
34684,48
34685,42
34686,34
34687,48
34688,34
34689,48
34690,34
34691,221
34692,127
34693,34
34694,34
34695,81
34696,81
34697,87
34698,48
34699,3
34700,48
34701,34
34702,44
34703,34
34704,34
34705,34
34706,34
34707,34
34708,48
34709,81
34710,44
34711,42
34712,173
34713,170
34714,155
34715,154
34716,34
34717,34
34718,42
34719,42
34720,48
34721,48
34722,89
34723,48
34724,34
34725,71
34726,82
34727,34
34728,34
34729,171
34730,34
34731,48
34732,34
34733,48
34734,34
34735,34
34736,82
34737,71
34738,44
34739,34
34740,48
34741,81
34742,48
34743,37
34744,37
34745,48
34746,42
34747,34
34748,81
34749,217
34750,71
34751,173
34752,42
34753,34
34754,34
34755,4
34756,42
34757,42
34758,71
34759,34
34760,48
34761,37
34762,44
34763,34
34764,76
34765,34
34766,34
34767,34
34768,71
34769,167
34770,42
34771,34
34772,34
34773,221
34774,75
34775,34
34776,205
34777,221
34778,34
34779,34
34780,183
34781,34
34782,72
34783,34
34784,34
34785,221
34786,44
34787,42
34788,161
34789,48
34790,34
34791,34
34792,182
34793,34
34794,78
34795,34
34796,75
34797,34
34798,48
34799,56
34800,37
34801,48
34802,42
34803,87
34804,37
34805,26
34806,37
34807,34
34808,34
34809,81
34810,34
34811,37
34812,199
34813,72
34814,48
34815,48
34816,48
34817,48
34818,173
34819,37
34820,221
34821,34
34822,159
34823,34
34824,48
34825,42
34826,44
34827,34
34828,26
34829,71
34830,42
34831,167
34832,13
34833,221
34834,37
34835,4
34836,48
34837,72
34838,34
34839,34
34840,13
34841,34
34842,48
34843,34
34844,81
34845,34
34846,177
34847,170
34848,170
34849,173
34850,48
34851,42
34852,42
34853,34
34854,34
34855,34
34856,89
34857,34
34858,42
34859,87
34860,4
34861,48
34862,34
34863,72
34864,131
34865,34
34866,81
34867,170
34868,159
34869,217
34870,42
34871,167
34872,75
34873,34
34874,48
34875,48
34876,81
34877,34
34878,221
34879,48
34880,71
34881,37
34882,173
34883,173
34884,34
34885,34
34886,34
34887,72
34888,71
34889,167
34890,71
34891,42
34892,34
34893,72
34894,217
34895,42
34896,48
34897,13
34898,34
34899,82
34900,221
34901,173
34902,42
34903,37
34904,34
34905,44
34906,34
34907,82
34908,48
34909,221
34910,34
34911,34
34912,42
34913,34
34914,28
34915,37
34916,48
34917,152
34918,48
34919,34
34920,34
34921,48
34922,37
34923,57
34924,48
34925,42
34926,5
34927,34
34928,221
34929,48
34930,48
34931,42
34932,34
34933,37
34934,82
34935,29
34936,34
34937,34
34938,35
34939,34
34940,42
34941,26
34942,26
34943,34
34944,72
34945,48
34946,27
34947,48
34948,81
34949,82
34950,34
34951,173
34952,48
34953,221
34954,71
34955,119
34956,34
34957,109
34958,71
34959,37
34960,34
34961,48
34962,34
34963,82
34964,71
34965,48
34966,48
34967,108
34968,34
34969,34
34970,18
34971,48
34972,37
34973,48
34974,42
34975,81
34976,207
34977,34
34978,34
34979,44
34980,48
34981,183
34982,87
34983,71
34984,42
34985,34
34986,34
34987,48
34988,221
34989,48
34990,34
34991,87
34992,48
34993,13
34994,48
34995,34
34996,34
34997,89
34998,37
34999,221
35000,48
35001,159
35002,42
35003,34
35004,34
35005,48
35006,42
35007,34
35008,204
35009,48
35010,48
35011,170
35012,48
35013,48
35014,48
35015,34
35016,57
35017,131
35018,81
35019,48
35020,34
35021,173
35022,34
35023,72
35024,44
35025,173
35026,34
35027,221
35028,34
35029,81
35030,34
35031,34
35032,34
35033,221
35034,81
35035,37
35036,207
35037,173
35038,34
35039,167
35040,72
35041,89
35042,106
35043,34
35044,71
35045,82
35046,34
35047,34
35048,34
35049,19
35050,75
35051,44
35052,34
35053,48
35054,48
35055,34
35056,173
35057,48
35058,48
35059,109
35060,207
35061,48
35062,54
35063,48
35064,48
35065,42
35066,34
35067,34
35068,11
35069,48
35070,34
35071,159
35072,42
35073,48
35074,152
35075,48
35076,48
35077,38
35078,42
35079,34
35080,34
35081,34
35082,167
35083,34
35084,34
35085,48
35086,170
35087,207
35088,48
35089,34
35090,34
35091,34
35092,48
35093,48
35094,48
35095,48
35096,42
35097,48
35098,71
35099,34
35100,171
35101,44
35102,81
35103,48
35104,42
35105,34
35106,42
35107,57
35108,87
35109,34
35110,48
35111,171
35112,71
35113,34
35114,34
35115,48
35116,75
35117,72
35118,48
35119,48
35120,34
35121,34
35122,75
35123,71
35124,42
35125,71
35126,48
35127,48
35128,34
35129,34
35130,48
35131,34
35132,207
35133,75
35134,89
35135,42
35136,44
35137,217
35138,37
35139,34
35140,167
35141,34
35142,44
35143,44
35144,34
35145,42
35146,48
35147,221
35148,34
35149,76
35150,71
35151,34
35152,34
35153,34
35154,34
35155,34
35156,37
35157,48
35158,89
35159,167
35160,34
35161,4
35162,71
35163,11
35164,48
35165,34
35166,44
35167,42
35168,42
35169,44
35170,34
35171,76
35172,48
35173,48
35174,34
35175,48
35176,173
35177,167
35178,37
35179,4
35180,182
35181,48
35182,34
35183,81
35184,34
35185,173
35186,173
35187,207
35188,44
35189,34
35190,76
35191,34
35192,48
35193,48
35194,71
35195,82
35196,34
35197,34
35198,44
35199,34
35200,34
35201,48
35202,48
35203,82
35204,48
35205,48
35206,173
35207,173
35208,34
35209,221
35210,72
35211,48
35212,34
35213,217
35214,173
35215,221
35216,34
35217,42
35218,37
35219,207
35220,221
35221,48
35222,170
35223,34
35224,75
35225,34
35226,221
35227,48
35228,205
35229,48
35230,48
35231,202
35232,34
35233,34
35234,42
35235,44
35236,81
35237,34
35238,48
35239,34
35240,167
35241,34
35242,34
35243,71
35244,48
35245,48
35246,198
35247,34
35248,42
35249,72
35250,34
35251,167
35252,34
35253,71
35254,82
35255,72
35256,48
35257,48
35258,173
35259,4
35260,209
35261,173
35262,48
35263,34
35264,34
35265,173
35266,72
35267,221
35268,167
35269,170
35270,34
35271,34
35272,71
35273,44
35274,48
35275,37
35276,72
35277,34
35278,34
35279,89
35280,81
35281,48
35282,48
35283,81
35284,34
35285,34
35286,81
35287,48
35288,37
35289,71
35290,48
35291,152
35292,48
35293,71
35294,34
35295,72
35296,44
35297,76
35298,48
35299,48
35300,48
35301,34
35302,48
35303,42
35304,34
35305,42
35306,34
35307,42
35308,170
35309,34
35310,219
35311,81
35312,34
35313,34
35314,34
35315,48
35316,48
35317,71
35318,72
35319,34
35320,170
35321,34
35322,48
35323,34
35324,34
35325,44
35326,72
35327,48
35328,167
35329,34
35330,48
35331,34
35332,48
35333,48
35334,109
35335,34
35336,42
35337,203
35338,173
35339,34
35340,48
35341,34
35342,34
35343,34
35344,72
35345,42
35346,170
35347,34
35348,155
35349,72
35350,34
35351,34
35352,34
35353,34
35354,48
35355,42
35356,48
35357,42
35358,48
35359,81
35360,34
35361,81
35362,75
35363,34
35364,34
35365,37
35366,48
35367,71
35368,34
35369,71
35370,48
35371,48
35372,75
35373,71
35374,87
35375,173
35376,48
35377,34
35378,48
35379,34
35380,220
35381,72
35382,79
35383,34
35384,34
35385,167
35386,89
35387,29
35388,173
35389,36
35390,48
35391,48
35392,221
35393,34
35394,220
35395,42
35396,42
35397,42
35398,72
35399,34
35400,81
35401,103
35402,34
35403,34
35404,34
35405,75
35406,37
35407,44
35408,72
35409,34
35410,96
35411,166
35412,42
35413,34
35414,34
35415,171
35416,37
35417,44
35418,167
35419,71
35420,48
35421,173
35422,48
35423,56
35424,89
35425,127
35426,42
35427,44
35428,167
35429,34
35430,34
35431,48
35432,37
35433,48
35434,34
35435,71
35436,173
35437,87
35438,75
35439,34
35440,167
35441,207
35442,48
35443,48
35444,167
35445,34
35446,34
35447,34
35448,144
35449,34
35450,34
35451,48
35452,173
35453,81
35454,71
35455,42
35456,34
35457,34
35458,34
35459,75
35460,34
35461,173
35462,34
35463,48
35464,34
35465,34
35466,173
35467,48
35468,34
35469,87
35470,48
35471,173
35472,76
35473,48
35474,34
35475,34
35476,87
35477,48
35478,82
35479,34
35480,42
35481,27
35482,48
35483,42
35484,34
35485,34
35486,34
35487,82
35488,34
35489,81
35490,72
35491,48
35492,72
35493,48
35494,89
35495,42
35496,48
35497,34
35498,42
35499,173
35500,48
35501,48
35502,34
35503,34
35504,81
35505,34
35506,42
35507,71
35508,76
35509,42
35510,34
35511,34
35512,34
35513,34
35514,207
35515,108
35516,48
35517,123
35518,48
35519,72
35520,48
35521,42
35522,48
35523,34
35524,34
35525,34
35526,42
35527,87
35528,48
35529,34
35530,34
35531,42
35532,34
35533,27
35534,109
35535,81
35536,34
35537,42
35538,48
35539,48
35540,173
35541,48
35542,48
35543,72
35544,106
35545,37
35546,82
35547,48
35548,167
35549,4
35550,44
35551,71
35552,34
35553,221
35554,4
35555,34
35556,48
35557,34
35558,48
35559,72
35560,42
35561,48
35562,48
35563,42
35564,48
35565,42
35566,34
35567,34
35568,57
35569,71
35570,34
35571,44
35572,34
35573,34
35574,34
35575,34
35576,48
35577,42
35578,48
35579,221
35580,48
35581,89
35582,152
35583,34
35584,48
35585,48
35586,48
35587,42
35588,34
35589,103
35590,34
35591,42
35592,48
35593,48
35594,75
35595,44
35596,48
35597,89
35598,42
35599,48
35600,42
35601,42
35602,34
35603,34
35604,82
35605,34
35606,42
35607,37
35608,34
35609,34
35610,34
35611,48
35612,34
35613,34
35614,44
35615,48
35616,48
35617,75
35618,34
35619,75
35620,44
35621,170
35622,46
35623,75
35624,42
35625,37
35626,124
35627,48
35628,34
35629,203
35630,89
35631,34
35632,37
35633,29
35634,48
35635,48
35636,42
35637,170
35638,87
35639,173
35640,48
35641,168
35642,48
35643,89
35644,173
35645,167
35646,82
35647,173
35648,81
35649,48
35650,48
35651,72
35652,89
35653,37
35654,109
35655,48
35656,48
35657,48
35658,48
35659,34
35660,171
35661,207
35662,48
35663,89
35664,42
35665,37
35666,34
35667,81
35668,34
35669,42
35670,48
35671,42
35672,170
35673,34
35674,34
35675,48
35676,207
35677,42
35678,37
35679,34
35680,34
35681,71
35682,44
35683,71
35684,128
35685,34
35686,71
35687,71
35688,48
35689,42
35690,72
35691,76
35692,48
35693,34
35694,37
35695,48
35696,167
35697,34
35698,34
35699,34
35700,48
35701,34
35702,89
35703,71
35704,42
35705,34
35706,34
35707,34
35708,48
35709,167
35710,72
35711,63
35712,34
35713,34
35714,72
35715,72
35716,48
35717,44
35718,48
35719,48
35720,34
35721,34
35722,71
35723,48
35724,34
35725,75
35726,76
35727,81
35728,203
35729,44
35730,21
35731,71
35732,72
35733,72
35734,42
35735,34
35736,34
35737,34
35738,57
35739,75
35740,44
35741,173
35742,42
35743,34
35744,82
35745,37
35746,48
35747,103
35748,48
35749,48
35750,48
35751,34
35752,72
35753,34
35754,221
35755,48
35756,34
35757,34
35758,48
35759,48
35760,48
35761,48
35762,34
35763,221
35764,34
35765,75
35766,26
35767,42
35768,76
35769,42
35770,48
35771,48
35772,42
35773,34
35774,72
35775,34
35776,37
35777,44
35778,173
35779,44
35780,34
35781,48
35782,34
35783,109
35784,48
35785,48
35786,71
35787,34
35788,34
35789,173
35790,44
35791,34
35792,48
35793,42
35794,34
35795,34
35796,170
35797,26
35798,89
35799,71
35800,3
35801,34
35802,48
35803,48
35804,48
35805,34
35806,34
35807,75
35808,48
35809,75
35810,48
35811,48
35812,42
35813,34
35814,48
35815,48
35816,221
35817,34
35818,34
35819,34
35820,44
35821,42
35822,34
35823,44
35824,75
35825,34
35826,72
35827,42
35828,72
35829,217
35830,81
35831,18
35832,44
35833,48
35834,34
35835,44
35836,81
35837,34
35838,48
35839,48
35840,221
35841,42
35842,34
35843,71
35844,48
35845,71
35846,48
35847,75
35848,48
35849,103
35850,71
35851,72
35852,34
35853,34
35854,48
35855,48
35856,48
35857,221
35858,48
35859,48
35860,173
35861,34
35862,34
35863,152
35864,173
35865,34
35866,48
35867,34
35868,34
35869,72
35870,28
35871,44
35872,48
35873,48
35874,11
35875,34
35876,42
35877,44
35878,89
35879,34
35880,34
35881,48
35882,48
35883,48
35884,48
35885,89
35886,48
35887,48
35888,173
35889,34
35890,34
35891,34
35892,76
35893,48
35894,171
35895,81
35896,71
35897,34
35898,152
35899,42
35900,57
35901,48
35902,48
35903,44
35904,48
35905,34
35906,48
35907,75
35908,167
35909,48
35910,34
35911,34
35912,48
35913,34
35914,42
35915,48
35916,34
35917,42
35918,48
35919,221
35920,48
35921,34
35922,37
35923,75
35924,81
35925,71
35926,57
35927,221
35928,48
35929,34
35930,48
35931,42
35932,82
35933,48
35934,44
35935,34
35936,170
35937,76
35938,197
35939,159
35940,54
35941,72
35942,48
35943,26
35944,13
35945,71
35946,34
35947,44
35948,34
35949,75
35950,82
35951,48
35952,87
35953,170
35954,4
35955,42
35956,48
35957,72
35958,105
35959,42
35960,48
35961,34
35962,42
35963,34
35964,171
35965,221
35966,131
35967,29
35968,34
35969,82
35970,75
35971,76
35972,34
35973,48
35974,34
35975,34
35976,21
35977,173
35978,34
35979,34
35980,34
35981,34
35982,173
35983,146
35984,42
35985,42
35986,173
35987,34
35988,71
35989,42
35990,48
35991,42
35992,76
35993,34
35994,34
35995,42
35996,42
35997,48
35998,34
35999,48
36000,217
36001,72
36002,34
36003,159
36004,34
36005,81
36006,173
36007,221
36008,196
36009,34
36010,221
36011,221
36012,48
36013,48
36014,34
36015,166
36016,34
36017,34
36018,6
36019,167
36020,221
36021,56
36022,34
36023,34
36024,0
36025,75
36026,173
36027,34
36028,48
36029,44
36030,89
36031,81
36032,34
36033,14
36034,44
36035,48
36036,71
36037,48
36038,34
36039,96
36040,72
36041,34
36042,48
36043,48
36044,34
36045,34
36046,34
36047,42
36048,81
36049,34
36050,106
36051,44
36052,48
36053,81
36054,71
36055,42
36056,71
36057,48
36058,72
36059,173
36060,34
36061,34
36062,42
36063,34
36064,34
36065,58
36066,34
36067,71
36068,33
36069,44
36070,58
36071,48
36072,48
36073,42
36074,72
36075,170
36076,72
36077,81
36078,42
36079,48
36080,34
36081,44
36082,34
36083,34
36084,76
36085,34
36086,34
36087,48
36088,48
36089,18
36090,34
36091,27
36092,159
36093,34
36094,48
36095,48
36096,42
36097,48
36098,42
36099,173
36100,48
36101,167
36102,27
36103,81
36104,34
36105,34
36106,71
36107,106
36108,75
36109,72
36110,89
36111,48
36112,182
36113,173
36114,212
36115,106
36116,34
36117,42
36118,48
36119,37
36120,72
36121,34
36122,34
36123,42
36124,42
36125,34
36126,71
36127,221
36128,48
36129,42
36130,34
36131,48
36132,48
36133,81
36134,44
36135,131
36136,43
36137,199
36138,34
36139,81
36140,34
36141,48
36142,44
36143,207
36144,221
36145,71
36146,34
36147,71
36148,221
36149,48
36150,71
36151,34
36152,87
36153,213
36154,34
36155,34
36156,42
36157,42
36158,81
36159,71
36160,34
36161,48
36162,146
36163,48
36164,48
36165,48
36166,72
36167,48
36168,48
36169,34
36170,34
36171,34
36172,48
36173,44
36174,131
36175,34
36176,18
36177,48
36178,72
36179,34
36180,48
36181,44
36182,54
36183,81
36184,48
36185,34
36186,44
36187,48
36188,72
36189,34
36190,167
36191,44
36192,48
36193,34
36194,48
36195,34
36196,42
36197,42
36198,34
36199,34
36200,89
36201,82
36202,34
36203,48
36204,34
36205,34
36206,34
36207,76
36208,34
36209,42
36210,34
36211,34
36212,48
36213,48
36214,28
36215,34
36216,34
36217,37
36218,34
36219,48
36220,48
36221,42
36222,37
36223,34
36224,203
36225,34
36226,76
36227,34
36228,42
36229,170
36230,34
36231,48
36232,42
36233,48
36234,173
36235,34
36236,34
36237,34
36238,72
36239,48
36240,34
36241,44
36242,72
36243,48
36244,48
36245,48
36246,42
36247,34
36248,34
36249,42
36250,34
36251,34
36252,221
36253,173
36254,34
36255,34
36256,48
36257,42
36258,34
36259,34
36260,42
36261,34
36262,48
36263,48
36264,34
36265,48
36266,25
36267,34
36268,48
36269,42
36270,37
36271,34
36272,57
36273,48
36274,217
36275,42
36276,34
36277,48
36278,120
36279,170
36280,156
36281,34
36282,34
36283,44
36284,207
36285,75
36286,34
36287,72
36288,34
36289,42
36290,207
36291,48
36292,34
36293,173
36294,48
36295,76
36296,34
36297,71
36298,48
36299,167
36300,44
36301,109
36302,82
36303,219
36304,48
36305,3
36306,42
36307,72
36308,48
36309,48
36310,173
36311,48
36312,37
36313,42
36314,76
36315,207
36316,34
36317,37
36318,75
36319,34
36320,72
36321,71
36322,48
36323,42
36324,170
36325,34
36326,34
36327,72
36328,81
36329,89
36330,75
36331,34
36332,34
36333,44
36334,42
36335,48
36336,48
36337,81
36338,34
36339,207
36340,81
36341,34
36342,81
36343,34
36344,48
36345,48
36346,34
36347,81
36348,34
36349,48
36350,87
36351,173
36352,13
36353,42
36354,48
36355,48
36356,13
36357,34
36358,34
36359,200
36360,48
36361,48
36362,71
36363,34
36364,34
36365,34
36366,49
36367,170
36368,167
36369,48
36370,48
36371,207
36372,48
36373,48
36374,75
36375,42
36376,34
36377,42
36378,48
36379,48
36380,42
36381,34
36382,34
36383,34
36384,34
36385,173
36386,34
36387,34
36388,173
36389,82
36390,219
36391,44
36392,221
36393,76
36394,34
36395,167
36396,34
36397,34
36398,34
36399,34
36400,34
36401,42
36402,217
36403,34
36404,34
36405,34
36406,72
36407,34
36408,48
36409,37
36410,34
36411,105
36412,103
36413,42
36414,57
36415,42
36416,37
36417,27
36418,34
36419,36
36420,44
36421,71
36422,37
36423,34
36424,81
36425,71
36426,159
36427,48
36428,42
36429,44
36430,81
36431,103
36432,71
36433,87
36434,34
36435,71
36436,82
36437,208
36438,34
36439,13
36440,34
36441,75
36442,48
36443,34
36444,34
36445,106
36446,34
36447,48
36448,34
36449,48
36450,42
36451,34
36452,71
36453,34
36454,42
36455,71
36456,34
36457,48
36458,34
36459,46
36460,42
36461,48
36462,48
36463,48
36464,44
36465,34
36466,34
36467,72
36468,87
36469,71
36470,34
36471,42
36472,221
36473,34
36474,44
36475,82
36476,48
36477,204
36478,71
36479,34
36480,34
36481,48
36482,34
36483,34
36484,34
36485,48
36486,48
36487,173
36488,42
36489,75
36490,75
36491,48
36492,34
36493,48
36494,48
36495,34
36496,48
36497,48
36498,26
36499,214
36500,48
36501,42
36502,127
36503,48
36504,34
36505,42
36506,44
36507,103
36508,48
36509,48
36510,34
36511,34
36512,171
36513,34
36514,42
36515,72
36516,217
36517,81
36518,171
36519,44
36520,37
36521,48
36522,37
36523,34
36524,173
36525,89
36526,173
36527,42
36528,42
36529,173
36530,57
36531,81
36532,208
36533,34
36534,72
36535,42
36536,44
36537,171
36538,48
36539,34
36540,48
36541,34
36542,37
36543,48
36544,207
36545,34
36546,34
36547,34
36548,44
36549,48
36550,37
36551,34
36552,81
36553,44
36554,221
36555,37
36556,42
36557,71
36558,81
36559,48
36560,34
36561,34
36562,34
36563,82
36564,34
36565,48
36566,173
36567,48
36568,48
36569,34
36570,34
36571,48
36572,71
36573,46
36574,48
36575,42
36576,48
36577,34
36578,48
36579,217
36580,71
36581,34
36582,34
36583,72
36584,48
36585,71
36586,34
36587,34
36588,34
36589,71
36590,75
36591,34
36592,173
36593,34
36594,44
36595,72
36596,173
36597,48
36598,48
36599,173
36600,48
36601,34
36602,48
36603,34
36604,34
36605,48
36606,210
36607,103
36608,42
36609,34
36610,34
36611,48
36612,42
36613,48
36614,221
36615,34
36616,48
36617,34
36618,34
36619,48
36620,34
36621,37
36622,48
36623,81
36624,72
36625,48
36626,205
36627,71
36628,48
36629,170
36630,48
36631,42
36632,87
36633,34
36634,34
36635,48
36636,75
36637,216
36638,75
36639,221
36640,207
36641,34
36642,42
36643,173
36644,34
36645,48
36646,48
36647,42
36648,171
36649,34
36650,34
36651,27
36652,82
36653,167
36654,37
36655,42
36656,76
36657,170
36658,71
36659,48
36660,4
36661,34
36662,171
36663,48
36664,72
36665,34
36666,37
36667,42
36668,44
36669,34
36670,87
36671,170
36672,171
36673,173
36674,72
36675,48
36676,34
36677,44
36678,170
36679,48
36680,34
36681,48
36682,48
36683,81
36684,48
36685,34
36686,34
36687,87
36688,42
36689,44
36690,71
36691,42
36692,44
36693,171
36694,48
36695,2
36696,71
36697,48
36698,34
36699,34
36700,72
36701,48
36702,34
36703,122
36704,34
36705,42
36706,48
36707,42
36708,71
36709,34
36710,48
36711,13
36712,34
36713,72
36714,48
36715,207
36716,48
36717,82
36718,4
36719,81
36720,71
36721,22
36722,48
36723,44
36724,34
36725,42
36726,71
36727,13
36728,34
36729,34
36730,71
36731,72
36732,44
36733,71
36734,57
36735,42
36736,34
36737,7
36738,42
36739,44
36740,44
36741,34
36742,34
36743,42
36744,48
36745,34
36746,48
36747,34
36748,34
36749,48
36750,34
36751,219
36752,37
36753,42
36754,48
36755,34
36756,48
36757,48
36758,34
36759,34
36760,34
36761,34
36762,81
36763,48
36764,34
36765,34
36766,167
36767,29
36768,159
36769,44
36770,34
36771,48
36772,34
36773,34
36774,34
36775,34
36776,34
36777,81
36778,34
36779,48
36780,173
36781,34
36782,48
36783,71
36784,34
36785,42
36786,37
36787,34
36788,34
36789,217
36790,26
36791,72
36792,48
36793,34
36794,44
36795,44
36796,34
36797,48
36798,34
36799,167
36800,217
36801,170
36802,4
36803,173
36804,48
36805,109
36806,160
36807,28
36808,34
36809,34
36810,75
36811,48
36812,34
36813,48
36814,71
36815,82
36816,48
36817,42
36818,34
36819,173
36820,48
36821,82
36822,207
36823,71
36824,222
36825,34
36826,34
36827,207
36828,48
36829,34
36830,7
36831,48
36832,207
36833,48
36834,34
36835,173
36836,42
36837,34
36838,42
36839,48
36840,173
36841,173
36842,42
36843,34
36844,109
36845,71
36846,42
36847,71
36848,221
36849,34
36850,72
36851,34
36852,37
36853,72
36854,221
36855,167
36856,82
36857,34
36858,221
36859,34
36860,34
36861,34
36862,42
36863,34
36864,76
36865,54
36866,76
36867,71
36868,34
36869,27
36870,44
36871,37
36872,34
36873,48
36874,76
36875,173
36876,48
36877,173
36878,173
36879,48
36880,48
36881,164
36882,81
36883,34
36884,34
36885,48
36886,34
36887,72
36888,173
36889,34
36890,48
36891,44
36892,82
36893,34
36894,34
36895,34
36896,48
36897,48
36898,72
36899,34
36900,221
36901,173
36902,34
36903,167
36904,170
36905,34
36906,207
36907,75
36908,34
36909,221
36910,48
36911,48
36912,34
36913,48
36914,48
36915,34
36916,212
36917,81
36918,173
36919,42
36920,34
36921,34
36922,48
36923,42
36924,34
36925,34
36926,48
36927,76
36928,34
36929,34
36930,170
36931,34
36932,34
36933,48
36934,34
36935,207
36936,34
36937,42
36938,26
36939,34
36940,34
36941,71
36942,34
36943,34
36944,42
36945,42
36946,48
36947,37
36948,37
36949,29
36950,37
36951,34
36952,76
36953,34
36954,122
36955,48
36956,42
36957,171
36958,48
36959,48
36960,48
36961,173
36962,37
36963,48
36964,72
36965,48
36966,221
36967,34
36968,217
36969,48
36970,34
36971,34
36972,13
36973,34
36974,42
36975,34
36976,37
36977,34
36978,48
36979,48
36980,34
36981,72
36982,48
36983,34
36984,42
36985,34
36986,29
36987,207
36988,34
36989,34
36990,34
36991,34
36992,48
36993,48
36994,48
36995,167
36996,34
36997,34
36998,34
36999,76
37000,42
37001,34
37002,81
37003,173
37004,48
37005,204
37006,34
37007,18
37008,34
37009,159
37010,167
37011,120
37012,34
37013,48
37014,34
37015,34
37016,34
37017,207
37018,48
37019,34
37020,173
37021,48
37022,221
37023,48
37024,34
37025,103
37026,34
37027,13
37028,34
37029,48
37030,34
37031,48
37032,48
37033,34
37034,34
37035,71
37036,48
37037,48
37038,42
37039,37
37040,42
37041,37
37042,48
37043,75
37044,72
37045,159
37046,34
37047,34
37048,34
37049,34
37050,207
37051,34
37052,34
37053,48
37054,34
37055,72
37056,48
37057,89
37058,213
37059,34
37060,48
37061,71
37062,34
37063,75
37064,76
37065,221
37066,4
37067,34
37068,34
37069,212
37070,76
37071,44
37072,170
37073,167
37074,34
37075,34
37076,170
37077,48
37078,48
37079,34
37080,48
37081,34
37082,48
37083,72
37084,34
37085,34
37086,72
37087,42
37088,48
37089,37
37090,34
37091,37
37092,34
37093,221
37094,37
37095,34
37096,42
37097,34
37098,75
37099,72
37100,170
37101,173
37102,34
37103,34
37104,48
37105,34
37106,34
37107,48
37108,34
37109,76
37110,42
37111,48
37112,34
37113,48
37114,34
37115,48
37116,89
37117,5
37118,48
37119,217
37120,34
37121,34
37122,34
37123,42
37124,48
37125,44
37126,170
37127,34
37128,71
37129,48
37130,34
37131,34
37132,34
37133,89
37134,76
37135,34
